Workbook

Sheet Reported Games
A1: Pro Games | E1: Legacy Games | I1: Ammy Games
A2: =IFERROR(__xludf.DUMMYFUNCTION("IMPORTRANGE(""https://docs.google.com/spreadsheets/d/1JR5LFsvurVDJDan0J41sUvpdEmU_bCrBTQdyvT_QPkc/edit"",""Schedule!M14:O200"")"),"#REF!") -> #REF! | E2: =IFERROR(__xludf.DUMMYFUNCTION("IMPORTRANGE(""https://docs.google.com/spreadsheets/d/1RRoDr9bmj5g2RByTBFQDzH3H-fsFm1u_RSEw_NV2MDE/edit"",""Schedule!M14:O200"")"),"#REF!") -> #REF! | I2: =IFERROR(__xludf.DUMMYFUNCTION("IMPORTRANGE(""https://docs.google.com/spreadsheets/d/1srKzhMz0keQSWpKGQR5P3281KrGCBzL0tLp_FHRez9k/edit"",""Schedule!M14:O200"")"),"#REF!") -> #REF!

Sheet League Table
E1: Fantasy League Table | J1: Form
A2: Pos | B2: Team | C2: Manager | D2: Won | E2: Tie | F2: Loss | G2: Fantasy Points | H2: Win % | J2: Fortnight 1 | Q2: Fortnight 2 | X2: Fortnight 3 | AD2: Fortnight 4
A3: 1st | B3: Reyley FC | C3: Reyas | D3: =0 -> 0 | E3: =0 -> 0 | F3: =0 -> 0 | G3: ='W1 Team Points'!F16+'W2 Team Points'!F16+'W3 Team Points'!F16+'W4 Team Points'!F16 -> 0 | H3: =D3/(D3+E3+F3) -> #DIV/0!
A4: 2nd | B4: Tormenting Teutons | C4: Xknight25R9270 | D4: =0 -> 0 | E4: =0 -> 0 | F4: =0 -> 0 | G4: ='W1 Team Points'!M16+'W2 Team Points'!M16+'W3 Team Points'!M16+'W4 Team Points'!M16 -> 0 | H4: =D4/(D4+E4+F4) -> #DIV/0!
A5: 3rd | B5: Gingy | C5: ixGingy | D5: =0 -> 0 | E5: =0 -> 0 | F5: =0 -> 0 | G5: ='W1 Team Points'!T16+'W2 Team Points'!T16+'W3 Team Points'!T16+'W4 Team Points'!T16 -> 234 | H5: =D5/(D5+E5+F5) -> #DIV/0!
A6: 4th | B6: Sab | C6: Sabasauros Rex | D6: =0 -> 0 | E6: =0 -> 0 | F6: =0 -> 0 | G6: ='W1 Team Points'!F32+'W2 Team Points'!F32+'W3 Team Points'!F32+'W4 Team Points'!F32 -> 271 | H6: =D6/(D6+E6+F6) -> #DIV/0!
A7: 5th | B7: Ammyships | C7: The Texorcist | D7: =0 -> 0 | E7: =0 -> 0 | F7: =0 -> 0 | G7: ='W1 Team Points'!M32+'W2 Team Points'!M32+'W3 Team Points'!M32+'W4 Team Points'!M32 -> 215 | H7: =D7/(D7+E7+F7) -> #DIV/0!
A8: 6th | B8: Sonic | C8: SonicNachos | D8: =0 -> 0 | E8: =0 -> 0 | F8: =0 -> 0 | G8: ='W1 Team Points'!T32+'W2 Team Points'!T32+'W3 Team Points'!T32+'W4 Team Points'!T32 -> 0 | H8: =D8/(D8+E8+F8) -> #DIV/0!
A9: 7th | B9: Sader's Tots | C9: Ming Crusader | D9: =0 -> 0 | E9: =0 -> 0 | F9: =0 -> 0 | G9: ='W1 Team Points'!F48+'W2 Team Points'!F48+'W3 Team Points'!F48+'W4 Team Points'!F48 -> 0 | H9: =D9/(D9+E9+F9) -> #DIV/0!
A10: 8th | B10: KDSkill | C10: KDSkill | D10: =0 -> 0 | E10: =0 -> 0 | F10: =0 -> 0 | G10: ='W1 Team Points'!M48+'W2 Team Points'!M48+'W3 Team Points'!M48+'W4 Team Points'!M48 -> 215 | H10: =D10/(D10+E10+F10) -> #DIV/0!
A11: 9th | B11: The Black List 2.0 | C11: ActiveHate | D11: =0 -> 0 | E11: =0 -> 0 | F11: =0 -> 0 | G11: ='W1 Team Points'!T48+'W2 Team Points'!T48+'W3 Team Points'!T48+'W4 Team Points'!T48 -> 146 | H11: =D11/(D11+E11+F11) -> #DIV/0!
A12: 10th | B12: Repeat Performance | C12: Silva* | D12: =0 -> 0 | E12: =0 -> 0 | F12: =0 -> 0 | G12: ='W1 Team Points'!F64+'W2 Team Points'!F64+'W3 Team Points'!F64+'W4 Team Points'!F64 -> 215 | H12: =D12/(D12+E12+F12) -> #DIV/0!
A13: 11th | B13: Clutch Coffee | C13: AJ DaJuiceMayne | D13: =0 -> 0 | E13: =0 -> 0 | F13: =0 -> 0 | G13: ='W1 Team Points'!M64+'W2 Team Points'!M64+'W3 Team Points'!M64+'W4 Team Points'!M64 -> 264 | H13: =D13/(D13+E13+F13) -> #DIV/0!
A14: 12th | B14: Filler | C14: - | D14: =0 -> 0 | E14: =0 -> 0 | F14: =0 -> 0 | G14: ='W1 Team Points'!T64+'W2 Team Points'!T64+'W3 Team Points'!T64+'W4 Team Points'!T64 -> 0 | H14: =D14/(D14+E14+F14) -> #DIV/0!

Sheet Fixtures & Results
A1: AGLA SL18 Fixtures & Results | K1: Played Games
A2: Fortnight 1 | K2: Result | L2: Links
A3: Team 1: | B3: Score: | C3: Score: | D3: Team 2: | F3: Team 1: | G3: Score: | H3: Score: | I3: Team 2: | K3: Notorious 2-1 Ghosts Of Grif | L3: =HYPERLINK("https://www.halowaypoint.com/en-us/games/halo-5-guardians/xbox-one/mode/custom/matches/5668bce5-70fe-4523-b93b-dfd5250ee8f3/players/saintz%20the%20god?gameHistoryMatchIndex=55&gameHistoryGameModeFilter=All","5-4") -> 5-4 | M3: =HYPERLINK("https://www.halowaypoint.com/en-us/games/halo-5-guardians/xbox-one/mode/custom/matches/558f96c9-145b-48ff-ac42-614587e1412d/players/saintz%20the%20god?gameHistoryMatchIndex=54&gameHistoryGameModeFilter=All","2-5") -> 2-5 | N3: =HYPERLINK("https://www.halowaypoint.com/en-us/games/halo-5-guardians/xbox-one/mode/custom/matches/2e8056b4-7159-4b0c-87b8-39e579323439/players/saintz%20the%20god?gameHistoryMatchIndex=53&gameHistoryGameModeFilter=All","5-2") -> 5-2
A4: The Black List 2.0 | B4: ='W1 Team Points'!T48 -> 146 | C4: ='W1 Team Points'!M64 -> 264 | D4: Clutch Coffee | F4: Repeat Performance | G4: ='W1 Team Points'!F64 -> 215 | H4: ='W1 Team Points'!T48 -> 146 | I4: The Black List 2.0 | K4: Grammaton Clerics 2-1 Elevate | L4: =HYPERLINK("https://www.halowaypoint.com/en-us/games/halo-5-guardians/xbox-one/mode/custom/matches/c923b91c-083a-4a77-b58d-7857e3cec20e/players/rage%20more%20nerd?gameHistoryMatchIndex=26&gameHistoryGameModeFilter=Custom","4-5") -> 4-5 | M4: =HYPERLINK("https://www.halowaypoint.com/en-us/games/halo-5-guardians/xbox-one/mode/custom/matches/dee8ad31-0be9-45c5-8725-64fd2c889e79/players/rage%20more%20nerd?gameHistoryMatchIndex=25&gameHistoryGameModeFilter=Custom","5-1") -> 5-1 | N4: =HYPERLINK("https://www.halowaypoint.com/en-us/games/halo-5-guardians/xbox-one/mode/custom/matches/7e333166-6350-4ad5-915e-83a26fdd67fa/players/rage%20more%20nerd?gameHistoryMatchIndex=24&gameHistoryGameModeFilter=Custom","5-0") -> 5-0
A5: KDSkill | B5: ='W1 Team Points'!M48 -> 215 | C5: ='W1 Team Points'!T16 -> 234 | D5: Gingy | F5: Sader's Tots | G5: ='W1 Team Points'!F48 -> 0 | H5: ='W1 Team Points'!F16 -> 0 | I5: Reyley FC | K5: Xbox Record That 2-0 Ghosts Of Grif | L5: FF | M5: =HYPERLINK("https://www.halowaypoint.com/en-us/games/halo-5-guardians/xbox-one/mode/custom/matches/34a16586-6f31-4e0c-9678-f97b522c729f/players/poisonxpoptart?gameHistoryMatchIndex=44&gameHistoryGameModeFilter=Custom","5-1") -> 5-1
A6: Sab | B6: ='W1 Team Points'!F32 -> 271 | C6: ='W1 Team Points'!F16 -> 0 | D6: Reyley FC | F6: Ammyships | G6: ='W1 Team Points'!M32 -> 215 | H6: ='W1 Team Points'!T16 -> 234 | I6: Gingy | K6: Notorious 2-1 Elevate | L6: =HYPERLINK("https://www.halowaypoint.com/en-us/games/halo-5-guardians/xbox-one/mode/custom/matches/4a8a20b2-f873-42e2-921d-59b724828f0d/players/rage%20more%20nerd?gameHistoryMatchIndex=10&gameHistoryGameModeFilter=Custom","5-4") -> 5-4 | M6: =HYPERLINK("https://www.halowaypoint.com/en-us/games/halo-5-guardians/xbox-one/mode/custom/matches/45a80853-64e3-43cb-93eb-5b6f9fb1ce48/players/rage%20more%20nerd?gameHistoryMatchIndex=9&gameHistoryGameModeFilter=Custom","0-5") -> 0-5 | N6: =HYPERLINK("https://www.halowaypoint.com/en-us/games/halo-5-guardians/xbox-one/mode/custom/matches/59c13e12-7554-4e2b-9ad6-8c0a0165c2d0/players/rage%20more%20nerd?gameHistoryMatchIndex=8&gameHistoryGameModeFilter=Custom","3-5") -> 3-5
A7: Filler | B7: ='W1 Team Points'!T64 -> 0 | C7: ='W1 Team Points'!F64 -> 215 | D7: Repeat Performance | F7: Sonic | G7: ='W1 Team Points'!T32 -> 0 | H7: ='W1 Team Points'!M64 -> 264 | I7: Clutch Coffee | K7: One Hit Wonders 2-0 Elevate | L7: =HYPERLINK("https://www.halowaypoint.com/en-us/games/halo-5-guardians/xbox-one/mode/custom/matches/2bd8ba12-6de7-48fb-8fe1-bc06bd1c7492/players/rage%20more%20nerd?gameHistoryMatchIndex=7&gameHistoryGameModeFilter=Custom","5-1") -> 5-1 | M7: =HYPERLINK("https://www.halowaypoint.com/en-us/games/halo-5-guardians/xbox-one/mode/custom/matches/9e5be57c-868e-4970-ade6-e0f72edabc4d/players/rage%20more%20nerd?gameHistoryMatchIndex=6&gameHistoryGameModeFilter=Custom","5-2") -> 5-2
A8: Tormenting Teutons | B8: ='W1 Team Points'!M16 -> 0 | C8: ='W1 Team Points'!F48 -> 0 | D8: Sader's Tots | F8: Tormenting Teutons | G8: ='W1 Team Points'!M16 -> 0 | H8: ='W1 Team Points'!M48 -> 215 | I8: KDSkill | K8: Xbox Record That 2-1 Ghosts Of Grif | L8: =HYPERLINK("https://www.halowaypoint.com/en-us/games/halo-5-guardians/xbox-one/mode/custom/matches/818001f0-4d59-4143-91ad-d41de7b22cb5/players/poisonxpoptart?gameHistoryMatchIndex=28&gameHistoryGameModeFilter=Custom","5-2") -> 5-2 | M8: =HYPERLINK("https://www.halowaypoint.com/en-us/games/halo-5-guardians/xbox-one/mode/custom/matches/073c2b54-65ef-47c2-97f9-f203819475da/players/poisonxpoptart?gameHistoryMatchIndex=26&gameHistoryGameModeFilter=Custom","5-1") -> 5-1 | N8: =HYPERLINK("https://www.halowaypoint.com/en-us/games/halo-5-guardians/xbox-one/mode/custom/matches/ed8042a8-f4ee-4858-9a2c-96a56c7566a3/players/poisonxpoptart?gameHistoryMatchIndex=27&gameHistoryGameModeFilter=Custom","5-1") -> 5-1
A9: Sonic | B9: ='W1 Team Points'!T32 -> 0 | C9: ='W1 Team Points'!M32 -> 215 | D9: Ammyships | F9: Filler | G9: ='W1 Team Points'!T64 -> 0 | H9: ='W1 Team Points'!F32 -> 271 | I9: Sab | K9: Grammaton Clerics 2-0 Ghosts Of Grif | L9: =HYPERLINK("https://www.halowaypoint.com/en-us/games/halo-5-guardians/xbox-one/mode/custom/matches/4908a990-98ad-461f-8c13-5e93cb83fa72/players/king%20rickxl?gameHistoryMatchIndex=12&gameHistoryGameModeFilter=Custom","5-1") -> 5-1 | M9: =HYPERLINK("https://www.halowaypoint.com/en-us/games/halo-5-guardians/xbox-one/mode/custom/matches/92a15ea8-9d82-4ea0-aed8-c6278ad421b6/players/king%20rickxl?gameHistoryMatchIndex=13&gameHistoryGameModeFilter=Custom","5-1") -> 5-1
A10: Gingy | B10: ='W1 Team Points'!T16 -> 234 | C10: ='W1 Team Points'!T48 -> 146 | D10: The Black List 2.0 | F10: The Black List 2.0 | G10: ='W1 Team Points'!T48 -> 146 | H10: ='W1 Team Points'!F48 -> 0 | I10: Sader's Tots | K10: Grammaton Clerics 2-1 Ghosts Of Grif | L10: =HYPERLINK("https://www.halowaypoint.com/en-us/games/halo-5-guardians/xbox-one/mode/custom/matches/d2068f50-b643-48d5-9d24-e38528a44a6e/players/king%20rickxl?gameHistoryMatchIndex=11&gameHistoryGameModeFilter=Custom","4-5") -> 4-5 | M10: =HYPERLINK("https://www.halowaypoint.com/en-us/games/halo-5-guardians/xbox-one/mode/custom/matches/364da6eb-00e8-4eb3-9c4c-056bcafcdba1/players/king%20rickxl?gameHistoryMatchIndex=9&gameHistoryGameModeFilter=Custom","5-0") -> 5-0 | N10: =HYPERLINK("https://www.halowaypoint.com/en-us/games/halo-5-guardians/xbox-one/mode/custom/matches/3c23759d-d32b-4f70-9689-c83bffec843c/players/king%20rickxl?gameHistoryMatchIndex=10&gameHistoryGameModeFilter=Custom","5-2") -> 5-2
A11: Reyley FC | B11: ='W1 Team Points'!F16 -> 0 | C11: ='W1 Team Points'!M64 -> 264 | D11: Clutch Coffee | F11: Repeat Performance | G11: ='W1 Team Points'!F64 -> 215 | H11: ='W1 Team Points'!M32 -> 215 | I11: Ammyships | K11: Grammaton Clerics 2-0 One Hit Wonders | L11: =HYPERLINK("https://www.halowaypoint.com/en-us/games/halo-5-guardians/xbox-one/mode/custom/matches/5089ca3c-dd77-46fc-9478-83795eef677f/players/infiniterainge?gameHistoryMatchIndex=4&gameHistoryGameModeFilter=Custom","5-0") -> 5-0 | M11: =HYPERLINK("https://www.halowaypoint.com/en-us/games/halo-5-guardians/xbox-one/mode/custom/matches/0aaf6f37-5a64-40ba-9767-eec5c49a2802/players/infiniterainge?gameHistoryMatchIndex=5&gameHistoryGameModeFilter=Custom","5-3") -> 5-3
A12: Repeat Performance | B12: ='W1 Team Points'!F64 -> 215 | C12: ='W1 Team Points'!M48 -> 215 | D12: KDSkill | F12: Reyley FC | G12: ='W1 Team Points'!F16 -> 0 | H12: ='W1 Team Points'!T32 -> 0 | I12: Sonic
A13: Sader's Tots | B13: ='W1 Team Points'!F48 -> 0 | C13: ='W1 Team Points'!F32 -> 271 | D13: Sab | F13: Gingy | G13: ='W1 Team Points'!T16 -> 234 | H13: ='W1 Team Points'!M16 -> 0 | I13: Tormenting Teutons
A14: Ammyships | B14: ='W1 Team Points'!M32 -> 215 | C14: ='W1 Team Points'!T64 -> 0 | D14: Filler | F14: Clutch Coffee | G14: ='W1 Team Points'!M64 -> 264 | H14: ='W1 Team Points'!T64 -> 0 | I14: Filler
A15: Sonic | B15: ='W1 Team Points'!T32 -> 0 | C15: ='W1 Team Points'!M16 -> 0 | D15: Tormenting Teutons | F15: KDSkill | G15: ='W1 Team Points'!M48 -> 215 | H15: ='W1 Team Points'!F32 -> 271 | I15: Sab
A16: The Black List 2.0 | B16: ='W1 Team Points'!T48 -> 146 | C16: ='W1 Team Points'!F16 -> 0 | D16: Reyley FC | F16: Ammyships | G16: ='W1 Team Points'!M32 -> 215 | H16: ='W1 Team Points'!T48 -> 146 | I16: The Black List 2.0
A17: Gingy | B17: ='W1 Team Points'!T16 -> 234 | C17: ='W1 Team Points'!F64 -> 215 | D17: Repeat Performance | F17: Sonic | G17: ='W1 Team Points'!T32 -> 0 | H17: ='W1 Team Points'!F48 -> 0 | I17: Sader's Tots
A18: Clutch Coffee | B18: ='W1 Team Points'!M64 -> 264 | C18: ='W1 Team Points'!F48 -> 0 | D18: Sader's Tots | F18: Tormenting Teutons | G18: ='W1 Team Points'!M16 -> 0 | H18: ='W1 Team Points'!F64 -> 215 | I18: Repeat Performance
A19: KDSkill | B19: ='W1 Team Points'!M48 -> 215 | C19: ='W1 Team Points'!M32 -> 215 | D19: Ammyships | F19: Filler | G19: ='W1 Team Points'!T64 -> 0 | H19: ='W1 Team Points'!F16 -> 0 | I19: Reyley FC
A20: Sab | B20: ='W1 Team Points'!F32 -> 271 | C20: ='W1 Team Points'!T32 -> 0 | D20: Sonic | F20: Sab | G20: ='W1 Team Points'!F32 -> 271 | H20: ='W1 Team Points'!T16 -> 234 | I20: Gingy
A21: Filler | B21: ='W1 Team Points'!T64 -> 0 | C21: ='W1 Team Points'!M16 -> 0 | D21: Tormenting Teutons | F21: KDSkill | G21: ='W1 Team Points'!M48 -> 215 | H21: ='W1 Team Points'!M64 -> 264 | I21: Clutch Coffee
A23: Fortnight 2 | K23: Result | L23: Links
A24: Team 1: | B24: Score: | C24: Score: | D24: Team 2: | F24: Team 1: | G24: Score: | H24: Score: | I24: Team 2: | K24: Elevate 2-0 Ghosts Of Grif | L24: =HYPERLINK("https://www.halowaypoint.com/en-us/games/halo-5-guardians/xbox-one/mode/custom/matches/48f5abcf-d0a5-4599-a68b-24458ba64d34/players/rage%20more%20nerd?gameHistoryMatchIndex=3&gameHistoryGameModeFilter=All","5-1") -> 5-1 | M24: =HYPERLINK("https://www.halowaypoint.com/en-us/games/halo-5-guardians/xbox-one/mode/custom/matches/89b8affe-2b27-412a-a726-44e7855c02dc/players/rage%20more%20nerd?gameHistoryMatchIndex=2&gameHistoryGameModeFilter=All","5-3") -> 5-3
A25: The Black List 2.0 | B25: ='W2 Team Points'!T48 -> 0 | C25: ='W2 Team Points'!T32 -> 0 | D25: Sonic | F25: Sab | G25: ='W2 Team Points'!F32 -> 0 | H25: ='W2 Team Points'!T48 -> 0 | I25: The Black List 2.0 | K25: Elevate 2-0 Ghosts Of Grif | L25: =HYPERLINK("https://www.halowaypoint.com/en-us/games/halo-5-guardians/xbox-one/mode/custom/matches/5d24faa0-6ec1-44a9-80b4-7d28e7a1a8b2/players/rage%20more%20nerd?gameHistoryMatchIndex=1&gameHistoryGameModeFilter=All","5-2") -> 5-2 | M25: =HYPERLINK("https://www.halowaypoint.com/en-us/games/halo-5-guardians/xbox-one/mode/custom/matches/8472c7d6-ffc4-468f-9b43-0c231e50dcb0/players/rage%20more%20nerd?gameHistoryMatchIndex=0&gameHistoryGameModeFilter=All","5-3") -> 5-3
A26: Ammyships | B26: ='W2 Team Points'!M32 -> 0 | C26: ='W2 Team Points'!M16 -> 0 | D26: Tormenting Teutons | F26: KDSkill | G26: ='W2 Team Points'!M48 -> 0 | H26: ='W2 Team Points'!T64 -> 0 | I26: Filler | K26: One Hit Wonders 2-0 Ghosts Of Grif | L26: =HYPERLINK("https://www.halowaypoint.com/en-us/games/halo-5-guardians/xbox-one/mode/custom/matches/1a298f78-f293-4e8d-a49a-b85facdc7133/players/ohw%20crusader?gameHistoryMatchIndex=1&gameHistoryGameModeFilter=All","5-0") -> 5-0 | M26: =HYPERLINK("https://www.halowaypoint.com/en-us/games/halo-5-guardians/xbox-one/mode/custom/matches/240fe1c7-81f0-4d16-a965-bc07dc6da6d9/players/ohw%20crusader?gameHistoryMatchIndex=0&gameHistoryGameModeFilter=All","5-1") -> 5-1
A27: Sader's Tots | B27: ='W2 Team Points'!F48 -> 0 | C27: ='W2 Team Points'!T64 -> 0 | D27: Filler | F27: Clutch Coffee | G27: ='W2 Team Points'!M64 -> 0 | H27: ='W2 Team Points'!M16 -> 0 | I27: Tormenting Teutons | K27: Grammaton Clerics 1-0 Elevate | L27: =HYPERLINK("https://www.halowaypoint.com/en-us/games/halo-5-guardians/xbox-one/mode/custom/matches/132b74b7-6e02-4064-bd92-e55e2faec6be/players/rage%20more%20nerd?gameHistoryMatchIndex=4&gameHistoryGameModeFilter=All","5-3") -> 5-3
A28: Repeat Performance | B28: ='W2 Team Points'!F64 -> 0 | C28: ='W2 Team Points'!F32 -> 0 | D28: Sab | F28: Gingy | G28: ='W2 Team Points'!T16 -> 0 | H28: ='W2 Team Points'!T32 -> 0 | I28: Sonic
A29: Reyley FC | B29: ='W2 Team Points'!F16 -> 0 | C29: ='W2 Team Points'!M48 -> 0 | D29: KDSkill | F29: Reyley FC | G29: ='W2 Team Points'!F16 -> 0 | H29: ='W2 Team Points'!M32 -> 0 | I29: Ammyships
A30: Gingy | B30: ='W2 Team Points'!T16 -> 0 | C30: ='W2 Team Points'!M64 -> 0 | D30: Clutch Coffee | F30: Repeat Performance | G30: ='W2 Team Points'!F64 -> 0 | H30: ='W2 Team Points'!F48 -> 0 | I30: Sader's Tots
A31: Tormenting Teutons | B31: ='W2 Team Points'!M16 -> 0 | C31: ='W2 Team Points'!T48 -> 0 | D31: The Black List 2.0 | F31: The Black List 2.0 | G31: ='W2 Team Points'!T48 -> 0 | H31: ='W2 Team Points'!M48 -> 0 | I31: KDSkill
A32: Filler | B32: ='W2 Team Points'!T64 -> 0 | C32: ='W2 Team Points'!T32 -> 0 | D32: Sonic | F32: Sab | G32: ='W2 Team Points'!F32 -> 0 | H32: ='W2 Team Points'!M64 -> 0 | I32: Clutch Coffee
A33: Sab | B33: ='W2 Team Points'!F32 -> 0 | C33: ='W2 Team Points'!M32 -> 0 | D33: Ammyships | F33: Filler | G33: ='W2 Team Points'!T64 -> 0 | H33: ='W2 Team Points'!T16 -> 0 | I33: Gingy
A34: KDSkill | B34: ='W2 Team Points'!M48 -> 0 | C34: ='W2 Team Points'!F48 -> 0 | D34: Sader's Tots | F34: Tormenting Teutons | G34: ='W2 Team Points'!M16 -> 0 | H34: ='W2 Team Points'!F16 -> 0 | I34: Reyley FC
A35: Clutch Coffee | B35: ='W2 Team Points'!M64 -> 0 | C35: ='W2 Team Points'!F64 -> 0 | D35: Repeat Performance | F35: Sonic | G35: ='W2 Team Points'!T32 -> 0 | H35: ='W2 Team Points'!F64 -> 0 | I35: Repeat Performance
A36: Gingy | B36: ='W2 Team Points'!T16 -> 0 | C36: ='W2 Team Points'!F16 -> 0 | D36: Reyley FC | F36: Ammyships | G36: ='W2 Team Points'!M32 -> 0 | H36: ='W2 Team Points'!F48 -> 0 | I36: Sader's Tots
A37: The Black List 2.0 | B37: ='W2 Team Points'!T48 -> 0 | C37: ='W2 Team Points'!T64 -> 0 | D37: Filler | F37: Clutch Coffee | G37: ='W2 Team Points'!M64 -> 0 | H37: ='W2 Team Points'!T48 -> 0 | I37: The Black List 2.0
A38: Tormenting Teutons | B38: ='W2 Team Points'!M16 -> 0 | C38: ='W2 Team Points'!F32 -> 0 | D38: Sab | F38: Gingy | G38: ='W2 Team Points'!T16 -> 0 | H38: ='W2 Team Points'!M48 -> 0 | I38: KDSkill
A39: Sonic | B39: ='W2 Team Points'!T32 -> 0 | C39: ='W2 Team Points'!M48 -> 0 | D39: KDSkill | F39: Reyley FC | G39: ='W2 Team Points'!F16 -> 0 | H39: ='W2 Team Points'!F32 -> 0 | I39: Sab
A40: Ammyships | B40: ='W2 Team Points'!M32 -> 0 | C40: ='W2 Team Points'!M64 -> 0 | D40: Clutch Coffee | F40: Repeat Performance | G40: ='W2 Team Points'!F64 -> 0 | H40: ='W2 Team Points'!T64 -> 0 | I40: Filler
A41: Sader's Tots | B41: ='W2 Team Points'!F48 -> 0 | C41: ='W2 Team Points'!T16 -> 0 | D41: Gingy | F41: Sader's Tots | G41: ='W2 Team Points'!F48 -> 0 | H41: ='W2 Team Points'!M16 -> 0 | I41: Tormenting Teutons
A42: Repeat Performance | B42: ='W2 Team Points'!F64 -> 0 | C42: ='W2 Team Points'!F16 -> 0 | D42: Reyley FC | F42: Ammyships | G42: ='W2 Team Points'!M32 -> 0 | H42: ='W2 Team Points'!T32 -> 0 | I42: Sonic
A44: Fortnight 3 | K44: Result | L44: Links
A45: Team 1: | B45: Score: | C45: Score: | D45: Team 2: | F45: Team 1: | G45: Score: | H45: Score: | I45: Team 2:
A46: The Black List 2.0 | B46: ='W3 Team Points'!T48 -> 0 | C46: ='W3 Team Points'!T16 -> 0 | D46: Gingy | F46: The Black List 2.0 | G46: ='W3 Team Points'!T48 -> 0 | H46: ='W3 Team Points'!F64 -> 0 | I46: Repeat Performance
A47: Clutch Coffee | B47: ='W3 Team Points'!M64 -> 0 | C47: ='W3 Team Points'!F16 -> 0 | D47: Reyley FC | F47: Reyley FC | G47: ='W3 Team Points'!F16 -> 0 | H47: ='W3 Team Points'!F48 -> 0 | I47: Sader's Tots
A48: KDSkill | B48: ='W3 Team Points'!M48 -> 0 | C48: ='W3 Team Points'!F64 -> 0 | D48: Repeat Performance | F48: Gingy | G48: ='W3 Team Points'!T16 -> 0 | H48: ='W3 Team Points'!M32 -> 0 | I48: Ammyships
A49: Sab | B49: ='W3 Team Points'!F32 -> 0 | C49: ='W3 Team Points'!F48 -> 0 | D49: Sader's Tots | F49: Clutch Coffee | G49: ='W3 Team Points'!M64 -> 0 | H49: ='W3 Team Points'!T32 -> 0 | I49: Sonic
A50: Filler | B50: ='W3 Team Points'!T64 -> 0 | C50: ='W3 Team Points'!M32 -> 0 | D50: Ammyships | F50: KDSkill | G50: ='W3 Team Points'!M48 -> 0 | H50: ='W3 Team Points'!M16 -> 0 | I50: Tormenting Teutons
A51: Tormenting Teutons | B51: ='W3 Team Points'!M16 -> 0 | C51: ='W3 Team Points'!T32 -> 0 | D51: Sonic | F51: Sab | G51: ='W3 Team Points'!F32 -> 0 | H51: ='W3 Team Points'!T64 -> 0 | I51: Filler
A52: Reyley FC | B52: ='W3 Team Points'!F16 -> 0 | C52: ='W3 Team Points'!T48 -> 0 | D52: The Black List 2.0 | F52: Sader's Tots | G52: ='W3 Team Points'!F48 -> 0 | H52: ='W3 Team Points'!T48 -> 0 | I52: The Black List 2.0
A53: Repeat Performance | B53: ='W3 Team Points'!F64 -> 0 | C53: ='W3 Team Points'!T16 -> 0 | D53: Gingy | F53: Ammyships | G53: ='W3 Team Points'!M32 -> 0 | H53: ='W3 Team Points'!F64 -> 0 | I53: Repeat Performance
A54: Sader's Tots | B54: ='W3 Team Points'!F48 -> 0 | C54: ='W3 Team Points'!M64 -> 0 | D54: Clutch Coffee | F54: Sonic | G54: ='W3 Team Points'!T32 -> 0 | H54: ='W3 Team Points'!F16 -> 0 | I54: Reyley FC
A55: Ammyships | B55: ='W3 Team Points'!M32 -> 0 | C55: ='W3 Team Points'!M48 -> 0 | D55: KDSkill | F55: Tormenting Teutons | G55: ='W3 Team Points'!M16 -> 0 | H55: ='W3 Team Points'!T16 -> 0 | I55: Gingy
A56: Sonic | B56: ='W3 Team Points'!T32 -> 0 | C56: ='W3 Team Points'!F32 -> 0 | D56: Sab | F56: Filler | G56: ='W3 Team Points'!T64 -> 0 | H56: ='W3 Team Points'!M64 -> 0 | I56: Clutch Coffee
A57: Tormenting Teutons | B57: ='W3 Team Points'!M16 -> 0 | C57: ='W3 Team Points'!T64 -> 0 | D57: Filler | F57: Sab | G57: ='W3 Team Points'!F32 -> 0 | H57: ='W3 Team Points'!M48 -> 0 | I57: KDSkill
A58: The Black List 2.0 | B58: ='W3 Team Points'!T48 -> 0 | C58: ='W3 Team Points'!M32 -> 0 | D58: Ammyships | F58: Reyley FC | G58: ='W3 Team Points'!F16 -> 0 | H58: ='W3 Team Points'!T64 -> 0 | I58: Filler
A59: Sader's Tots | B59: ='W3 Team Points'!F48 -> 0 | C59: ='W3 Team Points'!T32 -> 0 | D59: Sonic | F59: Gingy | G59: ='W3 Team Points'!T16 -> 0 | H59: ='W3 Team Points'!F32 -> 0 | I59: Sab
A60: Repeat Performance | B60: ='W3 Team Points'!F64 -> 0 | C60: ='W3 Team Points'!M16 -> 0 | D60: Tormenting Teutons | F60: Clutch Coffee | G60: ='W3 Team Points'!M64 -> 0 | H60: ='W3 Team Points'!M48 -> 0 | I60: KDSkill
A62: Fortnight 4 | K62: Result | L62: Links
A63: Team 1: | B63: Score: | C63: Score: | D63: Team 2: | F63: Team 1: | G63: Score: | H63: Score: | I63: Team 2:
A64: Sonic | B64: ='W4 Team Points'!T32 -> 0 | C64: ='W4 Team Points'!T48 -> 0 | D64: The Black List 2.0 | F64: Filler | G64: ='W4 Team Points'!T64 -> 0 | H64: ='W4 Team Points'!T48 -> 0 | I64: The Black List 2.0
A65: Tormenting Teutons | B65: ='W4 Team Points'!M16 -> 0 | C65: ='W4 Team Points'!M32 -> 0 | D65: Ammyships | F65: Sab | G65: ='W4 Team Points'!F32 -> 0 | H65: ='W4 Team Points'!M16 -> 0 | I65: Tormenting Teutons
A66: Filler | B66: ='W4 Team Points'!T64 -> 0 | C66: ='W4 Team Points'!F48 -> 0 | D66: Sader's Tots | F66: KDSkill | G66: ='W4 Team Points'!M48 -> 0 | H66: ='W4 Team Points'!T32 -> 0 | I66: Sonic
A67: Sab | B67: ='W4 Team Points'!F32 -> 0 | C67: ='W4 Team Points'!F64 -> 0 | D67: Repeat Performance | F67: Clutch Coffee | G67: ='W4 Team Points'!M64 -> 0 | H67: ='W4 Team Points'!M32 -> 0 | I67: Ammyships
A68: KDSkill | B68: ='W4 Team Points'!M48 -> 0 | C68: ='W4 Team Points'!F16 -> 0 | D68: Reyley FC | F68: Gingy | G68: ='W4 Team Points'!T16 -> 0 | H68: ='W4 Team Points'!F48 -> 0 | I68: Sader's Tots
A69: Clutch Coffee | B69: ='W4 Team Points'!M64 -> 0 | C69: ='W4 Team Points'!T16 -> 0 | D69: Gingy | F69: Reyley FC | G69: ='W4 Team Points'!F16 -> 0 | H69: ='W4 Team Points'!F64 -> 0 | I69: Repeat Performance
A70: The Black List 2.0 | B70: ='W4 Team Points'!T48 -> 0 | C70: ='W4 Team Points'!M16 -> 0 | D70: Tormenting Teutons | F70: The Black List 2.0 | G70: ='W4 Team Points'!T48 -> 0 | H70: ='W4 Team Points'!F32 -> 0 | I70: Sab
A71: Sonic | B71: ='W4 Team Points'!T32 -> 0 | C71: ='W4 Team Points'!T64 -> 0 | D71: Filler | F71: Filler | G71: ='W4 Team Points'!T64 -> 0 | H71: ='W4 Team Points'!M48 -> 0 | I71: KDSkill
A72: Ammyships | B72: ='W4 Team Points'!M32 -> 0 | C72: ='W4 Team Points'!F32 -> 0 | D72: Sab | F72: Tormenting Teutons | G72: ='W4 Team Points'!M16 -> 0 | H72: ='W4 Team Points'!M64 -> 0 | I72: Clutch Coffee
A73: Sader's Tots | B73: ='W4 Team Points'!F48 -> 0 | C73: ='W4 Team Points'!M48 -> 0 | D73: KDSkill | F73: Sonic | G73: ='W4 Team Points'!T32 -> 0 | H73: ='W4 Team Points'!T16 -> 0 | I73: Gingy
A74: Repeat Performance | B74: ='W4 Team Points'!F64 -> 0 | C74: ='W4 Team Points'!M64 -> 0 | D74: Clutch Coffee | F74: Ammyships | G74: ='W4 Team Points'!M32 -> 0 | H74: ='W4 Team Points'!F16 -> 0 | I74: Reyley FC
A75: Reyley FC | B75: ='W4 Team Points'!F16 -> 0 | C75: ='W4 Team Points'!T16 -> 0 | D75: Gingy | F75: Sader's Tots | G75: ='W4 Team Points'!F48 -> 0 | H75: ='W4 Team Points'!F64 -> 0 | I75: Repeat Performance
A76: KDSkill | B76: ='W4 Team Points'!M48 -> 0 | C76: ='W4 Team Points'!T48 -> 0 | D76: The Black List 2.0 | F76: Reyley FC | G76: ='W4 Team Points'!F16 -> 0 | H76: ='W1 Team Points'!M16 -> 0 | I76: Tormenting Teutons
A77: Clutch Coffee | B77: ='W4 Team Points'!M64 -> 0 | C77: ='W4 Team Points'!F32 -> 0 | D77: Sab | F77: Repeat Performance | G77: ='W4 Team Points'!F64 -> 0 | H77: ='W4 Team Points'!T32 -> 0 | I77: Sonic
A78: Gingy | B78: ='W4 Team Points'!T16 -> 0 | C78: ='W4 Team Points'!T64 -> 0 | D78: Filler | F78: Sader's Tots | G78: ='W4 Team Points'!F48 -> 0 | H78: ='W4 Team Points'!M32 -> 0 | I78: Ammyships

Sheet _BlockspringConfiguration
A1: Settings:
A2: selection_metadata | B2: {}
A3: Queries:
A4: query id | B4: sheet name | C4: range address | D4: created | E4: updated | F4: selection | G4: clear selection | H4: timed refresh | I4: run | J4: append | K4: match headers | L4: advanced options | M4: custom title | N4: custom description | O4: block id | P4: parameters

Sheet Teams Totals
A1: Reyley FC | H1: Tormenting Teutons | O1: Gingy
A2: Manager | B2: Runner | C2: Tank | D2: Defender | E2: Hybrid | F2: Sub | H2: Manager | I2: Runner | J2: Tank | K2: Defender | L2: Hybrid | M2: Sub | O2: Manager | P2: Runner | Q2: Tank | R2: Defender | S2: Hybrid | T2: Sub
A3: Reyas | B3: Ace B S1lentND1 | C3: Invayda Zim | D3: Rage More Nerd | E3: DCleak | F3: ST0P K1LLING ME | H3: Xknight25R9270 | I3: KDSkill | J3: BCN19 | K3: Ming Crusader | L3: ThumpingHawk | M3: Almighty Tycoon | O3: ixGingy | P3: Almighty Tycoon | Q3: ixGingy | R3: Rage More Nerd | S3: The Piggies | T3: DCleak
A4: Goals | B4: ='Points System'!H30 -> 0 | C4: ='Points System'!I86 | D4: ='Points System'!D16 | E4: ='Points System'!Q30 -> 0 | F4: TUVW30 | H4: Goals | I4: ='Points System'!T58 -> 0 | J4: ='Points System'!I16 | K4: ='Points System'!D58 | L4: ='Points System'!W16 -> 0 | M4: Z-AC72 | O4: Goals | P4: ='Points System'!Z72 -> 45 | Q4: ='Points System'!O72 | R4: ='Points System'!D16 | S4: ='Points System'!E86 -> 0 | T4: NOPQ30
A5: Sword Kills | B5: ='Points System'!H31 | C5: ='Points System'!I87 | D5: ='Points System'!D17 -> 0 | E5: ='Points System'!Q31 | H5: Sword Kills | I5: ='Points System'!T59 | J5: ='Points System'!I17 | K5: ='Points System'!D59 -> 0 | L5: ='Points System'!W17 | O5: Sword Kills | P5: ='Points System'!Z73 | Q5: ='Points System'!O73 | R5: ='Points System'!D17 -> 0 | S5: ='Points System'!E87
A6: Ball Kills | B6: ='Points System'!H32 -> 0 | C6: ='Points System'!I88 | D6: ='Points System'!D18 | E6: ='Points System'!Q32 | H6: Ball Kills | I6: ='Points System'!T60 -> 0 | J6: ='Points System'!I18 | K6: ='Points System'!D60 | L6: ='Points System'!W18 | O6: Ball Kills | P6: ='Points System'!Z74 -> 26 | Q6: ='Points System'!O74 | R6: ='Points System'!D18 | S6: ='Points System'!E88
A7: KD Spread | B7: ='Points System'!H33 | C7: ='Points System'!I89 -> 0 | D7: ='Points System'!D19 | E7: ='Points System'!Q33 -> 0 | H7: KD Spread | I7: ='Points System'!T61 | J7: ='Points System'!I19 -> 0 | K7: ='Points System'!D61 | L7: ='Points System'!W19 -> 0 | O7: KD Spread | P7: ='Points System'!Z75 | Q7: ='Points System'!O75 -> 30 | R7: ='Points System'!D19 | S7: ='Points System'!E89 -> 0
A8: First Strike | B8: ='Points System'!H34 | C8: ='Points System'!I90 -> 0 | D8: ='Points System'!D20 | E8: ='Points System'!Q34 -> 0 | H8: First Strike | I8: ='Points System'!T62 | J8: ='Points System'!I20 -> 0 | K8: ='Points System'!D62 | L8: ='Points System'!W20 -> 0 | O8: First Strike | P8: ='Points System'!Z76 | Q8: ='Points System'!O76 -> 30 | R8: ='Points System'!D20 | S8: ='Points System'!E90 -> 0
A9: First Touch | B9: ='Points System'!H35 -> 0 | C9: ='Points System'!I91 | D9: ='Points System'!D21 -> 0 | E9: ='Points System'!Q35 | H9: First Touch | I9: ='Points System'!T63 -> 0 | J9: ='Points System'!I21 | K9: ='Points System'!D63 -> 0 | L9: ='Points System'!W21 | O9: First Touch | P9: ='Points System'!Z77 -> 30 | Q9: ='Points System'!O77 | R9: ='Points System'!D21 -> 0 | S9: ='Points System'!E91
A10: Multikill | B10: ='Points System'!H36 | C10: ='Points System'!I92 -> 0 | D10: ='Points System'!D22 | E10: ='Points System'!Q36 | H10: Multikill | I10: ='Points System'!T64 | J10: ='Points System'!I22 -> 0 | K10: ='Points System'!D64 | L10: ='Points System'!W22 | O10: Multikill | P10: ='Points System'!Z78 | Q10: ='Points System'!O78 -> 52 | R10: ='Points System'!D22 | S10: ='Points System'!E92
A11: Carrier Kill | B11: ='Points System'!H37 | C11: ='Points System'!I93 | D11: ='Points System'!D23 -> 0 | E11: ='Points System'!Q37 -> 0 | H11: Carrier Kill | I11: ='Points System'!T65 | J11: ='Points System'!I23 | K11: ='Points System'!D65 -> 0 | L11: ='Points System'!W23 -> 0 | O11: Carrier Kill | P11: ='Points System'!Z79 | Q11: ='Points System'!O79 | R11: ='Points System'!D23 -> 0 | S11: ='Points System'!E93 -> 0
A12: Goal Offence | B12: ='Points System'!H38 | C12: ='Points System'!I94 -> 0 | D12: ='Points System'!D24 | E12: ='Points System'!Q38 -> 0 | H12: Goal Offence | I12: ='Points System'!T66 | J12: ='Points System'!I24 -> 0 | K12: ='Points System'!D66 | L12: ='Points System'!W24 -> 0 | O12: Goal Offence | P12: ='Points System'!Z80 | Q12: ='Points System'!O80 -> 21 | R12: ='Points System'!D24 | S12: ='Points System'!E94 -> 0
A13: Goal Defence | B13: ='Points System'!H39 | C13: ='Points System'!I95 | D13: ='Points System'!D25 -> 0 | E13: ='Points System'!Q39 -> 0 | H13: Goal Defence | I13: ='Points System'!T67 | J13: ='Points System'!I25 | K13: ='Points System'!D67 -> 0 | L13: ='Points System'!W25 -> 0 | O13: Goal Defence | P13: ='Points System'!Z81 | Q13: ='Points System'!O81 | R13: ='Points System'!D25 -> 0 | S13: ='Points System'!E95 -> 0
A14: Win | B14: ='Points System'!H40 -> 0 | C14: ='Points System'!I96 -> 0 | D14: ='Points System'!D26 -> 0 | E14: ='Points System'!Q40 -> 0 | H14: Win | I14: ='Points System'!T68 -> 0 | J14: ='Points System'!I26 -> 0 | K14: ='Points System'!D68 -> 0 | L14: ='Points System'!W26 -> 0 | O14: Win | P14: ='Points System'!Z82 -> 0 | Q14: ='Points System'!O82 -> 0 | R14: ='Points System'!D26 -> 0 | S14: ='Points System'!E96 -> 0
A15: Total | B15: =SUM(B4:B14) -> 0 | C15: =SUM(C4:C14) -> 0 | D15: =SUM(D4:D14) -> 0 | E15: =SUM(E4:E14) -> 0 | F15: =SUM(F4:F14) -> 0 | H15: Total | I15: =SUM(I4:I14) -> 0 | J15: =SUM(J4:J14) -> 0 | K15: =SUM(K4:K14) -> 0 | L15: =SUM(L4:L14) -> 0 | M15: =SUM(M4:M14) -> 0 | O15: Total | P15: =SUM(P4:P14) -> 101 | Q15: =SUM(Q4:Q14) -> 133 | R15: =SUM(R4:R14) -> 0 | S15: =SUM(S4:S14) -> 0 | T15: =SUM(T4:T14) -> 0
E16: Total: | F16: =SUM(B15:E15) -> 0 | L16: Total: | M16: =SUM(I15:L15) -> 0 | S16: Total: | T16: =SUM(P15:S15) -> 234
A17: Sab | H17: Ammyships | O17: Sonic
A18: Manager | B18: Runner | C18: Tank | D18: Defender | E18: Hybrid | F18: Sub | H18: Manager | I18: Runner | J18: Tank | K18: Defender | L18: Hybrid | M18: Sub | O18: Manager | P18: Runner | Q18: Tank | R18: Defender | S18: Hybrid | T18: Sub
A19: Sabasauros Rex | B19: Ming Crusader | C19: Saintz The God | D19: KDSkill | E19: Almighty Tycoon | F19: oUnique Rose | H19: The Texorcist | I19: Almighty Tycoon | J19: Saintz The God | K19: Invayda Zim | L19: PoisonxPoptart | M19: ST0P K1LLING ME | O19: SonicNachos | P19: The Eastbrook | Q19: ST0P K1LLING ME | R19: Ming Crusader | S19: Rage More Nerd | T19: Mr AboveAverage
A20: Goals | B20: ='Points System'!B58 -> 0 | C20: ='Points System'!I44 | D20: ='Points System'!V58 | E20: ='Points System'!AC72 -> 30 | F20: Z-AC30 | H20: Goals | I20: ='Points System'!Z30 -> 0 | J20: ='Points System'!I44 | K20: ='Points System'!J86 | L20: ='Points System'!W86 -> 0 | M20: TUVW30 | O20: Goals | P20: ='Points System'!N16 -> 0 | Q20: ='Points System'!U30 | R20: ='Points System'!D58 | S20: ='Points System'!E16 -> 0 | T20: Z-AC16
A21: Sword Kills | B21: ='Points System'!B59 | C21: ='Points System'!I45 | D21: ='Points System'!V59 -> 0 | E21: ='Points System'!AC73 | H21: Sword Kills | I21: ='Points System'!Z31 | J21: ='Points System'!I45 | K21: ='Points System'!J87 -> 0 | L21: ='Points System'!W87 | O21: Sword Kills | P21: ='Points System'!N17 | Q21: ='Points System'!U31 | R21: ='Points System'!D59 -> 0 | S21: ='Points System'!E17
A22: Ball Kills | B22: ='Points System'!B60 -> 0 | C22: ='Points System'!I46 | D22: ='Points System'!V60 | E22: ='Points System'!AC74 | H22: Ball Kills | I22: ='Points System'!Z32 -> 0 | J22: ='Points System'!I46 | K22: ='Points System'!J88 | L22: ='Points System'!W88 | O22: Ball Kills | P22: ='Points System'!N18 -> 0 | Q22: ='Points System'!U32 | R22: ='Points System'!D60 | S22: ='Points System'!E18
A23: KD Spread | B23: ='Points System'!B61 | C23: ='Points System'!I47 -> 116 | D23: ='Points System'!V61 | E23: ='Points System'!AC75 -> -32 | H23: KD Spread | I23: ='Points System'!Z33 | J23: ='Points System'!I47 -> 116 | K23: ='Points System'!J89 | L23: ='Points System'!W89 -> 0 | O23: KD Spread | P23: ='Points System'!N19 | Q23: ='Points System'!U33 -> 0 | R23: ='Points System'!D61 | S23: ='Points System'!E19 -> 0
A24: First Strike | B24: ='Points System'!B62 | C24: ='Points System'!I48 -> 0 | D24: ='Points System'!V62 | E24: ='Points System'!AC76 -> 0 | H24: First Strike | I24: ='Points System'!Z34 | J24: ='Points System'!I48 -> 0 | K24: ='Points System'!J90 | L24: ='Points System'!W90 -> 0 | O24: First Strike | P24: ='Points System'!N20 | Q24: ='Points System'!U34 -> 0 | R24: ='Points System'!D62 | S24: ='Points System'!E20 -> 0
A25: First Touch | B25: ='Points System'!B63 -> 0 | C25: ='Points System'!I49 | D25: ='Points System'!V63 -> 0 | E25: ='Points System'!AC77 | H25: First Touch | I25: ='Points System'!Z35 -> 0 | J25: ='Points System'!I49 | K25: ='Points System'!J91 -> 0 | L25: ='Points System'!W91 | O25: First Touch | P25: ='Points System'!N21 -> 0 | Q25: ='Points System'!U35 | R25: ='Points System'!D63 -> 0 | S25: ='Points System'!E21
A26: Multikill | B26: ='Points System'!B64 | C26: ='Points System'!I50 -> 61 | D26: ='Points System'!V64 | E26: ='Points System'!AC78 | H26: Multikill | I26: ='Points System'!Z36 | J26: ='Points System'!I50 -> 61 | K26: ='Points System'!J92 | L26: ='Points System'!W92 | O26: Multikill | P26: ='Points System'!N22 | Q26: ='Points System'!U36 -> 0 | R26: ='Points System'!D64 | S26: ='Points System'!E22
A27: Carrier Kill | B27: ='Points System'!B65 | C27: ='Points System'!I51 | D27: ='Points System'!V65 -> 0 | E27: ='Points System'!AC79 -> 40 | H27: Carrier Kill | I27: ='Points System'!Z37 | J27: ='Points System'!I51 | K27: ='Points System'!J93 -> 0 | L27: ='Points System'!W93 -> 0 | O27: Carrier Kill | P27: ='Points System'!N23 | Q27: ='Points System'!U37 | R27: ='Points System'!D65 -> 0 | S27: ='Points System'!E23 -> 0
A28: Goal Offence | B28: ='Points System'!B66 | C28: ='Points System'!I52 -> 18 | D28: ='Points System'!V66 | E28: ='Points System'!AC80 -> 10 | H28: Goal Offence | I28: ='Points System'!Z38 | J28: ='Points System'!I52 -> 18 | K28: ='Points System'!J94 | L28: ='Points System'!W94 -> 0 | O28: Goal Offence | P28: ='Points System'!N24 | Q28: ='Points System'!U38 -> 0 | R28: ='Points System'!D66 | S28: ='Points System'!E24 -> 0
A29: Goal Defence | B29: ='Points System'!B67 | C29: ='Points System'!I53 | D29: ='Points System'!V67 -> 0 | E29: ='Points System'!AC81 -> 8 | H29: Goal Defence | I29: ='Points System'!Z39 | J29: ='Points System'!I53 | K29: ='Points System'!J95 -> 0 | L29: ='Points System'!W95 -> 0 | O29: Goal Defence | P29: ='Points System'!N25 | Q29: ='Points System'!U39 | R29: ='Points System'!D67 -> 0 | S29: ='Points System'!E25 -> 0
A30: Win | B30: ='Points System'!B68 -> 0 | C30: ='Points System'!I54 -> 20 | D30: ='Points System'!V68 -> 0 | E30: ='Points System'!AC82 -> 0 | H30: Win | I30: ='Points System'!Z40 -> 0 | J30: ='Points System'!I54 -> 20 | K30: ='Points System'!J96 -> 0 | L30: ='Points System'!W96 -> 0 | O30: Win | P30: ='Points System'!N26 -> 0 | Q30: ='Points System'!U40 -> 0 | R30: ='Points System'!D68 -> 0 | S30: ='Points System'!E26 -> 0
A31: Total | B31: =SUM(B20:B30) -> 0 | C31: =SUM(C20:C30) -> 215 | D31: =SUM(D20:D30) -> 0 | E31: =SUM(E20:E30) -> 56 | F31: =SUM(F20:F30) -> 0 | H31: Total | I31: =SUM(I20:I30) -> 0 | J31: =SUM(J20:J30) -> 215 | K31: =SUM(K20:K30) -> 0 | L31: =SUM(L20:L30) -> 0 | M31: =SUM(M20:M30) -> 0 | O31: Total | P31: =SUM(P20:P30) -> 0 | Q31: =SUM(Q20:Q30) -> 0 | R31: =SUM(R20:R30) -> 0 | S31: =SUM(S20:S30) -> 0 | T31: =SUM(T20:T30) -> 0
E32: Total: | F32: =SUM(B31:E31) -> 271 | L32: Total: | M32: =SUM(I31:L31) -> 215 | S32: Total: | T32: =SUM(P31:S31) -> 0
A33: Sader's Tots | H33: KDSkill | O33: The Black List 2.0
A34: Manager | B34: Runner | C34: Tank | D34: Defender | E34: Hybrid | F34: Sub | H34: Manager | I34: Runner | J34: Tank | K34: Defender | L34: Hybrid | M34: Sub | O34: Manager | P34: Runner | Q34: Tank | R34: Defender | S34: Hybrid | T34: Sub
A35: Ming Crusader | B35: Ming Crusader | C35: DlGITAL PAIN | D35: DCleak | E35: The Piggies | F35: Almighty Tycoon | H35: KDSkill | I35: Almighty Tycoon | J35: Saintz The God | K35: KDSkill | L35: Rage More Nerd | M35: The Piggies | O35: ActiveHate | P35: Almighty Tycoon | Q35: DlGITAL PAIN | R35: NetsPride15 | S35: Ezy08 | T35: BCN19
A36: Goals | B36: ='Points System'!B58 -> 0 | C36: ='Points System'!O86 | D36: ='Points System'!P30 | E36: ='Points System'!E86 -> 0 | F36: Z-AC72 | H36: Goals | I36: ='Points System'!Z30 -> 0 | J36: ='Points System'!I44 | K36: ='Points System'!V58 | L36: ='Points System'!E16 -> 0 | M36: B-E86 | O36: Goals | P36: ='Points System'!Z30 -> 0 | Q36: ='Points System'!O86 | R36: ='Points System'!D44 | S36: ='Points System'!W72 -> 10 | T36: HIJK16
A37: Sword Kills | B37: ='Points System'!B59 | C37: ='Points System'!O87 | D37: ='Points System'!P31 -> 0 | E37: ='Points System'!E87 | H37: Sword Kills | I37: ='Points System'!Z31 | J37: ='Points System'!I45 | K37: ='Points System'!V59 -> 0 | L37: ='Points System'!E17 | O37: Sword Kills | P37: ='Points System'!Z31 | Q37: ='Points System'!O87 | R37: ='Points System'!D45 -> 3 | S37: ='Points System'!W73
A38: Ball Kills | B38: ='Points System'!B60 -> 0 | C38: ='Points System'!O88 | D38: ='Points System'!P32 | E38: ='Points System'!E88 | H38: Ball Kills | I38: ='Points System'!Z32 -> 0 | J38: ='Points System'!I46 | K38: ='Points System'!V60 | L38: ='Points System'!E18 | O38: Ball Kills | P38: ='Points System'!Z32 -> 0 | Q38: ='Points System'!O88 | R38: ='Points System'!D46 | S38: ='Points System'!W74
A39: KD Spread | B39: ='Points System'!B61 | C39: ='Points System'!O89 -> 0 | D39: ='Points System'!P33 | E39: ='Points System'!E89 -> 0 | H39: KD Spread | I39: ='Points System'!Z33 | J39: ='Points System'!I47 -> 116 | K39: ='Points System'!V61 | L39: ='Points System'!E19 -> 0 | O39: KD Spread | P39: ='Points System'!Z33 | Q39: ='Points System'!O89 -> 0 | R39: ='Points System'!D47 | S39: ='Points System'!W75 -> 1
A40: First Strike | B40: ='Points System'!B62 | C40: ='Points System'!O90 -> 0 | D40: ='Points System'!P34 | E40: ='Points System'!E90 -> 0 | H40: First Strike | I40: ='Points System'!Z34 | J40: ='Points System'!I48 -> 0 | K40: ='Points System'!V62 | L40: ='Points System'!E20 -> 0 | O40: First Strike | P40: ='Points System'!Z34 | Q40: ='Points System'!O90 -> 0 | R40: ='Points System'!D48 | S40: ='Points System'!W76 -> 0
A41: First Touch | B41: ='Points System'!B63 -> 0 | C41: ='Points System'!O91 | D41: ='Points System'!P35 -> 0 | E41: ='Points System'!E91 | H41: First Touch | I41: ='Points System'!Z35 -> 0 | J41: ='Points System'!I49 | K41: ='Points System'!V63 -> 0 | L41: ='Points System'!E21 | O41: First Touch | P41: ='Points System'!Z35 -> 0 | Q41: ='Points System'!O91 | R41: ='Points System'!D49 -> 0 | S41: ='Points System'!W77
A42: Multikill | B42: ='Points System'!B64 | C42: ='Points System'!O92 -> 0 | D42: ='Points System'!P36 | E42: ='Points System'!E92 | H42: Multikill | I42: ='Points System'!Z36 | J42: ='Points System'!I50 -> 61 | K42: ='Points System'!V64 | L42: ='Points System'!E22 | O42: Multikill | P42: ='Points System'!Z36 | Q42: ='Points System'!O92 -> 0 | R42: ='Points System'!D50 | S42: ='Points System'!W78
A43: Carrier Kill | B43: ='Points System'!B65 | C43: ='Points System'!O93 | D43: ='Points System'!P37 -> 0 | E43: ='Points System'!E93 -> 0 | H43: Carrier Kill | I43: ='Points System'!Z37 | J43: ='Points System'!I51 | K43: ='Points System'!V65 -> 0 | L43: ='Points System'!E23 -> 0 | O43: Carrier Kill | P43: ='Points System'!Z37 | Q43: ='Points System'!O93 | R43: ='Points System'!D51 -> 45 | S43: ='Points System'!W79 -> 10
A44: Goal Offence | B44: ='Points System'!B66 | C44: ='Points System'!O94 -> 0 | D44: ='Points System'!P38 | E44: ='Points System'!E94 -> 0 | H44: Goal Offence | I44: ='Points System'!Z38 | J44: ='Points System'!I52 -> 18 | K44: ='Points System'!V66 | L44: ='Points System'!E24 -> 0 | O44: Goal Offence | P44: ='Points System'!Z38 | Q44: ='Points System'!O94 -> 0 | R44: ='Points System'!D52 | S44: ='Points System'!W80 -> 30
A45: Goal Defence | B45: ='Points System'!B67 | C45: ='Points System'!O95 | D45: ='Points System'!P39 -> 0 | E45: ='Points System'!E95 -> 0 | H45: Goal Defence | I45: ='Points System'!Z39 | J45: ='Points System'!I53 | K45: ='Points System'!V67 -> 0 | L45: ='Points System'!E25 -> 0 | O45: Goal Defence | P45: ='Points System'!Z39 | Q45: ='Points System'!O95 | R45: ='Points System'!D53 -> 21 | S45: ='Points System'!W81 -> 6
A46: Win | B46: ='Points System'!B68 -> 0 | C46: ='Points System'!O96 -> 0 | D46: ='Points System'!P40 -> 0 | E46: ='Points System'!E96 -> 0 | H46: Win | I46: ='Points System'!Z40 -> 0 | J46: ='Points System'!I54 -> 20 | K46: ='Points System'!V68 -> 0 | L46: ='Points System'!E26 -> 0 | O46: Win | P46: ='Points System'!Z40 -> 0 | Q46: ='Points System'!O96 -> 0 | R46: ='Points System'!D54 -> 20 | S46: ='Points System'!W82 -> 0
A47: Total | B47: =SUM(B36:B46) -> 0 | C47: =SUM(C36:C46) -> 0 | D47: =SUM(D36:D46) -> 0 | E47: =SUM(E36:E46) -> 0 | F47: =SUM(F36:F46) -> 0 | H47: Total | I47: =SUM(I36:I46) -> 0 | J47: =SUM(J36:J46) -> 215 | K47: =SUM(K36:K46) -> 0 | L47: =SUM(L36:L46) -> 0 | M47: =SUM(M36:M46) -> 0 | O47: Total | P47: =SUM(P36:P46) -> 0 | Q47: =SUM(Q36:Q46) -> 0 | R47: =SUM(R36:R46) -> 89 | S47: =SUM(S36:S46) -> 57 | T47: =SUM(T36:T46) -> 0
E48: Total: | F48: =SUM(B47:E47) -> 0 | L48: Total: | M48: =SUM(I47:L47) -> 215 | S48: Total: | T48: =SUM(P47:S47) -> 146
A49: Repeat Performance | H49: Clutch Coffee | O49: Filler
A50: Manager | B50: Runner | C50: Tank | D50: Defender | E50: Hybrid | F50: Sub | H50: Manager | I50: Runner | J50: Tank | K50: Defender | L50: Hybrid | M50: Sub | O50: Manager | P50: Runner | Q50: Tank | R50: Defender | S50: Hybrid | T50: Sub
A51: Silva | B51: Almighty Tycoon | C51: Saintz The God | D51: DCleak | E51: BCN19 | F51: oUnique Rose | H51: AJ DaJuiceMayne | I51: KDSkill | J51: Saintz The God | K51: DCleak | L51: AJ DaJuiceMayne | M51: Almighty Tycoon | O51: - | P51: ThumpingHawk | Q51: Jeakilla85 | R51: Sabasauros Rex | S51: KING RICKXL | T51: El Diablo X230X
A52: Goals | B52: ='Points System'!Z30 -> 0 | C52: ='Points System'!I44 | D52: ='Points System'!P30 | E52: ='Points System'!K16 -> 0 | F52: Z-AC30 | H52: Goals | I52: ='Points System'!T58 -> 0 | J52: ='Points System'!I44 | K52: ='Points System'!P30 | L52: ='Points System'!W44 -> 0 | M52: Z-AC72 | O52: Goals | P52: ='Points System'!T16 -> 0 | Q52: ='Points System'!O58 | R52: ='Points System'!J58 | S52: ='Points System'!E72 -> 0 | T52: Z-AC44
A53: Sword Kills | B53: ='Points System'!Z31 | C53: ='Points System'!I45 | D53: ='Points System'!P31 -> 0 | E53: ='Points System'!K17 | H53: Sword Kills | I53: ='Points System'!T59 | J53: ='Points System'!I45 | K53: ='Points System'!P31 -> 0 | L53: ='Points System'!W45 | O53: Sword Kills | P53: ='Points System'!T17 | Q53: ='Points System'!O59 | R53: ='Points System'!J59 -> 0 | S53: ='Points System'!E73
A54: Ball Kills | B54: ='Points System'!Z32 -> 0 | C54: ='Points System'!I46 | D54: ='Points System'!P32 | E54: ='Points System'!K18 | H54: Ball Kills | I54: ='Points System'!T60 -> 0 | J54: ='Points System'!I46 | K54: ='Points System'!P32 | L54: ='Points System'!W46 | O54: Ball Kills | P54: ='Points System'!T18 -> 0 | Q54: ='Points System'!O60 | R54: ='Points System'!J60 | S54: ='Points System'!E74
A55: KD Spread | B55: ='Points System'!Z33 | C55: ='Points System'!I47 -> 116 | D55: ='Points System'!P33 | E55: ='Points System'!K19 -> 0 | H55: KD Spread | I55: ='Points System'!T61 | J55: ='Points System'!I47 -> 116 | K55: ='Points System'!P33 | L55: ='Points System'!W47 -> -13 | O55: KD Spread | P55: ='Points System'!T19 | Q55: ='Points System'!O61 -> 0 | R55: ='Points System'!J61 | S55: ='Points System'!E75 -> 0
A56: First Strike | B56: ='Points System'!Z34 | C56: ='Points System'!I48 -> 0 | D56: ='Points System'!P34 | E56: ='Points System'!K20 -> 0 | H56: First Strike | I56: ='Points System'!T62 | J56: ='Points System'!I48 -> 0 | K56: ='Points System'!P34 | L56: ='Points System'!W48 -> 0 | O56: First Strike | P56: ='Points System'!T20 | Q56: ='Points System'!O62 -> 0 | R56: ='Points System'!J62 | S56: ='Points System'!E76 -> 0
A57: First Touch | B57: ='Points System'!Z35 -> 0 | C57: ='Points System'!I49 | D57: ='Points System'!P35 -> 0 | E57: ='Points System'!K21 | H57: First Touch | I57: ='Points System'!T63 -> 0 | J57: ='Points System'!I49 | K57: ='Points System'!P35 -> 0 | L57: ='Points System'!W49 | O57: First Touch | P57: ='Points System'!T21 -> 0 | Q57: ='Points System'!O63 | R57: ='Points System'!J63 -> 0 | S57: ='Points System'!E77
A58: Multikill | B58: ='Points System'!Z36 | C58: ='Points System'!I50 -> 61 | D58: ='Points System'!P36 | E58: ='Points System'!K22 | H58: Multikill | I58: ='Points System'!T64 | J58: ='Points System'!I50 -> 61 | K58: ='Points System'!P36 | L58: ='Points System'!W50 | O58: Multikill | P58: ='Points System'!T22 | Q58: ='Points System'!O64 -> 0 | R58: ='Points System'!J64 | S58: ='Points System'!E78
A59: Carrier Kill | B59: ='Points System'!Z37 | C59: ='Points System'!I51 | D59: ='Points System'!P37 -> 0 | E59: ='Points System'!K23 -> 0 | H59: Carrier Kill | I59: ='Points System'!T65 | J59: ='Points System'!I51 | K59: ='Points System'!P37 -> 0 | L59: ='Points System'!W51 -> 20 | O59: Carrier Kill | P59: ='Points System'!T23 | Q59: ='Points System'!O65 | R59: ='Points System'!J65 -> 0 | S59: ='Points System'!E79 -> 0
A60: Goal Offence | B60: ='Points System'!Z38 | C60: ='Points System'!I52 -> 18 | D60: ='Points System'!P38 | E60: ='Points System'!K24 -> 0 | H60: Goal Offence | I60: ='Points System'!T66 | J60: ='Points System'!I52 -> 18 | K60: ='Points System'!P38 | L60: ='Points System'!W52 -> 12 | O60: Goal Offence | P60: ='Points System'!T24 | Q60: ='Points System'!O66 -> 0 | R60: ='Points System'!J66 | S60: ='Points System'!E80 -> 0
A61: Goal Defence | B61: ='Points System'!Z39 | C61: ='Points System'!I53 | D61: ='Points System'!P39 -> 0 | E61: ='Points System'!K25 -> 0 | H61: Goal Defence | I61: ='Points System'!T67 | J61: ='Points System'!I53 | K61: ='Points System'!P39 -> 0 | L61: ='Points System'!W53 -> 10 | O61: Goal Defence | P61: ='Points System'!T25 | Q61: ='Points System'!O67 | R61: ='Points System'!J67 -> 0 | S61: ='Points System'!E81 -> 0
A62: Win | B62: ='Points System'!Z40 -> 0 | C62: ='Points System'!I54 -> 20 | D62: ='Points System'!P40 -> 0 | E62: ='Points System'!K26 -> 0 | H62: Win | I62: ='Points System'!T68 -> 0 | J62: ='Points System'!I54 -> 20 | K62: ='Points System'!P40 -> 0 | L62: ='Points System'!W54 -> 20 | O62: Win | P62: ='Points System'!T26 -> 0 | Q62: ='Points System'!O68 -> 0 | R62: ='Points System'!J68 -> 0 | S62: ='Points System'!E82 -> 0
A63: Total | B63: =SUM(B52:B62) -> 0 | C63: =SUM(C52:C62) -> 215 | D63: =SUM(D52:D62) -> 0 | E63: =SUM(E52:E62) -> 0 | F63: =SUM(F52:F62) -> 0 | H63: Total | I63: =SUM(I52:I62) -> 0 | J63: =SUM(J52:J62) -> 215 | K63: =SUM(K52:K62) -> 0 | L63: =SUM(L52:L62) -> 49 | M63: =SUM(M52:M62) -> 0 | O63: Total | P63: =SUM(P52:P62) -> 0 | Q63: =SUM(Q52:Q62) -> 0 | R63: =SUM(R52:R62) -> 0 | S63: =SUM(S52:S62) -> 0 | T63: =SUM(T52:T62) -> 0
E64: Total: | F64: =SUM(B63:E63) -> 215 | L64: Total: | M64: =SUM(I63:L63) -> 264 | S64: Total: | T64: =SUM(P63:S63) -> 0

Sheet Total Stats
N1: AGLA SL18 Stats
B2: Gamertag | C2: Played | D2: Goals | E2: Kills | F2: Deaths | G2: Hammer Kills | H2: Sword Kills | I2: Ball Kills | J2: Spread | K2: First Strike | L2: First Touch | M2: Multikill | N2: Carrier Kill | O2: Goal Offence | P2: Goal Defence | Q2: Win | S2: Runner | T2: Tank | U2: Defender | V2: Hybrid | W2: All
B3: Rage More Nerd | C3: ='W1 Stats'!C3+'W2 Stats'!C3+'W3 Stats'!C3+'W4 Stats'!C3 -> 0 | D3: ='W1 Stats'!D3+'W2 Stats'!D3+'W3 Stats'!D3+'W4 Stats'!D3 -> 0 | E3: ='W1 Stats'!E3+'W2 Stats'!E3+'W3 Stats'!E3+'W4 Stats'!E3 -> 0 | F3: ='W1 Stats'!F3+'W2 Stats'!F3+'W3 Stats'!F3+'W4 Stats'!F3 -> 0 | G3: ='W1 Stats'!G3+'W2 Stats'!G3+'W3 Stats'!G3+'W4 Stats'!G3 -> 0 | H3: ='W1 Stats'!H3+'W2 Stats'!H3+'W3 Stats'!H3+'W4 Stats'!H3 -> 0 | I3: ='W1 Stats'!I3+'W2 Stats'!I3+'W3 Stats'!I3+'W4 Stats'!I3 -> 0 | J3: ='W1 Stats'!J3+'W2 Stats'!J3+'W3 Stats'!J3+'W4 Stats'!J3 -> 0 | ... Q3: ='W1 Stats'!Q3+'W2 Stats'!Q3+'W3 Stats'!Q3+'W4 Stats'!Q3 -> 0 | S3: ='Points System'!B27 -> 0 | T3: ='Points System'!C27 -> 0 | U3: ='Points System'!D27 -> 0 | V3: ='Points System'!E27 -> 0 | W3: =SUM(S3:V3) -> 0
B4: BCN19 | C4: ='W1 Stats'!C4+'W2 Stats'!C4+'W3 Stats'!C4+'W4 Stats'!C4 -> 0 | D4: ='W1 Stats'!D4+'W2 Stats'!D4+'W3 Stats'!D4+'W4 Stats'!D4 -> 0 | E4: ='W1 Stats'!E4+'W2 Stats'!E4+'W3 Stats'!E4+'W4 Stats'!E4 -> 0 | F4: ='W1 Stats'!F4+'W2 Stats'!F4+'W3 Stats'!F4+'W4 Stats'!F4 -> 0 | G4: ='W1 Stats'!G4+'W2 Stats'!G4+'W3 Stats'!G4+'W4 Stats'!G4 -> 0 | H4: ='W1 Stats'!H4+'W2 Stats'!H4+'W3 Stats'!H4+'W4 Stats'!H4 -> 0 | I4: ='W1 Stats'!I4+'W2 Stats'!I4+'W3 Stats'!I4+'W4 Stats'!I4 -> 0 | J4: ='W1 Stats'!J4+'W2 Stats'!J4+'W3 Stats'!J4+'W4 Stats'!J4 -> 0 | ... Q4: ='W1 Stats'!Q4+'W2 Stats'!Q4+'W3 Stats'!Q4+'W4 Stats'!Q4 -> 0 | S4: ='Points System'!H27 -> 0 | T4: ='Points System'!I27 -> 0 | U4: ='Points System'!J27 -> 0 | V4: ='Points System'!K27 -> 0 | W4: =SUM(S4:V4) -> 0
B5: The Eastbrook | C5: ='W1 Stats'!C5+'W2 Stats'!C5+'W3 Stats'!C5+'W4 Stats'!C5 -> 0 | D5: ='W1 Stats'!D5+'W2 Stats'!D5+'W3 Stats'!D5+'W4 Stats'!D5 -> 0 | E5: ='W1 Stats'!E5+'W2 Stats'!E5+'W3 Stats'!E5+'W4 Stats'!E5 -> 0 | F5: ='W1 Stats'!F5+'W2 Stats'!F5+'W3 Stats'!F5+'W4 Stats'!F5 -> 0 | G5: ='W1 Stats'!G5+'W2 Stats'!G5+'W3 Stats'!G5+'W4 Stats'!G5 -> 0 | H5: ='W1 Stats'!H5+'W2 Stats'!H5+'W3 Stats'!H5+'W4 Stats'!H5 -> 0 | I5: ='W1 Stats'!I5+'W2 Stats'!I5+'W3 Stats'!I5+'W4 Stats'!I5 -> 0 | J5: ='W1 Stats'!J5+'W2 Stats'!J5+'W3 Stats'!J5+'W4 Stats'!J5 -> 0 | ... Q5: ='W1 Stats'!Q5+'W2 Stats'!Q5+'W3 Stats'!Q5+'W4 Stats'!Q5 -> 0 | S5: ='Points System'!N27 -> 0 | T5: ='Points System'!O27 -> 0 | U5: ='Points System'!P27 -> 0 | V5: ='Points System'!Q27 -> 0 | W5: =SUM(S5:V5) -> 0
B6: ThumpingHawk | C6: ='W1 Stats'!C6+'W2 Stats'!C6+'W3 Stats'!C6+'W4 Stats'!C6 -> 0 | D6: ='W1 Stats'!D6+'W2 Stats'!D6+'W3 Stats'!D6+'W4 Stats'!D6 -> 0 | E6: ='W1 Stats'!E6+'W2 Stats'!E6+'W3 Stats'!E6+'W4 Stats'!E6 -> 0 | F6: ='W1 Stats'!F6+'W2 Stats'!F6+'W3 Stats'!F6+'W4 Stats'!F6 -> 0 | G6: ='W1 Stats'!G6+'W2 Stats'!G6+'W3 Stats'!G6+'W4 Stats'!G6 -> 0 | H6: ='W1 Stats'!H6+'W2 Stats'!H6+'W3 Stats'!H6+'W4 Stats'!H6 -> 0 | I6: ='W1 Stats'!I6+'W2 Stats'!I6+'W3 Stats'!I6+'W4 Stats'!I6 -> 0 | J6: ='W1 Stats'!J6+'W2 Stats'!J6+'W3 Stats'!J6+'W4 Stats'!J6 -> 0 | ... Q6: ='W1 Stats'!Q6+'W2 Stats'!Q6+'W3 Stats'!Q6+'W4 Stats'!Q6 -> 0 | S6: ='Points System'!T27 -> 0 | T6: ='Points System'!U27 -> 0 | U6: ='Points System'!V27 -> 0 | V6: ='Points System'!W27 -> 0 | W6: =SUM(S6:V6) -> 0
B7: Mr Ab0veAverage | C7: ='W1 Stats'!C7+'W2 Stats'!C7+'W3 Stats'!C7+'W4 Stats'!C7 -> 0 | D7: ='W1 Stats'!D7+'W2 Stats'!D7+'W3 Stats'!D7+'W4 Stats'!D7 -> 0 | E7: ='W1 Stats'!E7+'W2 Stats'!E7+'W3 Stats'!E7+'W4 Stats'!E7 -> 0 | F7: ='W1 Stats'!F7+'W2 Stats'!F7+'W3 Stats'!F7+'W4 Stats'!F7 -> 0 | G7: ='W1 Stats'!G7+'W2 Stats'!G7+'W3 Stats'!G7+'W4 Stats'!G7 -> 0 | H7: ='W1 Stats'!H7+'W2 Stats'!H7+'W3 Stats'!H7+'W4 Stats'!H7 -> 0 | I7: ='W1 Stats'!I7+'W2 Stats'!I7+'W3 Stats'!I7+'W4 Stats'!I7 -> 0 | J7: ='W1 Stats'!J7+'W2 Stats'!J7+'W3 Stats'!J7+'W4 Stats'!J7 -> 0 | ... Q7: ='W1 Stats'!Q7+'W2 Stats'!Q7+'W3 Stats'!Q7+'W4 Stats'!Q7 -> 0 | S7: ='Points System'!Z27 -> 0 | T7: ='Points System'!AA27 -> 0 | U7: ='Points System'!AB27 -> 0 | V7: ='Points System'!AC27 -> 0 | W7: =SUM(S7:V7) -> 0
B8: InfiniteRainge | C8: ='W1 Stats'!C8+'W2 Stats'!C8+'W3 Stats'!C8+'W4 Stats'!C8 -> 0 | D8: ='W1 Stats'!D8+'W2 Stats'!D8+'W3 Stats'!D8+'W4 Stats'!D8 -> 0 | E8: ='W1 Stats'!E8+'W2 Stats'!E8+'W3 Stats'!E8+'W4 Stats'!E8 -> 0 | F8: ='W1 Stats'!F8+'W2 Stats'!F8+'W3 Stats'!F8+'W4 Stats'!F8 -> 0 | G8: ='W1 Stats'!G8+'W2 Stats'!G8+'W3 Stats'!G8+'W4 Stats'!G8 -> 0 | H8: ='W1 Stats'!H8+'W2 Stats'!H8+'W3 Stats'!H8+'W4 Stats'!H8 -> 0 | I8: ='W1 Stats'!I8+'W2 Stats'!I8+'W3 Stats'!I8+'W4 Stats'!I8 -> 0 | J8: ='W1 Stats'!J8+'W2 Stats'!J8+'W3 Stats'!J8+'W4 Stats'!J8 -> 0 | ... Q8: ='W1 Stats'!Q8+'W2 Stats'!Q8+'W3 Stats'!Q8+'W4 Stats'!Q8 -> 0 | S8: ='Points System'!B41 -> 0 | T8: ='Points System'!C41 -> 0 | U8: ='Points System'!D41 -> 0 | V8: ='Points System'!E41 -> 0 | W8: =SUM(S8:V8) -> 0
B9: ACE B S1lentND1 | C9: ='W1 Stats'!C9+'W2 Stats'!C9+'W3 Stats'!C9+'W4 Stats'!C9 -> 0 | D9: ='W1 Stats'!D9+'W2 Stats'!D9+'W3 Stats'!D9+'W4 Stats'!D9 -> 0 | E9: ='W1 Stats'!E9+'W2 Stats'!E9+'W3 Stats'!E9+'W4 Stats'!E9 -> 0 | F9: ='W1 Stats'!F9+'W2 Stats'!F9+'W3 Stats'!F9+'W4 Stats'!F9 -> 0 | G9: ='W1 Stats'!G9+'W2 Stats'!G9+'W3 Stats'!G9+'W4 Stats'!G9 -> 0 | H9: ='W1 Stats'!H9+'W2 Stats'!H9+'W3 Stats'!H9+'W4 Stats'!H9 -> 0 | I9: ='W1 Stats'!I9+'W2 Stats'!I9+'W3 Stats'!I9+'W4 Stats'!I9 -> 0 | J9: ='W1 Stats'!J9+'W2 Stats'!J9+'W3 Stats'!J9+'W4 Stats'!J9 -> 0 | ... Q9: ='W1 Stats'!Q9+'W2 Stats'!Q9+'W3 Stats'!Q9+'W4 Stats'!Q9 -> 0 | S9: ='Points System'!H41 -> 0 | T9: ='Points System'!I41 -> 0 | U9: ='Points System'!J41 -> 0 | V9: ='Points System'!K41 -> 0 | W9: =SUM(S9:V9) -> 0
B10: DCleak | C10: ='W1 Stats'!C10+'W2 Stats'!C10+'W3 Stats'!C10+'W4 Stats'!C10 -> 0 | D10: ='W1 Stats'!D10+'W2 Stats'!D10+'W3 Stats'!D10+'W4 Stats'!D10 -> 0 | E10: ='W1 Stats'!E10+'W2 Stats'!E10+'W3 Stats'!E10+'W4 Stats'!E10 -> 0 | F10: ='W1 Stats'!F10+'W2 Stats'!F10+'W3 Stats'!F10+'W4 Stats'!F10 -> 0 | G10: ='W1 Stats'!G10+'W2 Stats'!G10+'W3 Stats'!G10+'W4 Stats'!G10 -> 0 | H10: ='W1 Stats'!H10+'W2 Stats'!H10+'W3 Stats'!H10+'W4 Stats'!H10 -> 0 | I10: ='W1 Stats'!I10+'W2 Stats'!I10+'W3 Stats'!I10+'W4 Stats'!I10 -> 0 | J10: ='W1 Stats'!J10+'W2 Stats'!J10+'W3 Stats'!J10+'W4 Stats'!J10 -> 0 | ... Q10: ='W1 Stats'!Q10+'W2 Stats'!Q10+'W3 Stats'!Q10+'W4 Stats'!Q10 -> 0 | S10: ='Points System'!N41 -> 0 | T10: ='Points System'!O41 -> 0 | U10: ='Points System'!P41 -> 0 | V10: ='Points System'!Q41 -> 0 | W10: =SUM(S10:V10) -> 0
B11: ST0P K1LLING ME | C11: ='W1 Stats'!C11+'W2 Stats'!C11+'W3 Stats'!C11+'W4 Stats'!C11 -> 0 | D11: ='W1 Stats'!D11+'W2 Stats'!D11+'W3 Stats'!D11+'W4 Stats'!D11 -> 0 | E11: ='W1 Stats'!E11+'W2 Stats'!E11+'W3 Stats'!E11+'W4 Stats'!E11 -> 0 | F11: ='W1 Stats'!F11+'W2 Stats'!F11+'W3 Stats'!F11+'W4 Stats'!F11 -> 0 | G11: ='W1 Stats'!G11+'W2 Stats'!G11+'W3 Stats'!G11+'W4 Stats'!G11 -> 0 | H11: ='W1 Stats'!H11+'W2 Stats'!H11+'W3 Stats'!H11+'W4 Stats'!H11 -> 0 | I11: ='W1 Stats'!I11+'W2 Stats'!I11+'W3 Stats'!I11+'W4 Stats'!I11 -> 0 | J11: ='W1 Stats'!J11+'W2 Stats'!J11+'W3 Stats'!J11+'W4 Stats'!J11 -> 0 | ... Q11: ='W1 Stats'!Q11+'W2 Stats'!Q11+'W3 Stats'!Q11+'W4 Stats'!Q11 -> 0 | S11: ='Points System'!T41 -> 0 | T11: ='Points System'!U41 -> 0 | U11: ='Points System'!V41 -> 0 | V11: ='Points System'!W41 -> 0 | W11: =SUM(S11:V11) -> 0
B12: oUnique Rose | C12: ='W1 Stats'!C12+'W2 Stats'!C12+'W3 Stats'!C12+'W4 Stats'!C12 -> 0 | D12: ='W1 Stats'!D12+'W2 Stats'!D12+'W3 Stats'!D12+'W4 Stats'!D12 -> 0 | E12: ='W1 Stats'!E12+'W2 Stats'!E12+'W3 Stats'!E12+'W4 Stats'!E12 -> 0 | F12: ='W1 Stats'!F12+'W2 Stats'!F12+'W3 Stats'!F12+'W4 Stats'!F12 -> 0 | G12: ='W1 Stats'!G12+'W2 Stats'!G12+'W3 Stats'!G12+'W4 Stats'!G12 -> 0 | H12: ='W1 Stats'!H12+'W2 Stats'!H12+'W3 Stats'!H12+'W4 Stats'!H12 -> 0 | I12: ='W1 Stats'!I12+'W2 Stats'!I12+'W3 Stats'!I12+'W4 Stats'!I12 -> 0 | J12: ='W1 Stats'!J12+'W2 Stats'!J12+'W3 Stats'!J12+'W4 Stats'!J12 -> 0 | ... Q12: ='W1 Stats'!Q12+'W2 Stats'!Q12+'W3 Stats'!Q12+'W4 Stats'!Q12 -> 0 | S12: ='Points System'!Z41 -> 0 | T12: ='Points System'!AA41 -> 0 | U12: ='Points System'!AB41 -> 0 | V12: ='Points System'!AC41 -> 0 | W12: =SUM(S12:V12) -> 0
B13: NetsPride15 | C13: ='W1 Stats'!C13+'W2 Stats'!C13+'W3 Stats'!C13+'W4 Stats'!C13 -> 1 | D13: ='W1 Stats'!D13+'W2 Stats'!D13+'W3 Stats'!D13+'W4 Stats'!D13 -> 1 | E13: ='W1 Stats'!E13+'W2 Stats'!E13+'W3 Stats'!E13+'W4 Stats'!E13 -> 187 | F13: ='W1 Stats'!F13+'W2 Stats'!F13+'W3 Stats'!F13+'W4 Stats'!F13 -> 217 | G13: ='W1 Stats'!G13+'W2 Stats'!G13+'W3 Stats'!G13+'W4 Stats'!G13 -> 183 | H13: ='W1 Stats'!H13+'W2 Stats'!H13+'W3 Stats'!H13+'W4 Stats'!H13 -> 3 | I13: ='W1 Stats'!I13+'W2 Stats'!I13+'W3 Stats'!I13+'W4 Stats'!I13 -> 1 | J13: ='W1 Stats'!J13+'W2 Stats'!J13+'W3 Stats'!J13+'W4 Stats'!J13 -> -30 | ... Q13: ='W1 Stats'!Q13+'W2 Stats'!Q13+'W3 Stats'!Q13+'W4 Stats'!Q13 -> 1 | S13: ='Points System'!B55 -> 37 | T13: ='Points System'!C55 -> 71 | U13: ='Points System'!D55 -> 89 | V13: ='Points System'!E55 -> 81 | W13: =SUM(S13:V13) -> 278
B14: Saintz The God | C14: ='W1 Stats'!C14+'W2 Stats'!C14+'W3 Stats'!C14+'W4 Stats'!C14 -> 1 | D14: ='W1 Stats'!D14+'W2 Stats'!D14+'W3 Stats'!D14+'W4 Stats'!D14 -> 0 | E14: ='W1 Stats'!E14+'W2 Stats'!E14+'W3 Stats'!E14+'W4 Stats'!E14 -> 218 | F14: ='W1 Stats'!F14+'W2 Stats'!F14+'W3 Stats'!F14+'W4 Stats'!F14 -> 160 | G14: ='W1 Stats'!G14+'W2 Stats'!G14+'W3 Stats'!G14+'W4 Stats'!G14 -> 195 | H14: ='W1 Stats'!H14+'W2 Stats'!H14+'W3 Stats'!H14+'W4 Stats'!H14 -> 15 | I14: ='W1 Stats'!I14+'W2 Stats'!I14+'W3 Stats'!I14+'W4 Stats'!I14 -> 8 | J14: ='W1 Stats'!J14+'W2 Stats'!J14+'W3 Stats'!J14+'W4 Stats'!J14 -> 58 | ... Q14: ='W1 Stats'!Q14+'W2 Stats'!Q14+'W3 Stats'!Q14+'W4 Stats'!Q14 -> 1 | S14: ='Points System'!H55 -> 81 | T14: ='Points System'!I55 -> 215 | U14: ='Points System'!J55 -> 176 | V14: ='Points System'!K55 -> 174 | W14: =SUM(S14:V14) -> 646
B15: Silva | C15: ='W1 Stats'!C15+'W2 Stats'!C15+'W3 Stats'!C15+'W4 Stats'!C15 -> 1 | D15: ='W1 Stats'!D15+'W2 Stats'!D15+'W3 Stats'!D15+'W4 Stats'!D15 -> 4 | E15: ='W1 Stats'!E15+'W2 Stats'!E15+'W3 Stats'!E15+'W4 Stats'!E15 -> 120 | F15: ='W1 Stats'!F15+'W2 Stats'!F15+'W3 Stats'!F15+'W4 Stats'!F15 -> 117 | G15: ='W1 Stats'!G15+'W2 Stats'!G15+'W3 Stats'!G15+'W4 Stats'!G15 -> 75 | H15: ='W1 Stats'!H15+'W2 Stats'!H15+'W3 Stats'!H15+'W4 Stats'!H15 -> 23 | I15: ='W1 Stats'!I15+'W2 Stats'!I15+'W3 Stats'!I15+'W4 Stats'!I15 -> 22 | J15: ='W1 Stats'!J15+'W2 Stats'!J15+'W3 Stats'!J15+'W4 Stats'!J15 -> 3 | ... Q15: ='W1 Stats'!Q15+'W2 Stats'!Q15+'W3 Stats'!Q15+'W4 Stats'!Q15 -> 1 | S15: ='Points System'!N55 -> 169 | T15: ='Points System'!O55 -> 73 | U15: ='Points System'!P55 -> 82 | V15: ='Points System'!Q55 -> 91 | W15: =SUM(S15:V15) -> 415
B16: AJ DaJuiceMayne | C16: ='W1 Stats'!C16+'W2 Stats'!C16+'W3 Stats'!C16+'W4 Stats'!C16 -> 1 | D16: ='W1 Stats'!D16+'W2 Stats'!D16+'W3 Stats'!D16+'W4 Stats'!D16 -> 0 | E16: ='W1 Stats'!E16+'W2 Stats'!E16+'W3 Stats'!E16+'W4 Stats'!E16 -> 160 | F16: ='W1 Stats'!F16+'W2 Stats'!F16+'W3 Stats'!F16+'W4 Stats'!F16 -> 173 | G16: ='W1 Stats'!G16+'W2 Stats'!G16+'W3 Stats'!G16+'W4 Stats'!G16 -> 156 | H16: ='W1 Stats'!H16+'W2 Stats'!H16+'W3 Stats'!H16+'W4 Stats'!H16 -> 4 | I16: ='W1 Stats'!I16+'W2 Stats'!I16+'W3 Stats'!I16+'W4 Stats'!I16 -> 0 | J16: ='W1 Stats'!J16+'W2 Stats'!J16+'W3 Stats'!J16+'W4 Stats'!J16 -> -13 | ... Q16: ='W1 Stats'!Q16+'W2 Stats'!Q16+'W3 Stats'!Q16+'W4 Stats'!Q16 -> 1 | S16: ='Points System'!T55 -> 20 | T16: ='Points System'!U55 -> 45 | U16: ='Points System'!V55 -> 69 | V16: ='Points System'!W55 -> 49 | W16: =SUM(S16:V16) -> 183
B17: El Diablo X230X | C17: ='W1 Stats'!C17+'W2 Stats'!C17+'W3 Stats'!C17+'W4 Stats'!C17 -> 0 | D17: ='W1 Stats'!D17+'W2 Stats'!D17+'W3 Stats'!D17+'W4 Stats'!D17 -> 0 | E17: ='W1 Stats'!E17+'W2 Stats'!E17+'W3 Stats'!E17+'W4 Stats'!E17 -> 0 | F17: ='W1 Stats'!F17+'W2 Stats'!F17+'W3 Stats'!F17+'W4 Stats'!F17 -> 0 | G17: ='W1 Stats'!G17+'W2 Stats'!G17+'W3 Stats'!G17+'W4 Stats'!G17 -> 0 | H17: ='W1 Stats'!H17+'W2 Stats'!H17+'W3 Stats'!H17+'W4 Stats'!H17 -> 0 | I17: ='W1 Stats'!I17+'W2 Stats'!I17+'W3 Stats'!I17+'W4 Stats'!I17 -> 0 | J17: ='W1 Stats'!J17+'W2 Stats'!J17+'W3 Stats'!J17+'W4 Stats'!J17 -> 0 | ... Q17: ='W1 Stats'!Q17+'W2 Stats'!Q17+'W3 Stats'!Q17+'W4 Stats'!Q17 -> 0 | S17: ='Points System'!Z55 -> 0 | T17: ='Points System'!AA55 -> 0 | U17: ='Points System'!AB55 -> 0 | V17: ='Points System'!AC55 -> 0 | W17: =SUM(S17:V17) -> 0
B18: Ming Crusader | C18: ='W1 Stats'!C18+'W2 Stats'!C18+'W3 Stats'!C18+'W4 Stats'!C18 -> 0 | D18: ='W1 Stats'!D18+'W2 Stats'!D18+'W3 Stats'!D18+'W4 Stats'!D18 -> 0 | E18: ='W1 Stats'!E18+'W2 Stats'!E18+'W3 Stats'!E18+'W4 Stats'!E18 -> 0 | F18: ='W1 Stats'!F18+'W2 Stats'!F18+'W3 Stats'!F18+'W4 Stats'!F18 -> 0 | G18: ='W1 Stats'!G18+'W2 Stats'!G18+'W3 Stats'!G18+'W4 Stats'!G18 -> 0 | H18: ='W1 Stats'!H18+'W2 Stats'!H18+'W3 Stats'!H18+'W4 Stats'!H18 -> 0 | I18: ='W1 Stats'!I18+'W2 Stats'!I18+'W3 Stats'!I18+'W4 Stats'!I18 -> 0 | J18: ='W1 Stats'!J18+'W2 Stats'!J18+'W3 Stats'!J18+'W4 Stats'!J18 -> 0 | ... Q18: ='W1 Stats'!Q18+'W2 Stats'!Q18+'W3 Stats'!Q18+'W4 Stats'!Q18 -> 0 | S18: ='Points System'!B69 -> 0 | T18: ='Points System'!C69 -> 0 | U18: ='Points System'!D69 -> 0 | V18: ='Points System'!E69 -> 0 | W18: =SUM(S18:V18) -> 0
B19: Sabasauros Rex | C19: ='W1 Stats'!C19+'W2 Stats'!C19+'W3 Stats'!C19+'W4 Stats'!C19 -> 0 | D19: ='W1 Stats'!D19+'W2 Stats'!D19+'W3 Stats'!D19+'W4 Stats'!D19 -> 0 | E19: ='W1 Stats'!E19+'W2 Stats'!E19+'W3 Stats'!E19+'W4 Stats'!E19 -> 0 | F19: ='W1 Stats'!F19+'W2 Stats'!F19+'W3 Stats'!F19+'W4 Stats'!F19 -> 0 | G19: ='W1 Stats'!G19+'W2 Stats'!G19+'W3 Stats'!G19+'W4 Stats'!G19 -> 0 | H19: ='W1 Stats'!H19+'W2 Stats'!H19+'W3 Stats'!H19+'W4 Stats'!H19 -> 0 | I19: ='W1 Stats'!I19+'W2 Stats'!I19+'W3 Stats'!I19+'W4 Stats'!I19 -> 0 | J19: ='W1 Stats'!J19+'W2 Stats'!J19+'W3 Stats'!J19+'W4 Stats'!J19 -> 0 | ... Q19: ='W1 Stats'!Q19+'W2 Stats'!Q19+'W3 Stats'!Q19+'W4 Stats'!Q19 -> 0 | S19: ='Points System'!H69 -> 0 | T19: ='Points System'!I69 -> 0 | U19: ='Points System'!J69 -> 0 | V19: ='Points System'!K69 -> 0 | W19: =SUM(S19:V19) -> 0
B20: Jeakilla85 | C20: ='W1 Stats'!C20+'W2 Stats'!C20+'W3 Stats'!C20+'W4 Stats'!C20 -> 0 | D20: ='W1 Stats'!D20+'W2 Stats'!D20+'W3 Stats'!D20+'W4 Stats'!D20 -> 0 | E20: ='W1 Stats'!E20+'W2 Stats'!E20+'W3 Stats'!E20+'W4 Stats'!E20 -> 0 | F20: ='W1 Stats'!F20+'W2 Stats'!F20+'W3 Stats'!F20+'W4 Stats'!F20 -> 0 | G20: ='W1 Stats'!G20+'W2 Stats'!G20+'W3 Stats'!G20+'W4 Stats'!G20 -> 0 | H20: ='W1 Stats'!H20+'W2 Stats'!H20+'W3 Stats'!H20+'W4 Stats'!H20 -> 0 | I20: ='W1 Stats'!I20+'W2 Stats'!I20+'W3 Stats'!I20+'W4 Stats'!I20 -> 0 | J20: ='W1 Stats'!J20+'W2 Stats'!J20+'W3 Stats'!J20+'W4 Stats'!J20 -> 0 | ... Q20: ='W1 Stats'!Q20+'W2 Stats'!Q20+'W3 Stats'!Q20+'W4 Stats'!Q20 -> 0 | S20: ='Points System'!N69 -> 0 | T20: ='Points System'!O69 -> 0 | U20: ='Points System'!P69 -> 0 | V20: ='Points System'!Q69 -> 0 | W20: =SUM(S20:V20) -> 0
B21: KDSkill | C21: ='W1 Stats'!C21+'W2 Stats'!C21+'W3 Stats'!C21+'W4 Stats'!C21 -> 0 | D21: ='W1 Stats'!D21+'W2 Stats'!D21+'W3 Stats'!D21+'W4 Stats'!D21 -> 0 | E21: ='W1 Stats'!E21+'W2 Stats'!E21+'W3 Stats'!E21+'W4 Stats'!E21 -> 0 | F21: ='W1 Stats'!F21+'W2 Stats'!F21+'W3 Stats'!F21+'W4 Stats'!F21 -> 0 | G21: ='W1 Stats'!G21+'W2 Stats'!G21+'W3 Stats'!G21+'W4 Stats'!G21 -> 0 | H21: ='W1 Stats'!H21+'W2 Stats'!H21+'W3 Stats'!H21+'W4 Stats'!H21 -> 0 | I21: ='W1 Stats'!I21+'W2 Stats'!I21+'W3 Stats'!I21+'W4 Stats'!I21 -> 0 | J21: ='W1 Stats'!J21+'W2 Stats'!J21+'W3 Stats'!J21+'W4 Stats'!J21 -> 0 | ... Q21: ='W1 Stats'!Q21+'W2 Stats'!Q21+'W3 Stats'!Q21+'W4 Stats'!Q21 -> 0 | S21: ='Points System'!T69 -> 0 | T21: ='Points System'!U69 -> 0 | U21: ='Points System'!V69 -> 0 | V21: ='Points System'!W69 -> 0 | W21: =SUM(S21:V21) -> 0
B22: Myst The Cold | C22: ='W1 Stats'!C22+'W2 Stats'!C22+'W3 Stats'!C22+'W4 Stats'!C22 -> 0 | D22: ='W1 Stats'!D22+'W2 Stats'!D22+'W3 Stats'!D22+'W4 Stats'!D22 -> 0 | E22: ='W1 Stats'!E22+'W2 Stats'!E22+'W3 Stats'!E22+'W4 Stats'!E22 -> 0 | F22: ='W1 Stats'!F22+'W2 Stats'!F22+'W3 Stats'!F22+'W4 Stats'!F22 -> 0 | G22: ='W1 Stats'!G22+'W2 Stats'!G22+'W3 Stats'!G22+'W4 Stats'!G22 -> 0 | H22: ='W1 Stats'!H22+'W2 Stats'!H22+'W3 Stats'!H22+'W4 Stats'!H22 -> 0 | I22: ='W1 Stats'!I22+'W2 Stats'!I22+'W3 Stats'!I22+'W4 Stats'!I22 -> 0 | J22: ='W1 Stats'!J22+'W2 Stats'!J22+'W3 Stats'!J22+'W4 Stats'!J22 -> 0 | ... Q22: ='W1 Stats'!Q22+'W2 Stats'!Q22+'W3 Stats'!Q22+'W4 Stats'!Q22 -> 0 | S22: ='Points System'!Z69 -> 0 | T22: ='Points System'!AA69 -> 0 | U22: ='Points System'!AB69 -> 0 | V22: ='Points System'!AC69 -> 0 | W22: =SUM(S22:V22) -> 0
B23: KING RICKXL | C23: ='W1 Stats'!C23+'W2 Stats'!C23+'W3 Stats'!C23+'W4 Stats'!C23 -> 0 | D23: ='W1 Stats'!D23+'W2 Stats'!D23+'W3 Stats'!D23+'W4 Stats'!D23 -> 0 | E23: ='W1 Stats'!E23+'W2 Stats'!E23+'W3 Stats'!E23+'W4 Stats'!E23 -> 0 | F23: ='W1 Stats'!F23+'W2 Stats'!F23+'W3 Stats'!F23+'W4 Stats'!F23 -> 0 | G23: ='W1 Stats'!G23+'W2 Stats'!G23+'W3 Stats'!G23+'W4 Stats'!G23 -> 0 | H23: ='W1 Stats'!H23+'W2 Stats'!H23+'W3 Stats'!H23+'W4 Stats'!H23 -> 0 | I23: ='W1 Stats'!I23+'W2 Stats'!I23+'W3 Stats'!I23+'W4 Stats'!I23 -> 0 | J23: ='W1 Stats'!J23+'W2 Stats'!J23+'W3 Stats'!J23+'W4 Stats'!J23 -> 0 | ... Q23: ='W1 Stats'!Q23+'W2 Stats'!Q23+'W3 Stats'!Q23+'W4 Stats'!Q23 -> 0 | S23: ='Points System'!B83 -> 0 | T23: ='Points System'!C83 -> 0 | U23: ='Points System'!D83 -> 0 | V23: ='Points System'!E83 -> 0 | W23: =SUM(S23:V23) -> 0
B24: Galvann | C24: ='W1 Stats'!C24+'W2 Stats'!C24+'W3 Stats'!C24+'W4 Stats'!C24 -> 1 | D24: ='W1 Stats'!D24+'W2 Stats'!D24+'W3 Stats'!D24+'W4 Stats'!D24 -> 0 | E24: ='W1 Stats'!E24+'W2 Stats'!E24+'W3 Stats'!E24+'W4 Stats'!E24 -> 168 | F24: ='W1 Stats'!F24+'W2 Stats'!F24+'W3 Stats'!F24+'W4 Stats'!F24 -> 210 | G24: ='W1 Stats'!G24+'W2 Stats'!G24+'W3 Stats'!G24+'W4 Stats'!G24 -> 154 | H24: ='W1 Stats'!H24+'W2 Stats'!H24+'W3 Stats'!H24+'W4 Stats'!H24 -> 12 | I24: ='W1 Stats'!I24+'W2 Stats'!I24+'W3 Stats'!I24+'W4 Stats'!I24 -> 2 | J24: ='W1 Stats'!J24+'W2 Stats'!J24+'W3 Stats'!J24+'W4 Stats'!J24 -> -42 | ... Q24: ='W1 Stats'!Q24+'W2 Stats'!Q24+'W3 Stats'!Q24+'W4 Stats'!Q24 -> 0 | S24: N/A | T24: N/A | U24: N/A | V24: N/A | W24: N/A
B25: imShad | C25: ='W1 Stats'!C25+'W2 Stats'!C25+'W3 Stats'!C25+'W4 Stats'!C25 -> 0 | D25: ='W1 Stats'!D25+'W2 Stats'!D25+'W3 Stats'!D25+'W4 Stats'!D25 -> 0 | E25: ='W1 Stats'!E25+'W2 Stats'!E25+'W3 Stats'!E25+'W4 Stats'!E25 -> 0 | F25: ='W1 Stats'!F25+'W2 Stats'!F25+'W3 Stats'!F25+'W4 Stats'!F25 -> 0 | G25: ='W1 Stats'!G25+'W2 Stats'!G25+'W3 Stats'!G25+'W4 Stats'!G25 -> 0 | H25: ='W1 Stats'!H25+'W2 Stats'!H25+'W3 Stats'!H25+'W4 Stats'!H25 -> 0 | I25: ='W1 Stats'!I25+'W2 Stats'!I25+'W3 Stats'!I25+'W4 Stats'!I25 -> 0 | J25: ='W1 Stats'!J25+'W2 Stats'!J25+'W3 Stats'!J25+'W4 Stats'!J25 -> 0 | ... Q25: ='W1 Stats'!Q25+'W2 Stats'!Q25+'W3 Stats'!Q25+'W4 Stats'!Q25 -> 0 | S25: ='Points System'!H83 -> 0 | T25: ='Points System'!I83 -> 0 | U25: ='Points System'!J83 -> 0 | V25: ='Points System'!K83 -> 0 | W25: =SUM(S25:V25) -> 0
B26: ixGingy | C26: ='W1 Stats'!C26+'W2 Stats'!C26+'W3 Stats'!C26+'W4 Stats'!C26 -> 1 | D26: ='W1 Stats'!D26+'W2 Stats'!D26+'W3 Stats'!D26+'W4 Stats'!D26 -> 0 | E26: ='W1 Stats'!E26+'W2 Stats'!E26+'W3 Stats'!E26+'W4 Stats'!E26 -> 199 | F26: ='W1 Stats'!F26+'W2 Stats'!F26+'W3 Stats'!F26+'W4 Stats'!F26 -> 184 | G26: ='W1 Stats'!G26+'W2 Stats'!G26+'W3 Stats'!G26+'W4 Stats'!G26 -> 183 | H26: ='W1 Stats'!H26+'W2 Stats'!H26+'W3 Stats'!H26+'W4 Stats'!H26 -> 15 | I26: ='W1 Stats'!I26+'W2 Stats'!I26+'W3 Stats'!I26+'W4 Stats'!I26 -> 1 | J26: ='W1 Stats'!J26+'W2 Stats'!J26+'W3 Stats'!J26+'W4 Stats'!J26 -> 15 | ... Q26: ='W1 Stats'!Q26+'W2 Stats'!Q26+'W3 Stats'!Q26+'W4 Stats'!Q26 -> 0 | S26: ='Points System'!N83 -> 2 | T26: ='Points System'!O83 -> 133 | U26: ='Points System'!P83 -> 72 | V26: ='Points System'!Q83 -> 82 | W26: =SUM(S26:V26) -> 289
B27: Ezy08 | C27: ='W1 Stats'!C27+'W2 Stats'!C27+'W3 Stats'!C27+'W4 Stats'!C27 -> 1 | D27: ='W1 Stats'!D27+'W2 Stats'!D27+'W3 Stats'!D27+'W4 Stats'!D27 -> 1 | E27: ='W1 Stats'!E27+'W2 Stats'!E27+'W3 Stats'!E27+'W4 Stats'!E27 -> 167 | F27: ='W1 Stats'!F27+'W2 Stats'!F27+'W3 Stats'!F27+'W4 Stats'!F27 -> 166 | G27: ='W1 Stats'!G27+'W2 Stats'!G27+'W3 Stats'!G27+'W4 Stats'!G27 -> 153 | H27: ='W1 Stats'!H27+'W2 Stats'!H27+'W3 Stats'!H27+'W4 Stats'!H27 -> 11 | I27: ='W1 Stats'!I27+'W2 Stats'!I27+'W3 Stats'!I27+'W4 Stats'!I27 -> 3 | J27: ='W1 Stats'!J27+'W2 Stats'!J27+'W3 Stats'!J27+'W4 Stats'!J27 -> 1 | ... Q27: ='W1 Stats'!Q27+'W2 Stats'!Q27+'W3 Stats'!Q27+'W4 Stats'!Q27 -> 0 | S27: ='Points System'!T83 -> 36 | T27: ='Points System'!U83 -> 84 | U27: ='Points System'!V83 -> 40 | V27: ='Points System'!W83 -> 57 | W27: =SUM(S27:V27) -> 217
B28: Almighty Tycoon | C28: ='W1 Stats'!C28+'W2 Stats'!C28+'W3 Stats'!C28+'W4 Stats'!C28 -> 1 | D28: ='W1 Stats'!D28+'W2 Stats'!D28+'W3 Stats'!D28+'W4 Stats'!D28 -> 3 | E28: ='W1 Stats'!E28+'W2 Stats'!E28+'W3 Stats'!E28+'W4 Stats'!E28 -> 111 | F28: ='W1 Stats'!F28+'W2 Stats'!F28+'W3 Stats'!F28+'W4 Stats'!F28 -> 143 | G28: ='W1 Stats'!G28+'W2 Stats'!G28+'W3 Stats'!G28+'W4 Stats'!G28 -> 83 | H28: ='W1 Stats'!H28+'W2 Stats'!H28+'W3 Stats'!H28+'W4 Stats'!H28 -> 15 | I28: ='W1 Stats'!I28+'W2 Stats'!I28+'W3 Stats'!I28+'W4 Stats'!I28 -> 13 | J28: ='W1 Stats'!J28+'W2 Stats'!J28+'W3 Stats'!J28+'W4 Stats'!J28 -> -32 | ... Q28: ='W1 Stats'!Q28+'W2 Stats'!Q28+'W3 Stats'!Q28+'W4 Stats'!Q28 -> 0 | S28: ='Points System'!Z83 -> 101 | T28: ='Points System'!AA83 -> -29 | U28: ='Points System'!AB83 -> 97 | V28: ='Points System'!AC83 -> 56 | W28: =SUM(S28:V28) -> 225
B29: The Piggies | C29: ='W1 Stats'!C29+'W2 Stats'!C29+'W3 Stats'!C29+'W4 Stats'!C29 -> 0 | D29: ='W1 Stats'!D29+'W2 Stats'!D29+'W3 Stats'!D29+'W4 Stats'!D29 -> 0 | E29: ='W1 Stats'!E29+'W2 Stats'!E29+'W3 Stats'!E29+'W4 Stats'!E29 -> 0 | F29: ='W1 Stats'!F29+'W2 Stats'!F29+'W3 Stats'!F29+'W4 Stats'!F29 -> 0 | G29: ='W1 Stats'!G29+'W2 Stats'!G29+'W3 Stats'!G29+'W4 Stats'!G29 -> 0 | H29: ='W1 Stats'!H29+'W2 Stats'!H29+'W3 Stats'!H29+'W4 Stats'!H29 -> 0 | I29: ='W1 Stats'!I29+'W2 Stats'!I29+'W3 Stats'!I29+'W4 Stats'!I29 -> 0 | J29: ='W1 Stats'!J29+'W2 Stats'!J29+'W3 Stats'!J29+'W4 Stats'!J29 -> 0 | ... Q29: ='W1 Stats'!Q29+'W2 Stats'!Q29+'W3 Stats'!Q29+'W4 Stats'!Q29 -> 0 | S29: ='Points System'!B97 -> 0 | T29: ='Points System'!C97 -> 0 | U29: ='Points System'!D97 -> 0 | V29: ='Points System'!E97 -> 0 | W29: =SUM(S29:V29) -> 0
B30: Invayda Zim | C30: ='W1 Stats'!C30+'W2 Stats'!C30+'W3 Stats'!C30+'W4 Stats'!C30 -> 0 | D30: ='W1 Stats'!D30+'W2 Stats'!D30+'W3 Stats'!D30+'W4 Stats'!D30 -> 0 | E30: ='W1 Stats'!E30+'W2 Stats'!E30+'W3 Stats'!E30+'W4 Stats'!E30 -> 0 | F30: ='W1 Stats'!F30+'W2 Stats'!F30+'W3 Stats'!F30+'W4 Stats'!F30 -> 0 | G30: ='W1 Stats'!G30+'W2 Stats'!G30+'W3 Stats'!G30+'W4 Stats'!G30 -> 0 | H30: ='W1 Stats'!H30+'W2 Stats'!H30+'W3 Stats'!H30+'W4 Stats'!H30 -> 0 | I30: ='W1 Stats'!I30+'W2 Stats'!I30+'W3 Stats'!I30+'W4 Stats'!I30 -> 0 | J30: ='W1 Stats'!J30+'W2 Stats'!J30+'W3 Stats'!J30+'W4 Stats'!J30 -> 0 | ... Q30: ='W1 Stats'!Q30+'W2 Stats'!Q30+'W3 Stats'!Q30+'W4 Stats'!Q30 -> 0 | S30: ='Points System'!H97 -> 0 | T30: ='Points System'!I97 -> 0 | U30: ='Points System'!J97 -> 0 | V30: ='Points System'!K97 -> 0 | W30: =SUM(S30:V30) -> 0
B31: DlGITAL PAIN | C31: ='W1 Stats'!C31+'W2 Stats'!C31+'W3 Stats'!C31+'W4 Stats'!C31 -> 0 | D31: ='W1 Stats'!D31+'W2 Stats'!D31+'W3 Stats'!D31+'W4 Stats'!D31 -> 0 | E31: ='W1 Stats'!E31+'W2 Stats'!E31+'W3 Stats'!E31+'W4 Stats'!E31 -> 0 | F31: ='W1 Stats'!F31+'W2 Stats'!F31+'W3 Stats'!F31+'W4 Stats'!F31 -> 0 | G31: ='W1 Stats'!G31+'W2 Stats'!G31+'W3 Stats'!G31+'W4 Stats'!G31 -> 0 | H31: ='W1 Stats'!H31+'W2 Stats'!H31+'W3 Stats'!H31+'W4 Stats'!H31 -> 0 | I31: ='W1 Stats'!I31+'W2 Stats'!I31+'W3 Stats'!I31+'W4 Stats'!I31 -> 0 | J31: ='W1 Stats'!J31+'W2 Stats'!J31+'W3 Stats'!J31+'W4 Stats'!J31 -> 0 | ... Q31: ='W1 Stats'!Q31+'W2 Stats'!Q31+'W3 Stats'!Q31+'W4 Stats'!Q31 -> 0 | S31: ='Points System'!N97 -> 0 | T31: ='Points System'!O97 -> 0 | U31: ='Points System'!P97 -> 0 | V31: ='Points System'!Q97 -> 0 | W31: =SUM(S31:V31) -> 0
B32: PoisonxPoptart | C32: ='W1 Stats'!C32+'W2 Stats'!C32+'W3 Stats'!C32+'W4 Stats'!C32 -> 0 | D32: ='W1 Stats'!D32+'W2 Stats'!D32+'W3 Stats'!D32+'W4 Stats'!D32 -> 0 | E32: ='W1 Stats'!E32+'W2 Stats'!E32+'W3 Stats'!E32+'W4 Stats'!E32 -> 0 | F32: ='W1 Stats'!F32+'W2 Stats'!F32+'W3 Stats'!F32+'W4 Stats'!F32 -> 0 | G32: ='W1 Stats'!G32+'W2 Stats'!G32+'W3 Stats'!G32+'W4 Stats'!G32 -> 0 | H32: ='W1 Stats'!H32+'W2 Stats'!H32+'W3 Stats'!H32+'W4 Stats'!H32 -> 0 | I32: ='W1 Stats'!I32+'W2 Stats'!I32+'W3 Stats'!I32+'W4 Stats'!I32 -> 0 | J32: ='W1 Stats'!J32+'W2 Stats'!J32+'W3 Stats'!J32+'W4 Stats'!J32 -> 0 | ... Q32: ='W1 Stats'!Q32+'W2 Stats'!Q32+'W3 Stats'!Q32+'W4 Stats'!Q32 -> 0 | S32: ='Points System'!T97 -> 0 | T32: ='Points System'!U97 -> 0 | U32: ='Points System'!V97 -> 0 | V32: ='Points System'!W97 -> 0 | W32: =SUM(S32:V32) -> 0
B33: Mang Canon | C33: ='W1 Stats'!C33+'W2 Stats'!C33+'W3 Stats'!C33+'W4 Stats'!C33 -> 0 | D33: ='W1 Stats'!D33+'W2 Stats'!D33+'W3 Stats'!D33+'W4 Stats'!D33 -> 0 | E33: ='W1 Stats'!E33+'W2 Stats'!E33+'W3 Stats'!E33+'W4 Stats'!E33 -> 0 | F33: ='W1 Stats'!F33+'W2 Stats'!F33+'W3 Stats'!F33+'W4 Stats'!F33 -> 0 | G33: ='W1 Stats'!G33+'W2 Stats'!G33+'W3 Stats'!G33+'W4 Stats'!G33 -> 0 | H33: ='W1 Stats'!H33+'W2 Stats'!H33+'W3 Stats'!H33+'W4 Stats'!H33 -> 0 | I33: ='W1 Stats'!I33+'W2 Stats'!I33+'W3 Stats'!I33+'W4 Stats'!I33 -> 0 | J33: ='W1 Stats'!J33+'W2 Stats'!J33+'W3 Stats'!J33+'W4 Stats'!J33 -> 0 | ... Q33: ='W1 Stats'!Q33+'W2 Stats'!Q33+'W3 Stats'!Q33+'W4 Stats'!Q33 -> 0 | S33: ='Points System'!Z97 -> 0 | T33: ='Points System'!AA97 -> 0 | U33: ='Points System'!AB97 -> 0 | V33: ='Points System'!AC97 -> 0 | W33: =SUM(S33:V33) -> 0

Sheet Points System
A1: TEMPLATE | B1: Runner | C1: Tank | D1: Defender | E1: Hybrid | G1: TEMPLATE | H1: Runner | I1: Tank | J1: Defender | K1: Hybrid | M1: TEMPLATE | N1: Runner | O1: Tank | P1: Defender | Q1: Hybrid | S1: TEMPLATE | T1: Runner | U1: Tank | V1: Defender | W1: Hybrid | Y1: TEMPLATE | Z1: Runner | AA1: Tank | AB1: Defender | AC1: Hybrid
A2: Goals | B2: 15 | E2: 10 | G2: Goals | H2: =B2 -> 15 | I2: =C2 | J2: =D2 | K2: =E2 -> 10 | M2: Goals | N2: =H2 -> 15 | O2: =I2 | P2: =J2 | Q2: =K2 -> 10 | S2: Goals | T2: =N2 -> 15 | U2: =O2 | V2: =P2 | W2: =Q2 -> 10 | Y2: Goals | Z2: =T2 -> 15 | AA2: =U2 | AB2: =V2 | AC2: =W2 -> 10
A3: Sword Kills | D3: 1 | G3: Sword Kills | H3: =B3 | I3: =C3 | J3: =D3 -> 1 | K3: =E3 | M3: Sword Kills | N3: =H3 | O3: =I3 | P3: =J3 -> 1 | Q3: =K3 | S3: Sword Kills | T3: =N3 | U3: =O3 | V3: =P3 -> 1 | W3: =Q3 | Y3: Sword Kills | Z3: =T3 | AA3: =U3 | AB3: =V3 -> 1 | AC3: =W3
A4: Ball Kills | B4: 2 | G4: Ball Kills | H4: =B4 -> 2 | I4: =C4 | J4: =D4 | K4: =E4 | M4: Ball Kills | N4: =H4 -> 2 | O4: =I4 | P4: =J4 | Q4: =K4 | S4: Ball Kills | T4: =N4 -> 2 | U4: =O4 | V4: =P4 | W4: =Q4 | Y4: Ball Kills | Z4: =T4 -> 2 | AA4: =U4 | AB4: =V4 | AC4: =W4
A5: KD Spread | C5: 2 | E5: 1 | G5: KD Spread | H5: =B5 | I5: =C5 -> 2 | J5: =D5 | K5: =E5 -> 1 | M5: KD Spread | N5: =H5 | O5: =I5 -> 2 | P5: =J5 | Q5: =K5 -> 1 | S5: KD Spread | T5: =N5 | U5: =O5 -> 2 | V5: =P5 | W5: =Q5 -> 1 | Y5: KD Spread | Z5: =T5 | AA5: =U5 -> 2 | AB5: =V5 | AC5: =W5 -> 1
A6: First Strike | C6: 10 | E6: 5 | G6: First Strike | H6: =B6 | I6: =C6 -> 10 | J6: =D6 | K6: =E6 -> 5 | M6: First Strike | N6: =H6 | O6: =I6 -> 10 | P6: =J6 | Q6: =K6 -> 5 | S6: First Strike | T6: =N6 | U6: =O6 -> 10 | V6: =P6 | W6: =Q6 -> 5 | Y6: First Strike | Z6: =T6 | AA6: =U6 -> 10 | AB6: =V6 | AC6: =W6 -> 5
A7: First Touch | B7: 15 | D7: 5 | G7: First Touch | H7: =B7 -> 15 | I7: =C7 | J7: =D7 -> 5 | K7: =E7 | M7: First Touch | N7: =H7 -> 15 | O7: =I7 | P7: =J7 -> 5 | Q7: =K7 | S7: First Touch | T7: =N7 -> 15 | U7: =O7 | V7: =P7 -> 5 | W7: =Q7 | Y7: First Touch | Z7: =T7 -> 15 | AA7: =U7 | AB7: =V7 -> 5 | AC7: =W7
A8: Multikill | C8: 1 | G8: Multikill | H8: =B8 | I8: =C8 -> 1 | J8: =D8 | K8: =E8 | M8: Multikill | N8: =H8 | O8: =I8 -> 1 | P8: =J8 | Q8: =K8 | S8: Multikill | T8: =N8 | U8: =O8 -> 1 | V8: =P8 | W8: =Q8 | Y8: Multikill | Z8: =T8 | AA8: =U8 -> 1 | AB8: =V8 | AC8: =W8
A9: Carrier Kill | D9: 15 | E9: 10 | G9: Carrier Kill | H9: =B9 | I9: =C9 | J9: =D9 -> 15 | K9: =E9 -> 10 | M9: Carrier Kill | N9: =H9 | O9: =I9 | P9: =J9 -> 15 | Q9: =K9 -> 10 | S9: Carrier Kill | T9: =N9 | U9: =O9 | V9: =P9 -> 15 | W9: =Q9 -> 10 | Y9: Carrier Kill | Z9: =T9 | AA9: =U9 | AB9: =V9 -> 15 | AC9: =W9 -> 10
A10: Goal Offence | C10: 3 | E10: 2 | G10: Goal Offence | H10: =B10 | I10: =C10 -> 3 | J10: =D10 | K10: =E10 -> 2 | M10: Goal Offence | N10: =H10 | O10: =I10 -> 3 | P10: =J10 | Q10: =K10 -> 2 | S10: Goal Offence | T10: =N10 | U10: =O10 -> 3 | V10: =P10 | W10: =Q10 -> 2 | Y10: Goal Offence | Z10: =T10 | AA10: =U10 -> 3 | AB10: =V10 | AC10: =W10 -> 2
A11: Goal Defence | D11: 3 | E11: 2 | G11: Goal Defence | H11: =B11 | I11: =C11 | J11: =D11 -> 3 | K11: =E11 -> 2 | M11: Goal Defence | N11: =H11 | O11: =I11 | P11: =J11 -> 3 | Q11: =K11 -> 2 | S11: Goal Defence | T11: =N11 | U11: =O11 | V11: =P11 -> 3 | W11: =Q11 -> 2 | Y11: Goal Defence | Z11: =T11 | AA11: =U11 | AB11: =V11 -> 3 | AC11: =W11 -> 2
A12: Win | B12: 20 | C12: 20 | D12: 20 | E12: 20 | G12: Win | H12: =B12 -> 20 | I12: =C12 -> 20 | J12: =D12 -> 20 | K12: =E12 -> 20 | M12: Win | N12: =H12 -> 20 | O12: =I12 -> 20 | P12: =J12 -> 20 | Q12: =K12 -> 20 | S12: Win | T12: =N12 -> 20 | U12: =O12 -> 20 | V12: =P12 -> 20 | W12: =Q12 -> 20 | Y12: Win | Z12: =T12 -> 20 | AA12: =U12 -> 20 | AB12: =V12 -> 20 | AC12: =W12 -> 20
A13: Total | B13: =SUM(B2:B12) -> 52 | C13: =SUM(C2:C12) -> 36 | D13: =SUM(D2:D12) -> 44 | E13: =SUM(E2:E12) -> 50 | G13: Total | H13: =B13 -> 52 | I13: =C13 -> 36 | J13: =D13 -> 44 | K13: =E13 -> 50 | M13: Total | N13: =H13 -> 52 | O13: =I13 -> 36 | P13: =J13 -> 44 | Q13: =K13 -> 50 | S13: Total | T13: =N13 -> 52 | U13: =O13 -> 36 | V13: =P13 -> 44 | W13: =Q13 -> 50 | Y13: Total | Z13: =T13 -> 52 | AA13: =U13 -> 36 | AB13: =V13 -> 44 | AC13: =W13 -> 50
A15: ='Total Stats'!B3 -> Rage More Nerd | B15: Runner | C15: Tank | D15: Defender | E15: Hybrid | G15: ='Total Stats'!B4 -> BCN19 | H15: Runner | I15: Tank | J15: Defender | K15: Hybrid | M15: ='Total Stats'!B5 -> The Eastbrook | N15: Runner | O15: Tank | P15: Defender | Q15: Hybrid | S15: ='Total Stats'!B6 -> ThumpingHawk | T15: Runner | U15: Tank | V15: Defender | W15: Hybrid | Y15: ='Total Stats'!B7 -> Mr Ab0veAverage | Z15: Runner | AA15: Tank | AB15: Defender | AC15: Hybrid
A16: Goals | B16: ='Total Stats'!D3*B2 -> 0 | E16: ='Total Stats'!D3*E2 -> 0 | G16: Goals | H16: ='Total Stats'!D4*H2 -> 0 | K16: ='Total Stats'!D4*K2 -> 0 | M16: Goals | N16: ='Total Stats'!D5*N2 -> 0 | Q16: ='Total Stats'!D5*Q2 -> 0 | S16: Goals | T16: ='Total Stats'!D6*T2 -> 0 | W16: ='Total Stats'!D6*W2 -> 0 | Y16: Goals | Z16: ='Total Stats'!D7*Z2 -> 0 | AC16: ='Total Stats'!D7*AC2 -> 0
A17: Sword Kills | D17: ='Total Stats'!H3*D3 -> 0 | G17: Sword Kills | J17: ='Total Stats'!H4*J4 -> 0 | M17: Sword Kills | P17: ='Total Stats'!H5*P3 -> 0 | S17: Sword Kills | V17: ='Total Stats'!H6*V3 -> 0 | Y17: Sword Kills | AB17: ='Total Stats'!H7*AB3 -> 0
A18: Ball Kills | B18: ='Total Stats'!I3*B4 -> 0 | G18: Ball Kills | H18: ='Total Stats'!I4*H4 -> 0 | M18: Ball Kills | N18: ='Total Stats'!I5*N4 -> 0 | S18: Ball Kills | T18: ='Total Stats'!I6*T4 -> 0 | Y18: Ball Kills | Z18: ='Total Stats'!I7*Z4 -> 0
A19: KD Spread | C19: ='Total Stats'!J3*C5 -> 0 | E19: ='Total Stats'!J3*E5 -> 0 | G19: KD Spread | I19: ='Total Stats'!J4*I5 -> 0 | K19: ='Total Stats'!J4*K5 -> 0 | M19: KD Spread | O19: ='Total Stats'!J5*O5 -> 0 | Q19: ='Total Stats'!J5*Q5 -> 0 | S19: KD Spread | U19: ='Total Stats'!J6*U5 -> 0 | W19: ='Total Stats'!J6*W5 -> 0 | Y19: KD Spread | AA19: ='Total Stats'!J7*AA5 -> 0 | AC19: ='Total Stats'!J7*AC5 -> 0
A20: First Strike | C20: ='Total Stats'!K3*C6 -> 0 | E20: ='Total Stats'!K3*E6 -> 0 | G20: First Strike | I20: ='Total Stats'!K4*I6 -> 0 | K20: ='Total Stats'!K4*K6 -> 0 | M20: First Strike | O20: ='Total Stats'!K5*O6 -> 0 | Q20: ='Total Stats'!K5*Q6 -> 0 | S20: First Strike | U20: ='Total Stats'!K6*U6 -> 0 | W20: ='Total Stats'!K6*W6 -> 0 | Y20: First Strike | AA20: ='Total Stats'!K7*AA6 -> 0 | AC20: ='Total Stats'!K7*AC6 -> 0
A21: First Touch | B21: ='Total Stats'!L3*B7 -> 0 | D21: ='Total Stats'!L3*D7 -> 0 | G21: First Touch | H21: ='Total Stats'!L4*H7 -> 0 | J21: ='Total Stats'!L4*J7 -> 0 | M21: First Touch | N21: ='Total Stats'!L5*N7 -> 0 | P21: ='Total Stats'!L5*P7 -> 0 | S21: First Touch | T21: ='Total Stats'!L6*T7 -> 0 | V21: ='Total Stats'!L6*V7 -> 0 | Y21: First Touch | Z21: ='Total Stats'!L7*Z7 -> 0 | AB21: ='Total Stats'!L7*AB7 -> 0
A22: Multikill | C22: ='Total Stats'!M3*C8 -> 0 | G22: Multikill | I22: ='Total Stats'!M4*I8 -> 0 | M22: Multikill | O22: ='Total Stats'!M5*O8 -> 0 | S22: Multikill | U22: ='Total Stats'!M6*U8 -> 0 | Y22: Multikill | AA22: ='Total Stats'!M7*AA8 -> 0
A23: Carrier Kill | D23: ='Total Stats'!N3*D9 -> 0 | E23: ='Total Stats'!N3*E9 -> 0 | G23: Carrier Kill | J23: ='Total Stats'!N4*J9 -> 0 | K23: ='Total Stats'!N4*K9 -> 0 | M23: Carrier Kill | P23: ='Total Stats'!N5*P9 -> 0 | Q23: ='Total Stats'!N5*Q9 -> 0 | S23: Carrier Kill | V23: ='Total Stats'!N6*V9 -> 0 | W23: ='Total Stats'!N6*W9 -> 0 | Y23: Carrier Kill | AB23: ='Total Stats'!N7*AB9 -> 0 | AC23: ='Total Stats'!N7*AC9 -> 0
A24: Goal Offence | C24: ='Total Stats'!O3*C10 -> 0 | E24: ='Total Stats'!O3*E10 -> 0 | G24: Goal Offence | I24: ='Total Stats'!O4*I10 -> 0 | K24: ='Total Stats'!O4*K10 -> 0 | M24: Goal Offence | O24: ='Total Stats'!O5*O10 -> 0 | Q24: ='Total Stats'!O5*Q10 -> 0 | S24: Goal Offence | U24: ='Total Stats'!O6*U10 -> 0 | W24: ='Total Stats'!O6*W10 -> 0 | Y24: Goal Offence | AA24: ='Total Stats'!O7*AA10 -> 0 | AC24: ='Total Stats'!O7*AC10 -> 0
A25: Goal Defence | D25: ='Total Stats'!P3*D11 -> 0 | E25: ='Total Stats'!P3*E11 -> 0 | G25: Goal Defence | J25: ='Total Stats'!P4*J11 -> 0 | K25: ='Total Stats'!P4*K11 -> 0 | M25: Goal Defence | P25: ='Total Stats'!P5*P11 -> 0 | Q25: ='Total Stats'!P5*Q11 -> 0 | S25: Goal Defence | V25: ='Total Stats'!P6*V11 -> 0 | W25: ='Total Stats'!P6*W11 -> 0 | Y25: Goal Defence | AB25: ='Total Stats'!P7*AB11 -> 0 | AC25: ='Total Stats'!P7*AC11 -> 0
A26: Win | B26: ='Total Stats'!Q3*B12 -> 0 | C26: ='Total Stats'!Q3*C12 -> 0 | D26: ='Total Stats'!Q3*D12 -> 0 | E26: ='Total Stats'!Q3*E12 -> 0 | G26: Win | H26: ='Total Stats'!Q4*H12 -> 0 | I26: ='Total Stats'!Q4*I12 -> 0 | J26: ='Total Stats'!Q4*J12 -> 0 | K26: ='Total Stats'!Q4*K12 -> 0 | M26: Win | N26: ='Total Stats'!Q5*N12 -> 0 | O26: ='Total Stats'!Q5*O12 -> 0 | P26: ='Total Stats'!Q5*P12 -> 0 | Q26: ='Total Stats'!Q5*Q12 -> 0 | S26: Win | T26: ='Total Stats'!Q6*T12 -> 0 | U26: ='Total Stats'!Q6*U12 -> 0 | V26: ='Total Stats'!Q6*V12 -> 0 | W26: ='Total Stats'!Q6*W12 -> 0 | Y26: Win | Z26: ='Total Stats'!Q7*Z12 -> 0 | AA26: ='Total Stats'!Q7*AA12 -> 0 | AB26: ='Total Stats'!Q7*AB12 -> 0 | AC26: ='Total Stats'!Q7*AC12 -> 0
A27: Total | B27: =SUM(B16:B26) -> 0 | C27: =SUM(C16:C26) -> 0 | D27: =SUM(D16:D26) -> 0 | E27: =SUM(E16:E26) -> 0 | G27: Total | H27: =SUM(H16:H26) -> 0 | I27: =SUM(I16:I26) -> 0 | J27: =SUM(J16:J26) -> 0 | K27: =SUM(K16:K26) -> 0 | M27: Total | N27: =SUM(N16:N26) -> 0 | O27: =SUM(O16:O26) -> 0 | P27: =SUM(P16:P26) -> 0 | Q27: =SUM(Q16:Q26) -> 0 | S27: Total | T27: =SUM(T16:T26) -> 0 | U27: =SUM(U16:U26) -> 0 | V27: =SUM(V16:V26) -> 0 | W27: =SUM(W16:W26) -> 0 | Y27: Total | Z27: =SUM(Z16:Z26) -> 0 | AA27: =SUM(AA16:AA26) -> 0 | AB27: =SUM(AB16:AB26) -> 0 | AC27: =SUM(AC16:AC26) -> 0
A29: ='Total Stats'!B8 -> InfiniteRainge | B29: Runner | C29: Tank | D29: Defender | E29: Hybrid | G29: ='Total Stats'!B9 -> ACE B S1lentND1 | H29: Runner | I29: Tank | J29: Defender | K29: Hybrid | M29: ='Total Stats'!B10 -> DCleak | N29: Runner | O29: Tank | P29: Defender | Q29: Hybrid | S29: ='Total Stats'!B11 -> ST0P K1LLING ME | T29: Runner | U29: Tank | V29: Defender | W29: Hybrid | Y29: ='Total Stats'!B12 -> oUnique Rose | Z29: Runner | AA29: Tank | AB29: Defender | AC29: Hybrid
A30: Goals | B30: ='Total Stats'!D8*B2 -> 0 | E30: ='Total Stats'!D8*E2 -> 0 | G30: Goals | H30: ='Total Stats'!D9*H2 -> 0 | K30: ='Total Stats'!D9*K2 -> 0 | M30: Goals | N30: ='Total Stats'!D10*N2 -> 0 | Q30: ='Total Stats'!D10*Q2 -> 0 | S30: Goals | T30: ='Total Stats'!D11*T2 -> 0 | W30: ='Total Stats'!D11*W2 -> 0 | Y30: Goals | Z30: ='Total Stats'!D12*Z2 -> 0 | AC30: ='Total Stats'!D12*AC2 -> 0
A31: Sword Kills | D31: ='Total Stats'!H8*D3 -> 0 | G31: Sword Kills | J31: ='Total Stats'!H9*J3 -> 0 | M31: Sword Kills | P31: ='Total Stats'!H10*P3 -> 0 | S31: Sword Kills | V31: ='Total Stats'!H11*V3 -> 0 | Y31: Sword Kills | AB31: ='Total Stats'!H12*AB3 -> 0
A32: Ball Kills | B32: ='Total Stats'!I8*B4 -> 0 | G32: Ball Kills | H32: ='Total Stats'!I9*H4 -> 0 | M32: Ball Kills | N32: ='Total Stats'!I10*N4 -> 0 | S32: Ball Kills | T32: ='Total Stats'!I11*T4 -> 0 | Y32: Ball Kills | Z32: ='Total Stats'!I12*Z4 -> 0
A33: KD Spread | C33: ='Total Stats'!J8*C5 -> 0 | E33: ='Total Stats'!J8*E5 -> 0 | G33: KD Spread | I33: ='Total Stats'!J9*I5 -> 0 | K33: ='Total Stats'!J9*K5 -> 0 | M33: KD Spread | O33: ='Total Stats'!J10*O5 -> 0 | Q33: ='Total Stats'!J10*Q5 -> 0 | S33: KD Spread | U33: ='Total Stats'!J11*U5 -> 0 | W33: ='Total Stats'!J11*W5 -> 0 | Y33: KD Spread | AA33: ='Total Stats'!J12*AA5 -> 0 | AC33: ='Total Stats'!J12*AC5 -> 0
A34: First Strike | C34: ='Total Stats'!K8*C6 -> 0 | E34: ='Total Stats'!K8*E6 -> 0 | G34: First Strike | I34: ='Total Stats'!K9*I6 -> 0 | K34: ='Total Stats'!K9*K6 -> 0 | M34: First Strike | O34: ='Total Stats'!K10*O6 -> 0 | Q34: ='Total Stats'!K10*Q6 -> 0 | S34: First Strike | U34: ='Total Stats'!K11*U6 -> 0 | W34: ='Total Stats'!K11*W6 -> 0 | Y34: First Strike | AA34: ='Total Stats'!K12*AA6 -> 0 | AC34: ='Total Stats'!K12*AC6 -> 0
A35: First Touch | B35: ='Total Stats'!L8*B7 -> 0 | D35: ='Total Stats'!L8*D7 -> 0 | G35: First Touch | H35: ='Total Stats'!L9*H7 -> 0 | J35: ='Total Stats'!L9*J7 -> 0 | M35: First Touch | N35: ='Total Stats'!L10*N7 -> 0 | P35: ='Total Stats'!L10*P7 -> 0 | S35: First Touch | T35: ='Total Stats'!L11*T7 -> 0 | V35: ='Total Stats'!L11*V7 -> 0 | Y35: First Touch | Z35: ='Total Stats'!L12*Z7 -> 0 | AB35: ='Total Stats'!L12*AB7 -> 0
A36: Multikill | C36: ='Total Stats'!M8*C8 -> 0 | G36: Multikill | I36: ='Total Stats'!M9*C9 -> 0 | M36: Multikill | O36: ='Total Stats'!M10*O8 -> 0 | S36: Multikill | U36: ='Total Stats'!M11*U8 -> 0 | Y36: Multikill | AA36: ='Total Stats'!M12*AA8 -> 0
A37: Carrier Kill | D37: ='Total Stats'!N8*D9 -> 0 | E37: ='Total Stats'!N8*E9 -> 0 | G37: Carrier Kill | J37: ='Total Stats'!N9*J9 -> 0 | K37: ='Total Stats'!N9*K9 -> 0 | M37: Carrier Kill | P37: ='Total Stats'!N10*P9 -> 0 | Q37: ='Total Stats'!N10*Q9 -> 0 | S37: Carrier Kill | V37: ='Total Stats'!N11*V9 -> 0 | W37: ='Total Stats'!N11*W9 -> 0 | Y37: Carrier Kill | AB37: ='Total Stats'!N12*AB9 -> 0 | AC37: ='Total Stats'!N12*AC9 -> 0
A38: Goal Offence | C38: ='Total Stats'!O8*C10 -> 0 | E38: ='Total Stats'!O8*E10 -> 0 | G38: Goal Offence | I38: ='Total Stats'!O9*I10 -> 0 | K38: ='Total Stats'!O9*K10 -> 0 | M38: Goal Offence | O38: ='Total Stats'!O10*O10 -> 0 | Q38: ='Total Stats'!O10*Q10 -> 0 | S38: Goal Offence | U38: ='Total Stats'!O11*U10 -> 0 | W38: ='Total Stats'!O11*W10 -> 0 | Y38: Goal Offence | AA38: ='Total Stats'!O12*AA10 -> 0 | AC38: ='Total Stats'!O12*AC10 -> 0
A39: Goal Defence | D39: ='Total Stats'!P8*D11 -> 0 | E39: ='Total Stats'!P8*E11 -> 0 | G39: Goal Defence | J39: ='Total Stats'!P9*J11 -> 0 | K39: ='Total Stats'!P9*K11 -> 0 | M39: Goal Defence | P39: ='Total Stats'!P10*P11 -> 0 | Q39: ='Total Stats'!P10*Q11 -> 0 | S39: Goal Defence | V39: ='Total Stats'!P11*V11 -> 0 | W39: ='Total Stats'!P11*W11 -> 0 | Y39: Goal Defence | AB39: ='Total Stats'!P12*AB11 -> 0 | AC39: ='Total Stats'!P12*AC11 -> 0
A40: Win | B40: ='Total Stats'!Q8*B12 -> 0 | C40: ='Total Stats'!Q8*C12 -> 0 | D40: ='Total Stats'!Q8*D12 -> 0 | E40: ='Total Stats'!Q8*E12 -> 0 | G40: Win | H40: ='Total Stats'!Q9*H12 -> 0 | I40: ='Total Stats'!Q9*I12 -> 0 | J40: ='Total Stats'!Q9*J12 -> 0 | K40: ='Total Stats'!Q9*K12 -> 0 | M40: Win | N40: ='Total Stats'!Q10*N12 -> 0 | O40: ='Total Stats'!Q10*O12 -> 0 | P40: ='Total Stats'!Q10*P12 -> 0 | Q40: ='Total Stats'!Q10*Q12 -> 0 | S40: Win | T40: ='Total Stats'!Q11*T12 -> 0 | U40: ='Total Stats'!Q11*U12 -> 0 | V40: ='Total Stats'!Q11*V12 -> 0 | W40: ='Total Stats'!Q11*W12 -> 0 | Y40: Win | Z40: ='Total Stats'!Q12*Z12 -> 0 | AA40: ='Total Stats'!Q12*AA12 -> 0 | AB40: ='Total Stats'!Q12*AB12 -> 0 | AC40: ='Total Stats'!Q12*AC12 -> 0
A41: Total | B41: =SUM(B30:B40) -> 0 | C41: =SUM(C30:C40) -> 0 | D41: =SUM(D30:D40) -> 0 | E41: =SUM(E30:E40) -> 0 | G41: Total | H41: =SUM(H30:H40) -> 0 | I41: =SUM(I30:I40) -> 0 | J41: =SUM(J30:J40) -> 0 | K41: =SUM(K30:K40) -> 0 | M41: Total | N41: =SUM(N30:N40) -> 0 | O41: =SUM(O30:O40) -> 0 | P41: =SUM(P30:P40) -> 0 | Q41: =SUM(Q30:Q40) -> 0 | S41: Total | T41: =SUM(T30:T40) -> 0 | U41: =SUM(U30:U40) -> 0 | V41: =SUM(V30:V40) -> 0 | W41: =SUM(W30:W40) -> 0 | Y41: Total | Z41: =SUM(Z30:Z40) -> 0 | AA41: =SUM(AA30:AA40) -> 0 | AB41: =SUM(AB30:AB40) -> 0 | AC41: =SUM(AC30:AC40) -> 0
A43: ='Total Stats'!B13 -> NetsPride15 | B43: Runner | C43: Tank | D43: Defender | E43: Hybrid | G43: ='Total Stats'!B14 -> Saintz The God | H43: Runner | I43: Tank | J43: Defender | K43: Hybrid | M43: ='Total Stats'!B15 -> Silva | N43: Runner | O43: Tank | P43: Defender | Q43: Hybrid | S43: ='Total Stats'!B16 -> AJ DaJuiceMayne | T43: Runner | U43: Tank | V43: Defender | W43: Hybrid | Y43: ='Total Stats'!B17 -> El Diablo X230X | Z43: Runner | AA43: Tank | AB43: Defender | AC43: Hybrid
A44: Goals | B44: ='Total Stats'!D13*B2 -> 15 | E44: ='Total Stats'!D13*E2 -> 10 | G44: Goals | H44: ='Total Stats'!D14*H2 -> 0 | K44: ='Total Stats'!D14*K2 -> 0 | M44: Goals | N44: ='Total Stats'!D15*N2 -> 60 | Q44: ='Total Stats'!D15*Q2 -> 40 | S44: Goals | T44: ='Total Stats'!D16*T2 -> 0 | W44: ='Total Stats'!D16*W2 -> 0 | Y44: Goals | Z44: ='Total Stats'!D17*Z2 -> 0 | AC44: ='Total Stats'!D17*AC2 -> 0
A45: Sword Kills | D45: ='Total Stats'!H13*D3 -> 3 | G45: Sword Kills | J45: ='Total Stats'!H14*J3 -> 15 | M45: Sword Kills | P45: ='Total Stats'!H15*J3 -> 23 | S45: Sword Kills | V45: ='Total Stats'!H16*J3 -> 4 | Y45: Sword Kills | AB45: ='Total Stats'!H17*P3 -> 0
A46: Ball Kills | B46: ='Total Stats'!I13*B4 -> 2 | G46: Ball Kills | H46: ='Total Stats'!I14*H4 -> 16 | M46: Ball Kills | N46: ='Total Stats'!I15*H4 -> 44 | S46: Ball Kills | T46: ='Total Stats'!I16*H4 -> 0 | Y46: Ball Kills | Z46: ='Total Stats'!I17*N4 -> 0
A47: KD Spread | C47: ='Total Stats'!J13*C5 -> -60 | E47: ='Total Stats'!J13*E5 -> -30 | G47: KD Spread | I47: ='Total Stats'!J14*I5 -> 116 | K47: ='Total Stats'!J14*K5 -> 58 | M47: KD Spread | O47: ='Total Stats'!J15*O5 -> 6 | Q47: ='Total Stats'!J15*Q5 -> 3 | S47: KD Spread | U47: ='Total Stats'!J16*U5 -> -26 | W47: ='Total Stats'!J16*W5 -> -13 | Y47: KD Spread | AA47: ='Total Stats'!J17*AA5 -> 0 | AC47: ='Total Stats'!J17*AC5 -> 0
A48: First Strike | C48: ='Total Stats'!K13*C6 -> 30 | E48: ='Total Stats'!K13*E6 -> 15 | G48: First Strike | I48: ='Total Stats'!K14*I6 -> 0 | K48: ='Total Stats'!K14*K6 -> 0 | M48: First Strike | O48: ='Total Stats'!K15*O6 -> 0 | Q48: ='Total Stats'!K15*Q6 -> 0 | S48: First Strike | U48: ='Total Stats'!K16*U6 -> 0 | W48: ='Total Stats'!K16*W6 -> 0 | Y48: First Strike | AA48: ='Total Stats'!K17*AA6 -> 0 | AC48: ='Total Stats'!K17*AC6 -> 0
A49: First Touch | B49: ='Total Stats'!L13*B7 -> 0 | D49: ='Total Stats'!L13*D7 -> 0 | G49: First Touch | H49: ='Total Stats'!L14*H7 -> 45 | J49: ='Total Stats'!L14*J7 -> 15 | M49: First Touch | N49: ='Total Stats'!L15*N7 -> 45 | P49: ='Total Stats'!L15*P7 -> 15 | S49: First Touch | T49: ='Total Stats'!L16*T7 -> 0 | V49: ='Total Stats'!L16*V7 -> 0 | Y49: First Touch | Z49: ='Total Stats'!L17*Z7 -> 0 | AB49: ='Total Stats'!L17*AB7 -> 0
A50: Multikill | C50: ='Total Stats'!M13*C8 -> 48 | G50: Multikill | I50: ='Total Stats'!M14*I8 -> 61 | M50: Multikill | O50: ='Total Stats'!M15*O8 -> 29 | S50: Multikill | U50: ='Total Stats'!M16*U8 -> 33 | Y50: Multikill | AA50: ='Total Stats'!M17*AA8 -> 0
A51: Carrier Kill | D51: ='Total Stats'!N13*D9 -> 45 | E51: ='Total Stats'!N13*E9 -> 30 | G51: Carrier Kill | J51: ='Total Stats'!N14*J9 -> 120 | K51: ='Total Stats'!N14*K9 -> 80 | M51: Carrier Kill | P51: ='Total Stats'!N15*P9 -> 15 | Q51: ='Total Stats'!N15*Q9 -> 10 | S51: Carrier Kill | V51: ='Total Stats'!N16*V9 -> 30 | W51: ='Total Stats'!N16*W9 -> 20 | Y51: Carrier Kill | AB51: ='Total Stats'!N17*AB9 -> 0 | AC51: ='Total Stats'!N17*AC9 -> 0
A52: Goal Offence | C52: ='Total Stats'!O13*C10 -> 33 | E52: ='Total Stats'!O13*E10 -> 22 | G52: Goal Offence | I52: ='Total Stats'!O14*I10 -> 18 | K52: ='Total Stats'!O14*K10 -> 12 | M52: Goal Offence | O52: ='Total Stats'!O15*O10 -> 18 | Q52: ='Total Stats'!O15*Q10 -> 12 | S52: Goal Offence | U52: ='Total Stats'!O16*U10 -> 18 | W52: ='Total Stats'!O16*W10 -> 12 | Y52: Goal Offence | AA52: ='Total Stats'!O17*AA10 -> 0 | AC52: ='Total Stats'!O17*AC10 -> 0
A53: Goal Defence | D53: ='Total Stats'!P13*D11 -> 21 | E53: ='Total Stats'!P13*E11 -> 14 | G53: Goal Defence | J53: ='Total Stats'!P14*J11 -> 6 | K53: ='Total Stats'!P14*K11 -> 4 | M53: Goal Defence | P53: ='Total Stats'!P15*P11 -> 9 | Q53: ='Total Stats'!P15*Q11 -> 6 | S53: Goal Defence | V53: ='Total Stats'!P16*V11 -> 15 | W53: ='Total Stats'!P16*W11 -> 10 | Y53: Goal Defence | AB53: ='Total Stats'!P17*AB11 -> 0 | AC53: ='Total Stats'!P17*AC11 -> 0
A54: Win | B54: ='Total Stats'!Q13*B12 -> 20 | C54: ='Total Stats'!Q13*C12 -> 20 | D54: ='Total Stats'!Q13*D12 -> 20 | E54: ='Total Stats'!Q13*E12 -> 20 | G54: Win | H54: ='Total Stats'!Q14*H12 -> 20 | I54: ='Total Stats'!Q14*I12 -> 20 | J54: ='Total Stats'!Q14*J12 -> 20 | K54: ='Total Stats'!Q14*K12 -> 20 | M54: Win | N54: ='Total Stats'!Q15*N12 -> 20 | O54: ='Total Stats'!Q15*O12 -> 20 | P54: ='Total Stats'!Q15*P12 -> 20 | Q54: ='Total Stats'!Q15*Q12 -> 20 | S54: Win | T54: ='Total Stats'!Q16*T12 -> 20 | U54: ='Total Stats'!Q16*U12 -> 20 | V54: ='Total Stats'!Q16*V12 -> 20 | W54: ='Total Stats'!Q16*W12 -> 20 | Y54: Win | Z54: ='Total Stats'!Q17*Z12 -> 0 | AA54: ='Total Stats'!Q17*AA12 -> 0 | AB54: ='Total Stats'!Q17*AB12 -> 0 | AC54: ='Total Stats'!Q17*AC12 -> 0
A55: Total | B55: =SUM(B44:B54) -> 37 | C55: =SUM(C44:C54) -> 71 | D55: =SUM(D44:D54) -> 89 | E55: =SUM(E44:E54) -> 81 | G55: Total | H55: =SUM(H44:H54) -> 81 | I55: =SUM(I44:I54) -> 215 | J55: =SUM(J44:J54) -> 176 | K55: =SUM(K44:K54) -> 174 | M55: Total | N55: =SUM(N44:N54) -> 169 | O55: =SUM(O44:O54) -> 73 | P55: =SUM(P44:P54) -> 82 | Q55: =SUM(Q44:Q54) -> 91 | S55: Total | T55: =SUM(T44:T54) -> 20 | U55: =SUM(U44:U54) -> 45 | V55: =SUM(V44:V54) -> 69 | W55: =SUM(W44:W54) -> 49 | Y55: Total | Z55: =SUM(Z44:Z54) -> 0 | AA55: =SUM(AA44:AA54) -> 0 | AB55: =SUM(AB44:AB54) -> 0 | AC55: =SUM(AC44:AC54) -> 0
A57: ='Total Stats'!B18 -> Ming Crusader | B57: Runner | C57: Tank | D57: Defender | E57: Hybrid | G57: ='Total Stats'!B19 -> Sabasauros Rex | H57: Runner | I57: Tank | J57: Defender | K57: Hybrid | M57: ='Total Stats'!B20 -> Jeakilla85 | N57: Runner | O57: Tank | P57: Defender | Q57: Hybrid | S57: ='Total Stats'!B21 -> KDSkill | T57: Runner | U57: Tank | V57: Defender | W57: Hybrid | Y57: ='Total Stats'!B22 -> Myst The Cold | Z57: Runner | AA57: Tank | AB57: Defender | AC57: Hybrid
A58: Goals | B58: ='Total Stats'!D18*B2 -> 0 | E58: ='Total Stats'!D18*E2 -> 0 | G58: Goals | H58: ='Total Stats'!D19*H2 -> 0 | K58: ='Total Stats'!D19*K2 -> 0 | M58: Goals | N58: ='Total Stats'!D20*N2 -> 0 | Q58: ='Total Stats'!D20*Q2 -> 0 | S58: Goals | T58: ='Total Stats'!D21*T2 -> 0 | W58: ='Total Stats'!D21*W2 -> 0 | Y58: Goals | Z58: ='Total Stats'!D22*Z2 -> 0 | AC58: ='Total Stats'!D22*AC2 -> 0
A59: Sword Kills | D59: ='Total Stats'!H18*D3 -> 0 | G59: Sword Kills | J59: ='Total Stats'!H19*J3 -> 0 | M59: Sword Kills | P59: ='Total Stats'!H20*P3 -> 0 | S59: Sword Kills | V59: ='Total Stats'!H21*V3 -> 0 | Y59: Sword Kills | AB59: ='Total Stats'!H22*AB3 -> 0
A60: Ball Kills | B60: ='Total Stats'!I18*B4 -> 0 | G60: Ball Kills | H60: ='Total Stats'!I19*H4 -> 0 | M60: Ball Kills | N60: ='Total Stats'!I20*N4 -> 0 | S60: Ball Kills | T60: ='Total Stats'!I21*T4 -> 0 | Y60: Ball Kills | Z60: ='Total Stats'!I22*Z4 -> 0
A61: KD Spread | C61: ='Total Stats'!J18*C5 -> 0 | E61: ='Total Stats'!J18*E5 -> 0 | G61: KD Spread | I61: ='Total Stats'!J19*I5 -> 0 | K61: ='Total Stats'!J19*K5 -> 0 | M61: KD Spread | O61: ='Total Stats'!J20*O5 -> 0 | Q61: ='Total Stats'!J20*Q5 -> 0 | S61: KD Spread | U61: ='Total Stats'!J21*U5 -> 0 | W61: ='Total Stats'!J21*W5 -> 0 | Y61: KD Spread | AA61: ='Total Stats'!J22*AA5 -> 0 | AC61: ='Total Stats'!J22*AC5 -> 0
A62: First Strike | C62: ='Total Stats'!K18*C6 -> 0 | E62: ='Total Stats'!K18*E6 -> 0 | G62: First Strike | I62: ='Total Stats'!K19*I6 -> 0 | K62: ='Total Stats'!K19*K6 -> 0 | M62: First Strike | O62: ='Total Stats'!K20*O6 -> 0 | Q62: ='Total Stats'!K20*Q6 -> 0 | S62: First Strike | U62: ='Total Stats'!K21*U6 -> 0 | W62: ='Total Stats'!K21*W6 -> 0 | Y62: First Strike | AA62: ='Total Stats'!K22*AA6 -> 0 | AC62: ='Total Stats'!K22*AC6 -> 0
A63: First Touch | B63: ='Total Stats'!L18*B7 -> 0 | D63: ='Total Stats'!L18*D7 -> 0 | G63: First Touch | H63: ='Total Stats'!L19*H7 -> 0 | J63: ='Total Stats'!L19*J7 -> 0 | M63: First Touch | N63: ='Total Stats'!L20*N7 -> 0 | P63: ='Total Stats'!L20*P7 -> 0 | S63: First Touch | T63: ='Total Stats'!L21*T7 -> 0 | V63: ='Total Stats'!L21*V7 -> 0 | Y63: First Touch | Z63: ='Total Stats'!L22*Z7 -> 0 | AB63: ='Total Stats'!L22*AB7 -> 0
A64: Multikill | C64: ='Total Stats'!M18*C8 -> 0 | G64: Multikill | I64: ='Total Stats'!M19*C8 -> 0 | M64: Multikill | O64: ='Total Stats'!M20*O8 -> 0 | S64: Multikill | U64: ='Total Stats'!M21*U8 -> 0 | Y64: Multikill | AA64: ='Total Stats'!M22*AA8 -> 0
A65: Carrier Kill | D65: ='Total Stats'!N18*D9 -> 0 | E65: ='Total Stats'!N18*E9 -> 0 | G65: Carrier Kill | J65: ='Total Stats'!N19*J9 -> 0 | K65: ='Total Stats'!N19*K9 -> 0 | M65: Carrier Kill | P65: ='Total Stats'!N20*P9 -> 0 | Q65: ='Total Stats'!N20*Q9 -> 0 | S65: Carrier Kill | V65: ='Total Stats'!N21*V9 -> 0 | W65: ='Total Stats'!N21*W9 -> 0 | Y65: Carrier Kill | AB65: ='Total Stats'!N22*AB9 -> 0 | AC65: ='Total Stats'!N22*AC9 -> 0
A66: Goal Offence | C66: ='Total Stats'!O18*C10 -> 0 | E66: ='Total Stats'!O18*E10 -> 0 | G66: Goal Offence | I66: ='Total Stats'!O19*I10 -> 0 | K66: ='Total Stats'!O19*K10 -> 0 | M66: Goal Offence | O66: ='Total Stats'!O20*O10 -> 0 | Q66: ='Total Stats'!O20*Q10 -> 0 | S66: Goal Offence | U66: ='Total Stats'!O21*U10 -> 0 | W66: ='Total Stats'!O21*W10 -> 0 | Y66: Goal Offence | AA66: ='Total Stats'!O22*AA10 -> 0 | AC66: ='Total Stats'!O22*AC10 -> 0
A67: Goal Defence | D67: ='Total Stats'!P18*D11 -> 0 | E67: ='Total Stats'!P18*E11 -> 0 | G67: Goal Defence | J67: ='Total Stats'!P19*J11 -> 0 | K67: ='Total Stats'!P19*K11 -> 0 | M67: Goal Defence | P67: ='Total Stats'!P20*P11 -> 0 | Q67: ='Total Stats'!P20*Q11 -> 0 | S67: Goal Defence | V67: ='Total Stats'!P21*V11 -> 0 | W67: ='Total Stats'!P21*W11 -> 0 | Y67: Goal Defence | AB67: ='Total Stats'!P22*AB11 -> 0 | AC67: ='Total Stats'!P22*AC11 -> 0
A68: Win | B68: ='Total Stats'!Q18*B12 -> 0 | C68: ='Total Stats'!Q18*C12 -> 0 | D68: ='Total Stats'!Q18*D12 -> 0 | E68: ='Total Stats'!Q18*E12 -> 0 | G68: Win | H68: ='Total Stats'!Q19*H12 -> 0 | I68: ='Total Stats'!Q19*I12 -> 0 | J68: ='Total Stats'!Q19*J12 -> 0 | K68: ='Total Stats'!Q19*K12 -> 0 | M68: Win | N68: ='Total Stats'!Q20*N12 -> 0 | O68: ='Total Stats'!Q20*O12 -> 0 | P68: ='Total Stats'!Q20*P12 -> 0 | Q68: ='Total Stats'!Q20*Q12 -> 0 | S68: Win | T68: ='Total Stats'!Q21*T12 -> 0 | U68: ='Total Stats'!Q21*U12 -> 0 | V68: ='Total Stats'!Q21*V12 -> 0 | W68: ='Total Stats'!Q21*W12 -> 0 | Y68: Win | Z68: ='Total Stats'!Q22*Z12 -> 0 | AA68: ='Total Stats'!Q22*AA12 -> 0 | AB68: ='Total Stats'!Q22*AB12 -> 0 | AC68: ='Total Stats'!Q22*AC12 -> 0
A69: Total | B69: =SUM(B58:B68) -> 0 | C69: =SUM(C58:C68) -> 0 | D69: =SUM(D58:D68) -> 0 | E69: =SUM(E58:E68) -> 0 | G69: Total | H69: =SUM(H58:H68) -> 0 | I69: =SUM(I58:I68) -> 0 | J69: =SUM(J58:J68) -> 0 | K69: =SUM(K58:K68) -> 0 | M69: Total | N69: =SUM(N58:N68) -> 0 | O69: =SUM(O58:O68) -> 0 | P69: =SUM(P58:P68) -> 0 | Q69: =SUM(Q58:Q68) -> 0 | S69: Total | T69: =SUM(T58:T68) -> 0 | U69: =SUM(U58:U68) -> 0 | V69: =SUM(V58:V68) -> 0 | W69: =SUM(W58:W68) -> 0 | Y69: Total | Z69: =SUM(Z58:Z68) -> 0 | AA69: =SUM(AA58:AA68) -> 0 | AB69: =SUM(AB58:AB68) -> 0 | AC69: =SUM(AC58:AC68) -> 0
A71: ='Total Stats'!B23 -> KING RICKXL | B71: Runner | C71: Tank | D71: Defender | E71: Hybrid | G71: ='Total Stats'!B25 -> imShad | H71: Runner | I71: Tank | J71: Defender | K71: Hybrid | M71: ='Total Stats'!B26 -> ixGingy | N71: Runner | O71: Tank | P71: Defender | Q71: Hybrid | S71: ='Total Stats'!B27 -> Ezy08 | T71: Runner | U71: Tank | V71: Defender | W71: Hybrid | Y71: ='Total Stats'!B28 -> Almighty Tycoon | Z71: Runner | AA71: Tank | AB71: Defender | AC71: Hybrid
A72: Goals | B72: ='Total Stats'!D23*B2 -> 0 | E72: ='Total Stats'!D23*E2 -> 0 | G72: Goals | H72: ='Total Stats'!D25*H2 -> 0 | K72: ='Total Stats'!D25*K2 -> 0 | M72: Goals | N72: ='Total Stats'!D26*N2 -> 0 | Q72: ='Total Stats'!D26*Q2 -> 0 | S72: Goals | T72: ='Total Stats'!D27*T2 -> 15 | W72: ='Total Stats'!D27*W2 -> 10 | Y72: Goals | Z72: ='Total Stats'!D28*Z2 -> 45 | AC72: ='Total Stats'!D28*AC2 -> 30
A73: Sword Kills | D73: ='Total Stats'!H23*D3 -> 0 | G73: Sword Kills | J73: ='Total Stats'!H25*J3 -> 0 | M73: Sword Kills | P73: ='Total Stats'!H26*J3 -> 15 | S73: Sword Kills | V73: ='Total Stats'!H27*J3 -> 11 | Y73: Sword Kills | AB73: ='Total Stats'!H28*P3 -> 15
A74: Ball Kills | B74: ='Total Stats'!I23*B4 -> 0 | G74: Ball Kills | H74: ='Total Stats'!I25*H4 -> 0 | M74: Ball Kills | N74: ='Total Stats'!I26*H4 -> 2 | S74: Ball Kills | T74: ='Total Stats'!I27*H4 -> 6 | Y74: Ball Kills | Z74: ='Total Stats'!I28*N4 -> 26
A75: KD Spread | C75: ='Total Stats'!J23*C5 -> 0 | E75: ='Total Stats'!J23*E5 -> 0 | G75: KD Spread | I75: ='Total Stats'!J25*I5 -> 0 | K75: ='Total Stats'!J25*K5 -> 0 | M75: KD Spread | O75: ='Total Stats'!J26*O5 -> 30 | Q75: ='Total Stats'!J26*Q5 -> 15 | S75: KD Spread | U75: ='Total Stats'!J27*U5 -> 2 | W75: ='Total Stats'!J27*W5 -> 1 | Y75: KD Spread | AA75: ='Total Stats'!J28*AA5 -> -64 | AC75: ='Total Stats'!J28*AC5 -> -32
A76: First Strike | C76: ='Total Stats'!K23*C6 -> 0 | E76: ='Total Stats'!K23*E6 -> 0 | G76: First Strike | I76: ='Total Stats'!K25*I6 -> 0 | K76: ='Total Stats'!K25*K6 -> 0 | M76: First Strike | O76: ='Total Stats'!K26*O6 -> 30 | Q76: ='Total Stats'!K26*Q6 -> 15 | S76: First Strike | U76: ='Total Stats'!K27*U6 -> 0 | W76: ='Total Stats'!K27*W6 -> 0 | Y76: First Strike | AA76: ='Total Stats'!K28*AA6 -> 0 | AC76: ='Total Stats'!K28*AC6 -> 0
A77: First Touch | B77: ='Total Stats'!L23*B7 -> 0 | D77: ='Total Stats'!L23*D7 -> 0 | G77: First Touch | H77: ='Total Stats'!L25*H7 -> 0 | J77: ='Total Stats'!L25*J7 -> 0 | M77: First Touch | N77: ='Total Stats'!L26*N7 -> 0 | P77: ='Total Stats'!L26*P7 -> 0 | S77: First Touch | T77: ='Total Stats'!L27*T7 -> 15 | V77: ='Total Stats'!L27*V7 -> 5 | Y77: First Touch | Z77: ='Total Stats'!L28*Z7 -> 30 | AB77: ='Total Stats'!L28*AB7 -> 10
A78: Multikill | C78: ='Total Stats'!M23*C8 -> 0 | G78: Multikill | I78: ='Total Stats'!M25*I8 -> 0 | M78: Multikill | O78: ='Total Stats'!M26*O8 -> 52 | S78: Multikill | U78: ='Total Stats'!M27*U8 -> 37 | Y78: Multikill | AA78: ='Total Stats'!M28*AA8 -> 20
A79: Carrier Kill | D79: ='Total Stats'!N23*D9 -> 0 | E79: ='Total Stats'!N23*E9 -> 0 | G79: Carrier Kill | J79: ='Total Stats'!N25*J9 -> 0 | K79: ='Total Stats'!N25*K9 -> 0 | M79: Carrier Kill | P79: ='Total Stats'!N26*P9 -> 45 | Q79: ='Total Stats'!N26*Q9 -> 30 | S79: Carrier Kill | V79: ='Total Stats'!N27*V9 -> 15 | W79: ='Total Stats'!N27*W9 -> 10 | Y79: Carrier Kill | AB79: ='Total Stats'!N28*AB9 -> 60 | AC79: ='Total Stats'!N28*AC9 -> 40
A80: Goal Offence | C80: ='Total Stats'!O23*C10 -> 0 | E80: ='Total Stats'!O23*E10 -> 0 | G80: Goal Offence | I80: ='Total Stats'!O25*I10 -> 0 | K80: ='Total Stats'!O25*K10 -> 0 | M80: Goal Offence | O80: ='Total Stats'!O26*O10 -> 21 | Q80: ='Total Stats'!O26*Q10 -> 14 | S80: Goal Offence | U80: ='Total Stats'!O27*U10 -> 45 | W80: ='Total Stats'!O27*W10 -> 30 | Y80: Goal Offence | AA80: ='Total Stats'!O28*AA10 -> 15 | AC80: ='Total Stats'!O28*AC10 -> 10
A81: Goal Defence | D81: ='Total Stats'!P23*D11 -> 0 | E81: ='Total Stats'!P23*E11 -> 0 | G81: Goal Defence | J81: ='Total Stats'!P25*J11 -> 0 | K81: ='Total Stats'!P25*K11 -> 0 | M81: Goal Defence | P81: ='Total Stats'!P26*P11 -> 12 | Q81: ='Total Stats'!P26*Q11 -> 8 | S81: Goal Defence | V81: ='Total Stats'!P27*V11 -> 9 | W81: ='Total Stats'!P27*W11 -> 6 | Y81: Goal Defence | AB81: ='Total Stats'!P28*AB11 -> 12 | AC81: ='Total Stats'!P28*AC11 -> 8
A82: Win | B82: ='Total Stats'!Q23*B12 -> 0 | C82: ='Total Stats'!Q23*C12 -> 0 | D82: ='Total Stats'!Q23*D12 -> 0 | E82: ='Total Stats'!Q23*E12 -> 0 | G82: Win | H82: ='Total Stats'!Q25*H12 -> 0 | I82: ='Total Stats'!Q25*I12 -> 0 | J82: ='Total Stats'!Q25*J12 -> 0 | K82: ='Total Stats'!Q25*K12 -> 0 | M82: Win | N82: ='Total Stats'!Q26*N12 -> 0 | O82: ='Total Stats'!Q26*O12 -> 0 | P82: ='Total Stats'!Q26*P12 -> 0 | Q82: ='Total Stats'!Q26*Q12 -> 0 | S82: Win | T82: ='Total Stats'!Q27*T12 -> 0 | U82: ='Total Stats'!Q27*U12 -> 0 | V82: ='Total Stats'!Q27*V12 -> 0 | W82: ='Total Stats'!Q27*W12 -> 0 | Y82: Win | Z82: ='Total Stats'!Q28*Z12 -> 0 | AA82: ='Total Stats'!Q28*AA12 -> 0 | AB82: ='Total Stats'!Q28*AB12 -> 0 | AC82: ='Total Stats'!Q28*AC12 -> 0
A83: Total | B83: =SUM(B72:B82) -> 0 | C83: =SUM(C72:C82) -> 0 | D83: =SUM(D72:D82) -> 0 | E83: =SUM(E72:E82) -> 0 | G83: Total | H83: =SUM(H72:H82) -> 0 | I83: =SUM(I72:I82) -> 0 | J83: =SUM(J72:J82) -> 0 | K83: =SUM(K72:K82) -> 0 | M83: Total | N83: =SUM(N72:N82) -> 2 | O83: =SUM(O72:O82) -> 133 | P83: =SUM(P72:P82) -> 72 | Q83: =SUM(Q72:Q82) -> 82 | S83: Total | T83: =SUM(T72:T82) -> 36 | U83: =SUM(U72:U82) -> 84 | V83: =SUM(V72:V82) -> 40 | W83: =SUM(W72:W82) -> 57 | Y83: Total | Z83: =SUM(Z72:Z82) -> 101 | AA83: =SUM(AA72:AA82) -> -29 | AB83: =SUM(AB72:AB82) -> 97 | AC83: =SUM(AC72:AC82) -> 56
A85: ='Total Stats'!B29 -> The Piggies | B85: Runner | C85: Tank | D85: Defender | E85: Hybrid | G85: ='Total Stats'!B30 -> Invayda Zim | H85: Runner | I85: Tank | J85: Defender | K85: Hybrid | M85: ='Total Stats'!B31 -> DlGITAL PAIN | N85: Runner | O85: Tank | P85: Defender | Q85: Hybrid | S85: ='Total Stats'!B32 -> PoisonxPoptart | T85: Runner | U85: Tank | V85: Defender | W85: Hybrid | Y85: ='Total Stats'!B33 -> Mang Canon | Z85: Runner | AA85: Tank | AB85: Defender | AC85: Hybrid
A86: Goals | B86: ='Total Stats'!D29*B2 -> 0 | E86: ='Total Stats'!D29*E2 -> 0 | G86: Goals | H86: ='Total Stats'!D30*H2 -> 0 | K86: ='Total Stats'!D30*K2 -> 0 | M86: Goals | N86: ='Total Stats'!D31*N2 -> 0 | Q86: ='Total Stats'!D31*Q2 -> 0 | S86: Goals | T86: ='Total Stats'!D32*T2 -> 0 | W86: ='Total Stats'!D32*W2 -> 0 | Y86: Goals | Z86: ='Total Stats'!D33*Z2 -> 0 | AC86: ='Total Stats'!D33*AC2 -> 0
A87: Sword Kills | D87: ='Total Stats'!H29*D3 -> 0 | G87: Sword Kills | J87: ='Total Stats'!H30*J3 -> 0 | M87: Sword Kills | P87: ='Total Stats'!H31*P3 -> 0 | S87: Sword Kills | V87: ='Total Stats'!H32*V3 -> 0 | Y87: Sword Kills | AB87: ='Total Stats'!H33*AB3 -> 0
A88: Ball Kills | B88: ='Total Stats'!I29*B4 -> 0 | G88: Ball Kills | H88: ='Total Stats'!I30*H4 -> 0 | M88: Ball Kills | N88: ='Total Stats'!I31*N4 -> 0 | S88: Ball Kills | T88: ='Total Stats'!I32*T4 -> 0 | Y88: Ball Kills | Z88: ='Total Stats'!I33*Z4 -> 0
A89: KD Spread | C89: ='Total Stats'!J29*C5 -> 0 | E89: ='Total Stats'!J29*E5 -> 0 | G89: KD Spread | I89: ='Total Stats'!J30*I5 -> 0 | K89: ='Total Stats'!J30*K5 -> 0 | M89: KD Spread | O89: ='Total Stats'!J31*O5 -> 0 | Q89: ='Total Stats'!J31*Q5 -> 0 | S89: KD Spread | U89: ='Total Stats'!J32*U5 -> 0 | W89: ='Total Stats'!J32*W5 -> 0 | Y89: KD Spread | AA89: ='Total Stats'!J33*AA5 -> 0 | AC89: ='Total Stats'!J33*AC5 -> 0
A90: First Strike | C90: ='Total Stats'!K29*C6 -> 0 | E90: ='Total Stats'!K29*E6 -> 0 | G90: First Strike | I90: ='Total Stats'!K30*I6 -> 0 | K90: ='Total Stats'!K30*K6 -> 0 | M90: First Strike | O90: ='Total Stats'!K31*O6 -> 0 | Q90: ='Total Stats'!K31*Q6 -> 0 | S90: First Strike | U90: ='Total Stats'!K32*U6 -> 0 | W90: ='Total Stats'!K32*W6 -> 0 | Y90: First Strike | AA90: ='Total Stats'!K33*AA6 -> 0 | AC90: ='Total Stats'!K33*AC6 -> 0
A91: First Touch | B91: ='Total Stats'!L29*B7 -> 0 | D91: ='Total Stats'!L29*D7 -> 0 | G91: First Touch | H91: ='Total Stats'!L30*H7 -> 0 | J91: ='Total Stats'!L30*J7 -> 0 | M91: First Touch | N91: ='Total Stats'!L31*N7 -> 0 | P91: ='Total Stats'!L31*P7 -> 0 | S91: First Touch | T91: ='Total Stats'!L32*T7 -> 0 | V91: ='Total Stats'!L32*V7 -> 0 | Y91: First Touch | Z91: ='Total Stats'!L33*Z7 -> 0 | AB91: ='Total Stats'!L33*AB7 -> 0
A92: Multikill | C92: ='Total Stats'!M29*C8 -> 0 | G92: Multikill | I92: ='Total Stats'!M30*C8 -> 0 | M92: Multikill | O92: ='Total Stats'!M31*O8 -> 0 | S92: Multikill | U92: ='Total Stats'!M32*U8 -> 0 | Y92: Multikill | AA92: ='Total Stats'!M33*AA8 -> 0
A93: Carrier Kill | D93: ='Total Stats'!N29*D9 -> 0 | E93: ='Total Stats'!N29*E9 -> 0 | G93: Carrier Kill | J93: ='Total Stats'!N30*J9 -> 0 | K93: ='Total Stats'!N30*K9 -> 0 | M93: Carrier Kill | P93: ='Total Stats'!N31*P9 -> 0 | Q93: ='Total Stats'!N31*Q9 -> 0 | S93: Carrier Kill | V93: ='Total Stats'!N32*V9 -> 0 | W93: ='Total Stats'!N32*W9 -> 0 | Y93: Carrier Kill | AB93: ='Total Stats'!N33*AB9 -> 0 | AC93: ='Total Stats'!N33*AC9 -> 0
A94: Goal Offence | C94: ='Total Stats'!O29*C10 -> 0 | E94: ='Total Stats'!O29*E10 -> 0 | G94: Goal Offence | I94: ='Total Stats'!O30*I10 -> 0 | K94: ='Total Stats'!O30*K10 -> 0 | M94: Goal Offence | O94: ='Total Stats'!O31*O10 -> 0 | Q94: ='Total Stats'!O31*Q10 -> 0 | S94: Goal Offence | U94: ='Total Stats'!O32*U10 -> 0 | W94: ='Total Stats'!O32*W10 -> 0 | Y94: Goal Offence | AA94: ='Total Stats'!O33*AA10 -> 0 | AC94: ='Total Stats'!O33*AC10 -> 0
A95: Goal Defence | D95: ='Total Stats'!P29*D11 -> 0 | E95: ='Total Stats'!P29*E11 -> 0 | G95: Goal Defence | J95: ='Total Stats'!P30*J11 -> 0 | K95: ='Total Stats'!P30*K11 -> 0 | M95: Goal Defence | P95: ='Total Stats'!P31*P11 -> 0 | Q95: ='Total Stats'!P31*Q11 -> 0 | S95: Goal Defence | V95: ='Total Stats'!P32*V11 -> 0 | W95: ='Total Stats'!P32*W11 -> 0 | Y95: Goal Defence | AB95: ='Total Stats'!P33*AB11 -> 0 | AC95: ='Total Stats'!P33*AC11 -> 0
A96: Win | B96: ='Total Stats'!Q29*B12 -> 0 | C96: ='Total Stats'!Q29*C12 -> 0 | D96: ='Total Stats'!Q29*D12 -> 0 | E96: ='Total Stats'!Q29*E12 -> 0 | G96: Win | H96: ='Total Stats'!Q30*H12 -> 0 | I96: ='Total Stats'!Q30*I12 -> 0 | J96: ='Total Stats'!Q30*J12 -> 0 | K96: ='Total Stats'!Q30*K12 -> 0 | M96: Win | N96: ='Total Stats'!Q31*N12 -> 0 | O96: ='Total Stats'!Q31*O12 -> 0 | P96: ='Total Stats'!Q31*P12 -> 0 | Q96: ='Total Stats'!Q31*Q12 -> 0 | S96: Win | T96: ='Total Stats'!Q32*T12 -> 0 | U96: ='Total Stats'!Q32*U12 -> 0 | V96: ='Total Stats'!Q32*V12 -> 0 | W96: ='Total Stats'!Q32*W12 -> 0 | Y96: Win | Z96: ='Total Stats'!Q33*Z12 -> 0 | AA96: ='Total Stats'!Q33*AA12 -> 0 | AB96: ='Total Stats'!Q33*AB12 -> 0 | AC96: ='Total Stats'!Q33*AC12 -> 0
A97: Total | B97: =SUM(B86:B96) -> 0 | C97: =SUM(C86:C96) -> 0 | D97: =SUM(D86:D96) -> 0 | E97: =SUM(E86:E96) -> 0 | G97: Total | H97: =SUM(H86:H96) -> 0 | I97: =SUM(I86:I96) -> 0 | J97: =SUM(J86:J96) -> 0 | K97: =SUM(K86:K96) -> 0 | M97: Total | N97: =SUM(N86:N96) -> 0 | O97: =SUM(O86:O96) -> 0 | P97: =SUM(P86:P96) -> 0 | Q97: =SUM(Q86:Q96) -> 0 | S97: Total | T97: =SUM(T86:T96) -> 0 | U97: =SUM(U86:U96) -> 0 | V97: =SUM(V86:V96) -> 0 | W97: =SUM(W86:W96) -> 0 | Y97: Total | Z97: =SUM(Z86:Z96) -> 0 | AA97: =SUM(AA86:AA96) -> 0 | AB97: =SUM(AB86:AB96) -> 0 | AC97: =SUM(AC86:AC96) -> 0

Sheet W1 Team Points
A1: Reyley FC | H1: Tormenting Teutons | O1: ixGingy
A2: Manager | B2: Runner | C2: Tank | D2: Defender | E2: Hybrid | F2: Sub | H2: Manager | I2: Runner | J2: Tank | K2: Defender | L2: Hybrid | M2: Sub | O2: Manager | P2: Runner | Q2: Tank | R2: Defender | S2: Hybrid | T2: Sub
A3: Reyas | B3: Ace B S1lentND1 | C3: Invayda Zim | D3: Rage More Nerd | E3: DCleak | F3: ST0P K1LLING ME | H3: Xknight25R9270 | I3: KDSkill | J3: BCN19 | K3: Ming Crusader | L3: ThumpingHawk | M3: Almighty Tycoon | O3: ixGingy | P3: Almighty Tycoon | Q3: ixGingy | R3: Rage More Nerd | S3: The Piggies | T3: DCleak
A4: Goals | B4: ='W1 Points'!H30 -> 0 | C4: ='W1 Points'!I86 | D4: ='W1 Points'!D16 | E4: ='W1 Points'!Q30 -> 0 | F4: TUVW30 | H4: Goals | I4: ='W1 Points'!T58 -> 0 | J4: ='W1 Points'!I16 | K4: ='W1 Points'!D58 | L4: ='W1 Points'!W16 -> 0 | M4: Z-AC72 | O4: Goals | P4: ='W1 Points'!Z72 -> 45 | Q4: ='W1 Points'!O72 | R4: ='W1 Points'!D16 | S4: ='W1 Points'!E86 -> 0 | T4: NOPQ30
A5: Sword Kills | B5: ='W1 Points'!H31 | C5: ='W1 Points'!I87 | D5: ='W1 Points'!D17 -> 0 | E5: ='W1 Points'!Q31 | H5: Sword Kills | I5: ='W1 Points'!T59 | J5: ='W1 Points'!I17 | K5: ='W1 Points'!D59 -> 0 | L5: ='W1 Points'!W17 | O5: Sword Kills | P5: ='W1 Points'!Z73 | Q5: ='W1 Points'!O73 | R5: ='W1 Points'!D17 -> 0 | S5: ='W1 Points'!E87
A6: Ball Kills | B6: ='W1 Points'!H32 -> 0 | C6: ='W1 Points'!I88 | D6: ='W1 Points'!D18 | E6: ='W1 Points'!Q32 | H6: Ball Kills | I6: ='W1 Points'!T60 -> 0 | J6: ='W1 Points'!I18 | K6: ='W1 Points'!D60 | L6: ='W1 Points'!W18 | O6: Ball Kills | P6: ='W1 Points'!Z74 -> 26 | Q6: ='W1 Points'!O74 | R6: ='W1 Points'!D18 | S6: ='W1 Points'!E88
A7: KD Spread | B7: ='W1 Points'!H33 | C7: ='W1 Points'!I89 -> 0 | D7: ='W1 Points'!D19 | E7: ='W1 Points'!Q33 -> 0 | H7: KD Spread | I7: ='W1 Points'!T61 | J7: ='W1 Points'!I19 -> 0 | K7: ='W1 Points'!D61 | L7: ='W1 Points'!W19 -> 0 | O7: KD Spread | P7: ='W1 Points'!Z75 | Q7: ='W1 Points'!O75 -> 30 | R7: ='W1 Points'!D19 | S7: ='W1 Points'!E89 -> 0
A8: First Strike | B8: ='W1 Points'!H34 | C8: ='W1 Points'!I90 -> 0 | D8: ='W1 Points'!D20 | E8: ='W1 Points'!Q34 -> 0 | H8: First Strike | I8: ='W1 Points'!T62 | J8: ='W1 Points'!I20 -> 0 | K8: ='W1 Points'!D62 | L8: ='W1 Points'!W20 -> 0 | O8: First Strike | P8: ='W1 Points'!Z76 | Q8: ='W1 Points'!O76 -> 30 | R8: ='W1 Points'!D20 | S8: ='W1 Points'!E90 -> 0
A9: First Touch | B9: ='W1 Points'!H35 -> 0 | C9: ='W1 Points'!I91 | D9: ='W1 Points'!D21 -> 0 | E9: ='W1 Points'!Q35 | H9: First Touch | I9: ='W1 Points'!T63 -> 0 | J9: ='W1 Points'!I21 | K9: ='W1 Points'!D63 -> 0 | L9: ='W1 Points'!W21 | O9: First Touch | P9: ='W1 Points'!Z77 -> 30 | Q9: ='W1 Points'!O77 | R9: ='W1 Points'!D21 -> 0 | S9: ='W1 Points'!E91
A10: Multikill | B10: ='W1 Points'!H36 | C10: ='W1 Points'!I92 -> 0 | D10: ='W1 Points'!D22 | E10: ='W1 Points'!Q36 | H10: Multikill | I10: ='W1 Points'!T64 | J10: ='W1 Points'!I22 -> 0 | K10: ='W1 Points'!D64 | L10: ='W1 Points'!W22 | O10: Multikill | P10: ='W1 Points'!Z78 | Q10: ='W1 Points'!O78 -> 52 | R10: ='W1 Points'!D22 | S10: ='W1 Points'!E92
A11: Carrier Kill | B11: ='W1 Points'!H37 | C11: ='W1 Points'!I93 | D11: ='W1 Points'!D23 -> 0 | E11: ='W1 Points'!Q37 -> 0 | H11: Carrier Kill | I11: ='W1 Points'!T65 | J11: ='W1 Points'!I23 | K11: ='W1 Points'!D65 -> 0 | L11: ='W1 Points'!W23 -> 0 | O11: Carrier Kill | P11: ='W1 Points'!Z79 | Q11: ='W1 Points'!O79 | R11: ='W1 Points'!D23 -> 0 | S11: ='W1 Points'!E93 -> 0
A12: Goal Offence | B12: ='W1 Points'!H38 | C12: ='W1 Points'!I94 -> 0 | D12: ='W1 Points'!D24 | E12: ='W1 Points'!Q38 -> 0 | H12: Goal Offence | I12: ='W1 Points'!T66 | J12: ='W1 Points'!I24 -> 0 | K12: ='W1 Points'!D66 | L12: ='W1 Points'!W24 -> 0 | O12: Goal Offence | P12: ='W1 Points'!Z80 | Q12: ='W1 Points'!O80 -> 21 | R12: ='W1 Points'!D24 | S12: ='W1 Points'!E94 -> 0
A13: Goal Defence | B13: ='W1 Points'!H39 | C13: ='W1 Points'!I95 | D13: ='W1 Points'!D25 -> 0 | E13: ='W1 Points'!Q39 -> 0 | H13: Goal Defence | I13: ='W1 Points'!T67 | J13: ='W1 Points'!I25 | K13: ='W1 Points'!D67 -> 0 | L13: ='W1 Points'!W25 -> 0 | O13: Goal Defence | P13: ='W1 Points'!Z81 | Q13: ='W1 Points'!O81 | R13: ='W1 Points'!D25 -> 0 | S13: ='W1 Points'!E95 -> 0
A14: Win | B14: ='W1 Points'!H40 -> 0 | C14: ='W1 Points'!I96 -> 0 | D14: ='W1 Points'!D26 -> 0 | E14: ='W1 Points'!Q40 -> 0 | H14: Win | I14: ='W1 Points'!T68 -> 0 | J14: ='W1 Points'!I26 -> 0 | K14: ='W1 Points'!D68 -> 0 | L14: ='W1 Points'!W26 -> 0 | O14: Win | P14: ='W1 Points'!Z82 -> 0 | Q14: ='W1 Points'!O82 -> 0 | R14: ='W1 Points'!D26 -> 0 | S14: ='W1 Points'!E96 -> 0
A15: Total | B15: =SUM(B4:B14) -> 0 | C15: =SUM(C4:C14) -> 0 | D15: =SUM(D4:D14) -> 0 | E15: =SUM(E4:E14) -> 0 | F15: =SUM(F4:F14) -> 0 | H15: Total | I15: =SUM(I4:I14) -> 0 | J15: =SUM(J4:J14) -> 0 | K15: =SUM(K4:K14) -> 0 | L15: =SUM(L4:L14) -> 0 | M15: =SUM(M4:M14) -> 0 | O15: Total | P15: =SUM(P4:P14) -> 101 | Q15: =SUM(Q4:Q14) -> 133 | R15: =SUM(R4:R14) -> 0 | S15: =SUM(S4:S14) -> 0 | T15: =SUM(T4:T14) -> 0
E16: Total: | F16: =SUM(B15:E15) -> 0 | L16: Total: | M16: =SUM(I15:L15) -> 0 | S16: Total: | T16: =SUM(P15:S15) -> 234
A17: Sab | H17: Ammyships | O17: Sonic
A18: Manager | B18: Runner | C18: Tank | D18: Defender | E18: Hybrid | F18: Sub | H18: Manager | I18: Runner | J18: Tank | K18: Defender | L18: Hybrid | M18: Sub | O18: Manager | P18: Runner | Q18: Tank | R18: Defender | S18: Hybrid | T18: Sub
A19: Sabasauros Rex | B19: Ming Crusader | C19: Saintz The God | D19: KDSkill | E19: Almighty Tycoon | F19: oUnique Rose | H19: The Texorcist | I19: Almighty Tycoon | J19: Saintz The God | K19: Invayda Zim | L19: PoisonxPoptart | M19: ST0P K1LLING ME | O19: SonicNachos | P19: The Eastbrook | Q19: ST0P K1LLING ME | R19: Ming Crusader | S19: Rage More Nerd | T19: Mr AboveAverage
A20: Goals | B20: ='W1 Points'!B58 -> 0 | C20: ='W1 Points'!I44 | D20: ='W1 Points'!V58 | E20: ='W1 Points'!AC72 -> 30 | F20: Z-AC30 | H20: Goals | I20: ='W1 Points'!Z30 -> 0 | J20: ='W1 Points'!I44 | K20: ='W1 Points'!J86 | L20: ='W1 Points'!W86 -> 0 | M20: TUVW30 | O20: Goals | P20: ='W1 Points'!N16 -> 0 | Q20: ='W1 Points'!U30 | R20: ='W1 Points'!D58 | S20: ='W1 Points'!E16 -> 0 | T20: Z-AC16
A21: Sword Kills | B21: ='W1 Points'!B59 | C21: ='W1 Points'!I45 | D21: ='W1 Points'!V59 -> 0 | E21: ='W1 Points'!AC73 | H21: Sword Kills | I21: ='W1 Points'!Z31 | J21: ='W1 Points'!I45 | K21: ='W1 Points'!J87 -> 0 | L21: ='W1 Points'!W87 | O21: Sword Kills | P21: ='W1 Points'!N17 | Q21: ='W1 Points'!U31 | R21: ='W1 Points'!D59 -> 0 | S21: ='W1 Points'!E17
A22: Ball Kills | B22: ='W1 Points'!B60 -> 0 | C22: ='W1 Points'!I46 | D22: ='W1 Points'!V60 | E22: ='W1 Points'!AC74 | H22: Ball Kills | I22: ='W1 Points'!Z32 -> 0 | J22: ='W1 Points'!I46 | K22: ='W1 Points'!J88 | L22: ='W1 Points'!W88 | O22: Ball Kills | P22: ='W1 Points'!N18 -> 0 | Q22: ='W1 Points'!U32 | R22: ='W1 Points'!D60 | S22: ='W1 Points'!E18
A23: KD Spread | B23: ='W1 Points'!B61 | C23: ='W1 Points'!I47 -> 116 | D23: ='W1 Points'!V61 | E23: ='W1 Points'!AC75 -> -32 | H23: KD Spread | I23: ='W1 Points'!Z33 | J23: ='W1 Points'!I47 -> 116 | K23: ='W1 Points'!J89 | L23: ='W1 Points'!W89 -> 0 | O23: KD Spread | P23: ='W1 Points'!N19 | Q23: ='W1 Points'!U33 -> 0 | R23: ='W1 Points'!D61 | S23: ='W1 Points'!E19 -> 0
A24: First Strike | B24: ='W1 Points'!B62 | C24: ='W1 Points'!I48 -> 0 | D24: ='W1 Points'!V62 | E24: ='W1 Points'!AC76 -> 0 | H24: First Strike | I24: ='W1 Points'!Z34 | J24: ='W1 Points'!I48 -> 0 | K24: ='W1 Points'!J90 | L24: ='W1 Points'!W90 -> 0 | O24: First Strike | P24: ='W1 Points'!N20 | Q24: ='W1 Points'!U34 -> 0 | R24: ='W1 Points'!D62 | S24: ='W1 Points'!E20 -> 0
A25: First Touch | B25: ='W1 Points'!B63 -> 0 | C25: ='W1 Points'!I49 | D25: ='W1 Points'!V63 -> 0 | E25: ='W1 Points'!AC77 | H25: First Touch | I25: ='W1 Points'!Z35 -> 0 | J25: ='W1 Points'!I49 | K25: ='W1 Points'!J91 -> 0 | L25: ='W1 Points'!W91 | O25: First Touch | P25: ='W1 Points'!N21 -> 0 | Q25: ='W1 Points'!U35 | R25: ='W1 Points'!D63 -> 0 | S25: ='W1 Points'!E21
A26: Multikill | B26: ='W1 Points'!B64 | C26: ='W1 Points'!I50 -> 61 | D26: ='W1 Points'!V64 | E26: ='W1 Points'!AC78 | H26: Multikill | I26: ='W1 Points'!Z36 | J26: ='W1 Points'!I50 -> 61 | K26: ='W1 Points'!J92 | L26: ='W1 Points'!W92 | O26: Multikill | P26: ='W1 Points'!N22 | Q26: ='W1 Points'!U36 -> 0 | R26: ='W1 Points'!D64 | S26: ='W1 Points'!E22
A27: Carrier Kill | B27: ='W1 Points'!B65 | C27: ='W1 Points'!I51 | D27: ='W1 Points'!V65 -> 0 | E27: ='W1 Points'!AC79 -> 40 | H27: Carrier Kill | I27: ='W1 Points'!Z37 | J27: ='W1 Points'!I51 | K27: ='W1 Points'!J93 -> 0 | L27: ='W1 Points'!W93 -> 0 | O27: Carrier Kill | P27: ='W1 Points'!N23 | Q27: ='W1 Points'!U37 | R27: ='W1 Points'!D65 -> 0 | S27: ='W1 Points'!E23 -> 0
A28: Goal Offence | B28: ='W1 Points'!B66 | C28: ='W1 Points'!I52 -> 18 | D28: ='W1 Points'!V66 | E28: ='W1 Points'!AC80 -> 10 | H28: Goal Offence | I28: ='W1 Points'!Z38 | J28: ='W1 Points'!I52 -> 18 | K28: ='W1 Points'!J94 | L28: ='W1 Points'!W94 -> 0 | O28: Goal Offence | P28: ='W1 Points'!N24 | Q28: ='W1 Points'!U38 -> 0 | R28: ='W1 Points'!D66 | S28: ='W1 Points'!E24 -> 0
A29: Goal Defence | B29: ='W1 Points'!B67 | C29: ='W1 Points'!I53 | D29: ='W1 Points'!V67 -> 0 | E29: ='W1 Points'!AC81 -> 8 | H29: Goal Defence | I29: ='W1 Points'!Z39 | J29: ='W1 Points'!I53 | K29: ='W1 Points'!J95 -> 0 | L29: ='W1 Points'!W95 -> 0 | O29: Goal Defence | P29: ='W1 Points'!N25 | Q29: ='W1 Points'!U39 | R29: ='W1 Points'!D67 -> 0 | S29: ='W1 Points'!E25 -> 0
A30: Win | B30: ='W1 Points'!B68 -> 0 | C30: ='W1 Points'!I54 -> 20 | D30: ='W1 Points'!V68 -> 0 | E30: ='W1 Points'!AC82 -> 0 | H30: Win | I30: ='W1 Points'!Z40 -> 0 | J30: ='W1 Points'!I54 -> 20 | K30: ='W1 Points'!J96 -> 0 | L30: ='W1 Points'!W96 -> 0 | O30: Win | P30: ='W1 Points'!N26 -> 0 | Q30: ='W1 Points'!U40 -> 0 | R30: ='W1 Points'!D68 -> 0 | S30: ='W1 Points'!E26 -> 0
A31: Total | B31: =SUM(B20:B30) -> 0 | C31: =SUM(C20:C30) -> 215 | D31: =SUM(D20:D30) -> 0 | E31: =SUM(E20:E30) -> 56 | F31: =SUM(F20:F30) -> 0 | H31: Total | I31: =SUM(I20:I30) -> 0 | J31: =SUM(J20:J30) -> 215 | K31: =SUM(K20:K30) -> 0 | L31: =SUM(L20:L30) -> 0 | M31: =SUM(M20:M30) -> 0 | O31: Total | P31: =SUM(P20:P30) -> 0 | Q31: =SUM(Q20:Q30) -> 0 | R31: =SUM(R20:R30) -> 0 | S31: =SUM(S20:S30) -> 0 | T31: =SUM(T20:T30) -> 0
E32: Total: | F32: =SUM(B31:E31) -> 271 | L32: Total: | M32: =SUM(I31:L31) -> 215 | S32: Total: | T32: =SUM(P31:S31) -> 0
A33: Sader's Tots | H33: KDSkill | O33: The Black List 2.0
A34: Manager | B34: Runner | C34: Tank | D34: Defender | E34: Hybrid | F34: Sub | H34: Manager | I34: Runner | J34: Tank | K34: Defender | L34: Hybrid | M34: Sub | O34: Manager | P34: Runner | Q34: Tank | R34: Defender | S34: Hybrid | T34: Sub
A35: Ming Crusader | B35: Ming Crusader | C35: DlGITAL PAIN | D35: DCleak | E35: The Piggies | F35: Almighty Tycoon | H35: KDSkill | I35: Almighty Tycoon | J35: Saintz The God | K35: KDSkill | L35: Rage More Nerd | M35: The Piggies | O35: ActiveHate | P35: Almighty Tycoon | Q35: DlGITAL PAIN | R35: NetsPride15 | S35: Ezy08 | T35: BCN19
A36: Goals | B36: ='W1 Points'!B58 -> 0 | C36: ='W1 Points'!O86 | D36: ='W1 Points'!P30 | E36: ='W1 Points'!E86 -> 0 | F36: Z-AC72 | H36: Goals | I36: ='W1 Points'!Z30 -> 0 | J36: ='W1 Points'!I44 | K36: ='W1 Points'!V58 | L36: ='W1 Points'!E16 -> 0 | M36: B-E86 | O36: Goals | P36: ='W1 Points'!Z30 -> 0 | Q36: ='W1 Points'!O86 | R36: ='W1 Points'!D44 | S36: ='W1 Points'!W72 -> 10 | T36: HIJK16
A37: Sword Kills | B37: ='W1 Points'!B59 | C37: ='W1 Points'!O87 | D37: ='W1 Points'!P31 -> 0 | E37: ='W1 Points'!E87 | H37: Sword Kills | I37: ='W1 Points'!Z31 | J37: ='W1 Points'!I45 | K37: ='W1 Points'!V59 -> 0 | L37: ='W1 Points'!E17 | O37: Sword Kills | P37: ='W1 Points'!Z31 | Q37: ='W1 Points'!O87 | R37: ='W1 Points'!D45 -> 3 | S37: ='W1 Points'!W73
A38: Ball Kills | B38: ='W1 Points'!B60 -> 0 | C38: ='W1 Points'!O88 | D38: ='W1 Points'!P32 | E38: ='W1 Points'!E88 | H38: Ball Kills | I38: ='W1 Points'!Z32 -> 0 | J38: ='W1 Points'!I46 | K38: ='W1 Points'!V60 | L38: ='W1 Points'!E18 | O38: Ball Kills | P38: ='W1 Points'!Z32 -> 0 | Q38: ='W1 Points'!O88 | R38: ='W1 Points'!D46 | S38: ='W1 Points'!W74
A39: KD Spread | B39: ='W1 Points'!B61 | C39: ='W1 Points'!O89 -> 0 | D39: ='W1 Points'!P33 | E39: ='W1 Points'!E89 -> 0 | H39: KD Spread | I39: ='W1 Points'!Z33 | J39: ='W1 Points'!I47 -> 116 | K39: ='W1 Points'!V61 | L39: ='W1 Points'!E19 -> 0 | O39: KD Spread | P39: ='W1 Points'!Z33 | Q39: ='W1 Points'!O89 -> 0 | R39: ='W1 Points'!D47 | S39: ='W1 Points'!W75 -> 1
A40: First Strike | B40: ='W1 Points'!B62 | C40: ='W1 Points'!O90 -> 0 | D40: ='W1 Points'!P34 | E40: ='W1 Points'!E90 -> 0 | H40: First Strike | I40: ='W1 Points'!Z34 | J40: ='W1 Points'!I48 -> 0 | K40: ='W1 Points'!V62 | L40: ='W1 Points'!E20 -> 0 | O40: First Strike | P40: ='W1 Points'!Z34 | Q40: ='W1 Points'!O90 -> 0 | R40: ='W1 Points'!D48 | S40: ='W1 Points'!W76 -> 0
A41: First Touch | B41: ='W1 Points'!B63 -> 0 | C41: ='W1 Points'!O91 | D41: ='W1 Points'!P35 -> 0 | E41: ='W1 Points'!E91 | H41: First Touch | I41: ='W1 Points'!Z35 -> 0 | J41: ='W1 Points'!I49 | K41: ='W1 Points'!V63 -> 0 | L41: ='W1 Points'!E21 | O41: First Touch | P41: ='W1 Points'!Z35 -> 0 | Q41: ='W1 Points'!O91 | R41: ='W1 Points'!D49 -> 0 | S41: ='W1 Points'!W77
A42: Multikill | B42: ='W1 Points'!B64 | C42: ='W1 Points'!O92 -> 0 | D42: ='W1 Points'!P36 | E42: ='W1 Points'!E92 | H42: Multikill | I42: ='W1 Points'!Z36 | J42: ='W1 Points'!I50 -> 61 | K42: ='W1 Points'!V64 | L42: ='W1 Points'!E22 | O42: Multikill | P42: ='W1 Points'!Z36 | Q42: ='W1 Points'!O92 -> 0 | R42: ='W1 Points'!D50 | S42: ='W1 Points'!W78
A43: Carrier Kill | B43: ='W1 Points'!B65 | C43: ='W1 Points'!O93 | D43: ='W1 Points'!P37 -> 0 | E43: ='W1 Points'!E93 -> 0 | H43: Carrier Kill | I43: ='W1 Points'!Z37 | J43: ='W1 Points'!I51 | K43: ='W1 Points'!V65 -> 0 | L43: ='W1 Points'!E23 -> 0 | O43: Carrier Kill | P43: ='W1 Points'!Z37 | Q43: ='W1 Points'!O93 | R43: ='W1 Points'!D51 -> 45 | S43: ='W1 Points'!W79 -> 10
A44: Goal Offence | B44: ='W1 Points'!B66 | C44: ='W1 Points'!O94 -> 0 | D44: ='W1 Points'!P38 | E44: ='W1 Points'!E94 -> 0 | H44: Goal Offence | I44: ='W1 Points'!Z38 | J44: ='W1 Points'!I52 -> 18 | K44: ='W1 Points'!V66 | L44: ='W1 Points'!E24 -> 0 | O44: Goal Offence | P44: ='W1 Points'!Z38 | Q44: ='W1 Points'!O94 -> 0 | R44: ='W1 Points'!D52 | S44: ='W1 Points'!W80 -> 30
A45: Goal Defence | B45: ='W1 Points'!B67 | C45: ='W1 Points'!O95 | D45: ='W1 Points'!P39 -> 0 | E45: ='W1 Points'!E95 -> 0 | H45: Goal Defence | I45: ='W1 Points'!Z39 | J45: ='W1 Points'!I53 | K45: ='W1 Points'!V67 -> 0 | L45: ='W1 Points'!E25 -> 0 | O45: Goal Defence | P45: ='W1 Points'!Z39 | Q45: ='W1 Points'!O95 | R45: ='W1 Points'!D53 -> 21 | S45: ='W1 Points'!W81 -> 6
A46: Win | B46: ='W1 Points'!B68 -> 0 | C46: ='W1 Points'!O96 -> 0 | D46: ='W1 Points'!P40 -> 0 | E46: ='W1 Points'!E96 -> 0 | H46: Win | I46: ='W1 Points'!Z40 -> 0 | J46: ='W1 Points'!I54 -> 20 | K46: ='W1 Points'!V68 -> 0 | L46: ='W1 Points'!E26 -> 0 | O46: Win | P46: ='W1 Points'!Z40 -> 0 | Q46: ='W1 Points'!O96 -> 0 | R46: ='W1 Points'!D54 -> 20 | S46: ='W1 Points'!W82 -> 0
A47: Total | B47: =SUM(B36:B46) -> 0 | C47: =SUM(C36:C46) -> 0 | D47: =SUM(D36:D46) -> 0 | E47: =SUM(E36:E46) -> 0 | F47: =SUM(F36:F46) -> 0 | H47: Total | I47: =SUM(I36:I46) -> 0 | J47: =SUM(J36:J46) -> 215 | K47: =SUM(K36:K46) -> 0 | L47: =SUM(L36:L46) -> 0 | M47: =SUM(M36:M46) -> 0 | O47: Total | P47: =SUM(P36:P46) -> 0 | Q47: =SUM(Q36:Q46) -> 0 | R47: =SUM(R36:R46) -> 89 | S47: =SUM(S36:S46) -> 57 | T47: =SUM(T36:T46) -> 0
E48: Total: | F48: =SUM(B47:E47) -> 0 | L48: Total: | M48: =SUM(I47:L47) -> 215 | S48: Total: | T48: =SUM(P47:S47) -> 146
A49: Repeat Performance | H49: Clutch Coffee | O49: Filler
A50: Manager | B50: Runner | C50: Tank | D50: Defender | E50: Hybrid | F50: Sub | H50: Manager | I50: Runner | J50: Tank | K50: Defender | L50: Hybrid | M50: Sub | O50: Manager | P50: Runner | Q50: Tank | R50: Defender | S50: Hybrid | T50: Sub
A51: Silva | B51: Almighty Tycoon | C51: Saintz The God | D51: DCleak | E51: BCN19 | F51: oUnique Rose | H51: AJ DaJuiceMayne | I51: KDSkill | J51: Saintz The God | K51: DCleak | L51: AJ DaJuiceMayne | M51: Almighty Tycoon | O51: - | P51: ThumpingHawk | Q51: Jeakilla85 | R51: Sabasauros Rex | S51: KING RICKXL | T51: El Diablo X230X
A52: Goals | B52: ='W1 Points'!Z30 -> 0 | C52: ='W1 Points'!I44 | D52: ='W1 Points'!P30 | E52: ='W1 Points'!K16 -> 0 | F52: Z-AC30 | H52: Goals | I52: ='W1 Points'!T58 -> 0 | J52: ='W1 Points'!I44 | K52: ='W1 Points'!P30 | L52: ='W1 Points'!W44 -> 0 | M52: Z-AC72 | O52: Goals | P52: ='W1 Points'!T16 -> 0 | Q52: ='W1 Points'!O58 | R52: ='W1 Points'!J58 | S52: ='W1 Points'!E72 -> 0 | T52: Z-AC44
A53: Sword Kills | B53: ='W1 Points'!Z31 | C53: ='W1 Points'!I45 | D53: ='W1 Points'!P31 -> 0 | E53: ='W1 Points'!K17 | H53: Sword Kills | I53: ='W1 Points'!T59 | J53: ='W1 Points'!I45 | K53: ='W1 Points'!P31 -> 0 | L53: ='W1 Points'!W45 | O53: Sword Kills | P53: ='W1 Points'!T17 | Q53: ='W1 Points'!O59 | R53: ='W1 Points'!J59 -> 0 | S53: ='W1 Points'!E73
A54: Ball Kills | B54: ='W1 Points'!Z32 -> 0 | C54: ='W1 Points'!I46 | D54: ='W1 Points'!P32 | E54: ='W1 Points'!K18 | H54: Ball Kills | I54: ='W1 Points'!T60 -> 0 | J54: ='W1 Points'!I46 | K54: ='W1 Points'!P32 | L54: ='W1 Points'!W46 | O54: Ball Kills | P54: ='W1 Points'!T18 -> 0 | Q54: ='W1 Points'!O60 | R54: ='W1 Points'!J60 | S54: ='W1 Points'!E74
A55: KD Spread | B55: ='W1 Points'!Z33 | C55: ='W1 Points'!I47 -> 116 | D55: ='W1 Points'!P33 | E55: ='W1 Points'!K19 -> 0 | H55: KD Spread | I55: ='W1 Points'!T61 | J55: ='W1 Points'!I47 -> 116 | K55: ='W1 Points'!P33 | L55: ='W1 Points'!W47 -> -13 | O55: KD Spread | P55: ='W1 Points'!T19 | Q55: ='W1 Points'!O61 -> 0 | R55: ='W1 Points'!J61 | S55: ='W1 Points'!E75 -> 0
A56: First Strike | B56: ='W1 Points'!Z34 | C56: ='W1 Points'!I48 -> 0 | D56: ='W1 Points'!P34 | E56: ='W1 Points'!K20 -> 0 | H56: First Strike | I56: ='W1 Points'!T62 | J56: ='W1 Points'!I48 -> 0 | K56: ='W1 Points'!P34 | L56: ='W1 Points'!W48 -> 0 | O56: First Strike | P56: ='W1 Points'!T20 | Q56: ='W1 Points'!O62 -> 0 | R56: ='W1 Points'!J62 | S56: ='W1 Points'!E76 -> 0
A57: First Touch | B57: ='W1 Points'!Z35 -> 0 | C57: ='W1 Points'!I49 | D57: ='W1 Points'!P35 -> 0 | E57: ='W1 Points'!K21 | H57: First Touch | I57: ='W1 Points'!T63 -> 0 | J57: ='W1 Points'!I49 | K57: ='W1 Points'!P35 -> 0 | L57: ='W1 Points'!W49 | O57: First Touch | P57: ='W1 Points'!T21 -> 0 | Q57: ='W1 Points'!O63 | R57: ='W1 Points'!J63 -> 0 | S57: ='W1 Points'!E77
A58: Multikill | B58: ='W1 Points'!Z36 | C58: ='W1 Points'!I50 -> 61 | D58: ='W1 Points'!P36 | E58: ='W1 Points'!K22 | H58: Multikill | I58: ='W1 Points'!T64 | J58: ='W1 Points'!I50 -> 61 | K58: ='W1 Points'!P36 | L58: ='W1 Points'!W50 | O58: Multikill | P58: ='W1 Points'!T22 | Q58: ='W1 Points'!O64 -> 0 | R58: ='W1 Points'!J64 | S58: ='W1 Points'!E78
A59: Carrier Kill | B59: ='W1 Points'!Z37 | C59: ='W1 Points'!I51 | D59: ='W1 Points'!P37 -> 0 | E59: ='W1 Points'!K23 -> 0 | H59: Carrier Kill | I59: ='W1 Points'!T65 | J59: ='W1 Points'!I51 | K59: ='W1 Points'!P37 -> 0 | L59: ='W1 Points'!W51 -> 20 | O59: Carrier Kill | P59: ='W1 Points'!T23 | Q59: ='W1 Points'!O65 | R59: ='W1 Points'!J65 -> 0 | S59: ='W1 Points'!E79 -> 0
A60: Goal Offence | B60: ='W1 Points'!Z38 | C60: ='W1 Points'!I52 -> 18 | D60: ='W1 Points'!P38 | E60: ='W1 Points'!K24 -> 0 | H60: Goal Offence | I60: ='W1 Points'!T66 | J60: ='W1 Points'!I52 -> 18 | K60: ='W1 Points'!P38 | L60: ='W1 Points'!W52 -> 12 | O60: Goal Offence | P60: ='W1 Points'!T24 | Q60: ='W1 Points'!O66 -> 0 | R60: ='W1 Points'!J66 | S60: ='W1 Points'!E80 -> 0
A61: Goal Defence | B61: ='W1 Points'!Z39 | C61: ='W1 Points'!I53 | D61: ='W1 Points'!P39 -> 0 | E61: ='W1 Points'!K25 -> 0 | H61: Goal Defence | I61: ='W1 Points'!T67 | J61: ='W1 Points'!I53 | K61: ='W1 Points'!P39 -> 0 | L61: ='W1 Points'!W53 -> 10 | O61: Goal Defence | P61: ='W1 Points'!T25 | Q61: ='W1 Points'!O67 | R61: ='W1 Points'!J67 -> 0 | S61: ='W1 Points'!E81 -> 0
A62: Win | B62: ='W1 Points'!Z40 -> 0 | C62: ='W1 Points'!I54 -> 20 | D62: ='W1 Points'!P40 -> 0 | E62: ='W1 Points'!K26 -> 0 | H62: Win | I62: ='W1 Points'!T68 -> 0 | J62: ='W1 Points'!I54 -> 20 | K62: ='W1 Points'!P40 -> 0 | L62: ='W1 Points'!W54 -> 20 | O62: Win | P62: ='W1 Points'!T26 -> 0 | Q62: ='W1 Points'!O68 -> 0 | R62: ='W1 Points'!J68 -> 0 | S62: ='W1 Points'!E82 -> 0
A63: Total | B63: =SUM(B52:B62) -> 0 | C63: =SUM(C52:C62) -> 215 | D63: =SUM(D52:D62) -> 0 | E63: =SUM(E52:E62) -> 0 | F63: =SUM(F52:F62) -> 0 | H63: Total | I63: =SUM(I52:I62) -> 0 | J63: =SUM(J52:J62) -> 215 | K63: =SUM(K52:K62) -> 0 | L63: =SUM(L52:L62) -> 49 | M63: =SUM(M52:M62) -> 0 | O63: Total | P63: =SUM(P52:P62) -> 0 | Q63: =SUM(Q52:Q62) -> 0 | R63: =SUM(R52:R62) -> 0 | S63: =SUM(S52:S62) -> 0 | T63: =SUM(T52:T62) -> 0
E64: Total: | F64: =SUM(B63:E63) -> 215 | L64: Total: | M64: =SUM(I63:L63) -> 264 | S64: Total: | T64: =SUM(P63:S63) -> 0

Sheet W1 Stats
A1: AGLA SL18 Stats
B2: Gamertag | C2: Played | D2: Goals | E2: Kills | F2: Deaths | G2: Hammer Kills | H2: Sword Kills | I2: Ball Kills | J2: Spread | K2: First Strike | L2: First Touch | M2: Multikill | N2: Carrier Kill | O2: Goal Offence | P2: Goal Defence | Q2: Win | S2: Runner | T2: Tank | U2: Defender | V2: Hybrid | W2: All
B3: Rage More Nerd | C3: =0 -> 0 | D3: =0 -> 0 | E3: =G3+H3+I3 -> 0 | F3: =0 -> 0 | G3: =0 -> 0 | H3: =0 -> 0 | I3: =0 -> 0 | J3: =E3-F3 -> 0 | K3: =0 -> 0 | L3: =0 -> 0 | M3: =0 -> 0 | N3: =0 -> 0 | O3: =0 -> 0 | P3: =0 -> 0 | Q3: =0 -> 0 | S3: ='W1 Points'!B27 -> 0 | T3: ='W1 Points'!C27 -> 0 | U3: ='W1 Points'!D27 -> 0 | V3: ='W1 Points'!E27 -> 0 | W3: =SUM(S3:V3) -> 0
B4: BCN19 | C4: =0 -> 0 | D4: =0 -> 0 | E4: =G4+H4+I4 -> 0 | F4: =0 -> 0 | G4: =0 -> 0 | H4: =0 -> 0 | I4: =0 -> 0 | J4: =E4-F4 -> 0 | K4: =0 -> 0 | L4: =0 -> 0 | M4: =0 -> 0 | N4: =0 -> 0 | O4: =0 -> 0 | P4: =0 -> 0 | Q4: =0 -> 0 | S4: ='W1 Points'!H27 -> 0 | T4: ='W1 Points'!I27 -> 0 | U4: ='W1 Points'!J27 -> 0 | V4: ='W1 Points'!K27 -> 0 | W4: =SUM(S4:V4) -> 0
B5: The Eastbrook | C5: =0 -> 0 | D5: =0 -> 0 | E5: =G5+H5+I5 -> 0 | F5: =0 -> 0 | G5: =0 -> 0 | H5: =0 -> 0 | I5: =0 -> 0 | J5: =E5-F5 -> 0 | K5: =0 -> 0 | L5: =0 -> 0 | M5: =0 -> 0 | N5: =0 -> 0 | O5: =0 -> 0 | P5: =0 -> 0 | Q5: =0 -> 0 | S5: ='W1 Points'!N27 -> 0 | T5: ='W1 Points'!O27 -> 0 | U5: ='W1 Points'!P27 -> 0 | V5: ='W1 Points'!Q27 -> 0 | W5: =SUM(S5:V5) -> 0
B6: ThumpingHawk | C6: =0 -> 0 | D6: =0 -> 0 | E6: =G6+H6+I6 -> 0 | F6: =0 -> 0 | G6: =0 -> 0 | H6: =0 -> 0 | I6: =0 -> 0 | J6: =E6-F6 -> 0 | K6: =0 -> 0 | L6: =0 -> 0 | M6: =0 -> 0 | N6: =0 -> 0 | O6: =0 -> 0 | P6: =0 -> 0 | Q6: =0 -> 0 | S6: ='W1 Points'!T27 -> 0 | T6: ='W1 Points'!U27 -> 0 | U6: ='W1 Points'!V27 -> 0 | V6: ='W1 Points'!W27 -> 0 | W6: =SUM(S6:V6) -> 0
B7: Mr Ab0veAverage | C7: =0 -> 0 | D7: =0 -> 0 | E7: =G7+H7+I7 -> 0 | F7: =0 -> 0 | G7: =0 -> 0 | H7: =0 -> 0 | I7: =0 -> 0 | J7: =E7-F7 -> 0 | K7: =0 -> 0 | L7: =0 -> 0 | M7: =0 -> 0 | N7: =0 -> 0 | O7: =0 -> 0 | P7: =0 -> 0 | Q7: =0 -> 0 | S7: ='W1 Points'!Z27 -> 0 | T7: ='W1 Points'!AA27 -> 0 | U7: ='W1 Points'!AB27 -> 0 | V7: ='W1 Points'!AC27 -> 0 | W7: =SUM(S7:V7) -> 0
B8: InfiniteRainge | C8: =0 -> 0 | D8: =0 -> 0 | E8: =G8+H8+I8 -> 0 | F8: =0 -> 0 | G8: =0 -> 0 | H8: =0 -> 0 | I8: =0 -> 0 | J8: =E8-F8 -> 0 | K8: =0 -> 0 | L8: =0 -> 0 | M8: =0 -> 0 | N8: =0 -> 0 | O8: =0 -> 0 | P8: =0 -> 0 | Q8: =0 -> 0 | S8: ='W1 Points'!B41 -> 0 | T8: ='W1 Points'!C41 -> 0 | U8: ='W1 Points'!D41 -> 0 | V8: ='W1 Points'!E41 -> 0 | W8: =SUM(S8:V8) -> 0
B9: ACE B S1lentND1 | C9: =0 -> 0 | D9: =0 -> 0 | E9: =G9+H9+I9 -> 0 | F9: =0 -> 0 | G9: =0 -> 0 | H9: =0 -> 0 | I9: =0 -> 0 | J9: =E9-F9 -> 0 | K9: =0 -> 0 | L9: =0 -> 0 | M9: =0 -> 0 | N9: =0 -> 0 | O9: =0 -> 0 | P9: =0 -> 0 | Q9: =0 -> 0 | S9: ='W1 Points'!H41 -> 0 | T9: ='W1 Points'!I41 -> 0 | U9: ='W1 Points'!J41 -> 0 | V9: ='W1 Points'!K41 -> 0 | W9: =SUM(S9:V9) -> 0
B10: DCleak | C10: =0 -> 0 | D10: =0 -> 0 | E10: =G10+H10+I10 -> 0 | F10: =0 -> 0 | G10: =0 -> 0 | H10: =0 -> 0 | I10: =0 -> 0 | J10: =E10-F10 -> 0 | K10: =0 -> 0 | L10: =0 -> 0 | M10: =0 -> 0 | N10: =0 -> 0 | O10: =0 -> 0 | P10: =0 -> 0 | Q10: =0 -> 0 | S10: ='W1 Points'!N41 -> 0 | T10: ='W1 Points'!O41 -> 0 | U10: ='W1 Points'!P41 -> 0 | V10: ='W1 Points'!Q41 -> 0 | W10: =SUM(S10:V10) -> 0
B11: ST0P K1LLING ME | C11: =0 -> 0 | D11: =0 -> 0 | E11: =G11+H11+I11 -> 0 | F11: =0 -> 0 | G11: =0 -> 0 | H11: =0 -> 0 | I11: =0 -> 0 | J11: =E11-F11 -> 0 | K11: =0 -> 0 | L11: =0 -> 0 | M11: =0 -> 0 | N11: =0 -> 0 | O11: =0 -> 0 | P11: =0 -> 0 | Q11: =0 -> 0 | S11: ='W1 Points'!T41 -> 0 | T11: ='W1 Points'!U41 -> 0 | U11: ='W1 Points'!V41 -> 0 | V11: ='W1 Points'!W41 -> 0 | W11: =SUM(S11:V11) -> 0
B12: oUnique Rose | C12: =0 -> 0 | D12: =0 -> 0 | E12: =G12+H12+I12 -> 0 | F12: =0 -> 0 | G12: =0 -> 0 | H12: =0 -> 0 | I12: =0 -> 0 | J12: =E12-F12 -> 0 | K12: =0 -> 0 | L12: =0 -> 0 | M12: =0 -> 0 | N12: =0 -> 0 | O12: =0 -> 0 | P12: =0 -> 0 | Q12: =0 -> 0 | S12: ='W1 Points'!Z41 -> 0 | T12: ='W1 Points'!AA41 -> 0 | U12: ='W1 Points'!AB41 -> 0 | V12: ='W1 Points'!AC41 -> 0 | W12: =SUM(S12:V12) -> 0
B13: NetsPride15 | C13: 1 | D13: =1 -> 1 | E13: =G13+H13+I13 -> 187 | F13: =217 -> 217 | G13: =183 -> 183 | H13: =3 -> 3 | I13: =1 -> 1 | J13: =E13-F13 -> -30 | K13: =3 -> 3 | L13: =0 -> 0 | M13: =48 -> 48 | N13: =3 -> 3 | O13: =11 -> 11 | P13: =7 -> 7 | Q13: =1 -> 1 | S13: ='W1 Points'!B55 -> 37 | T13: ='W1 Points'!C55 -> 71 | U13: ='W1 Points'!D55 -> 89 | V13: ='W1 Points'!E55 -> 81 | W13: =SUM(S13:V13) -> 278
B14: Saintz The God | C14: 1 | D14: =0 -> 0 | E14: =G14+H14+I14 -> 218 | F14: =160 -> 160 | G14: =195 -> 195 | H14: =15 -> 15 | I14: =8 -> 8 | J14: =E14-F14 -> 58 | K14: =0 -> 0 | L14: =3 -> 3 | M14: =61 -> 61 | N14: =8 -> 8 | O14: =6 -> 6 | P14: =2 -> 2 | Q14: =1 -> 1 | S14: ='W1 Points'!H55 -> 81 | T14: ='W1 Points'!I55 -> 215 | U14: ='W1 Points'!J55 -> 176 | V14: ='W1 Points'!K55 -> 174 | W14: =SUM(S14:V14) -> 646
B15: Silva | C15: 1 | D15: =4 -> 4 | E15: =G15+H15+I15 -> 120 | F15: =117 -> 117 | G15: =75 -> 75 | H15: =23 -> 23 | I15: =22 -> 22 | J15: =E15-F15 -> 3 | K15: =0 -> 0 | L15: =3 -> 3 | M15: =29 -> 29 | N15: =1 -> 1 | O15: =6 -> 6 | P15: =3 -> 3 | Q15: =1 -> 1 | S15: ='W1 Points'!N55 -> 169 | T15: ='W1 Points'!O55 -> 73 | U15: ='W1 Points'!P55 -> 82 | V15: ='W1 Points'!Q55 -> 91 | W15: =SUM(S15:V15) -> 415
B16: AJ DaJuiceMayne | C16: 1 | D16: =0 -> 0 | E16: =G16+H16+I16 -> 160 | F16: =173 -> 173 | G16: =156 -> 156 | H16: =4 -> 4 | I16: =0 -> 0 | J16: =E16-F16 -> -13 | K16: =0 -> 0 | L16: =0 -> 0 | M16: =33 -> 33 | N16: =2 -> 2 | O16: =6 -> 6 | P16: =5 -> 5 | Q16: =1 -> 1 | S16: ='W1 Points'!T55 -> 20 | T16: ='W1 Points'!U55 -> 45 | U16: ='W1 Points'!V55 -> 69 | V16: ='W1 Points'!W55 -> 49 | W16: =SUM(S16:V16) -> 183
B17: El Diablo X230X | C17: =0 -> 0 | D17: =0 -> 0 | E17: =G17+H17+I17 -> 0 | F17: =0 -> 0 | G17: =0 -> 0 | H17: =0 -> 0 | I17: =0 -> 0 | J17: =E17-F17 -> 0 | K17: =0 -> 0 | L17: =0 -> 0 | M17: =0 -> 0 | N17: =0 -> 0 | O17: =0 -> 0 | P17: =0 -> 0 | Q17: =0 -> 0 | S17: ='W1 Points'!Z55 -> 0 | T17: ='W1 Points'!AA55 -> 0 | U17: ='W1 Points'!AB55 -> 0 | V17: ='W1 Points'!AC55 -> 0 | W17: =SUM(S17:V17) -> 0
B18: Ming Crusader | C18: =0 -> 0 | D18: =0 -> 0 | E18: =G18+H18+I18 -> 0 | F18: =0 -> 0 | G18: =0 -> 0 | H18: =0 -> 0 | I18: =0 -> 0 | J18: =E18-F18 -> 0 | K18: =0 -> 0 | L18: =0 -> 0 | M18: =0 -> 0 | N18: =0 -> 0 | O18: =0 -> 0 | P18: =0 -> 0 | Q18: =0 -> 0 | S18: ='W1 Points'!B69 -> 0 | T18: ='W1 Points'!C69 -> 0 | U18: ='W1 Points'!D69 -> 0 | V18: ='W1 Points'!E69 -> 0 | W18: =SUM(S18:V18) -> 0
B19: Sabasauros Rex | C19: =0 -> 0 | D19: =0 -> 0 | E19: =G19+H19+I19 -> 0 | F19: =0 -> 0 | G19: =0 -> 0 | H19: =0 -> 0 | I19: =0 -> 0 | J19: =E19-F19 -> 0 | K19: =0 -> 0 | L19: =0 -> 0 | M19: =0 -> 0 | N19: =0 -> 0 | O19: =0 -> 0 | P19: =0 -> 0 | Q19: =0 -> 0 | S19: ='W1 Points'!H69 -> 0 | T19: ='W1 Points'!I69 -> 0 | U19: ='W1 Points'!J69 -> 0 | V19: ='W1 Points'!K69 -> 0 | W19: =SUM(S19:V19) -> 0
B20: Jeakilla85 | C20: =0 -> 0 | D20: =0 -> 0 | E20: =G20+H20+I20 -> 0 | F20: =0 -> 0 | G20: =0 -> 0 | H20: =0 -> 0 | I20: =0 -> 0 | J20: =E20-F20 -> 0 | K20: =0 -> 0 | L20: =0 -> 0 | M20: =0 -> 0 | N20: =0 -> 0 | O20: =0 -> 0 | P20: =0 -> 0 | Q20: =0 -> 0 | S20: ='W1 Points'!N69 -> 0 | T20: ='W1 Points'!O69 -> 0 | U20: ='W1 Points'!P69 -> 0 | V20: ='W1 Points'!Q69 -> 0 | W20: =SUM(S20:V20) -> 0
B21: KDSkill | C21: =0 -> 0 | D21: =0 -> 0 | E21: =G21+H21+I21 -> 0 | F21: =0 -> 0 | G21: =0 -> 0 | H21: =0 -> 0 | I21: =0 -> 0 | J21: =E21-F21 -> 0 | K21: =0 -> 0 | L21: =0 -> 0 | M21: =0 -> 0 | N21: =0 -> 0 | O21: =0 -> 0 | P21: =0 -> 0 | Q21: =0 -> 0 | S21: ='W1 Points'!T69 -> 0 | T21: ='W1 Points'!U69 -> 0 | U21: ='W1 Points'!V69 -> 0 | V21: ='W1 Points'!W69 -> 0 | W21: =SUM(S21:V21) -> 0
B22: Myst The Cold | C22: =0 -> 0 | D22: =0 -> 0 | E22: =G22+H22+I22 -> 0 | F22: =0 -> 0 | G22: =0 -> 0 | H22: =0 -> 0 | I22: =0 -> 0 | J22: =E22-F22 -> 0 | K22: =0 -> 0 | L22: =0 -> 0 | M22: =0 -> 0 | N22: =0 -> 0 | O22: =0 -> 0 | P22: =0 -> 0 | Q22: =0 -> 0 | S22: ='W1 Points'!Z69 -> 0 | T22: ='W1 Points'!AA69 -> 0 | U22: ='W1 Points'!AB69 -> 0 | V22: ='W1 Points'!AC69 -> 0 | W22: =SUM(S22:V22) -> 0
B23: KING RICKXL | C23: 0 | D23: =0 -> 0 | E23: =G23+H23+I23 -> 0 | F23: =0 -> 0 | G23: =0 -> 0 | H23: =0 -> 0 | I23: =0 -> 0 | J23: =E23-F23 -> 0 | K23: =0 -> 0 | L23: =0 -> 0 | M23: =0 -> 0 | N23: =0 -> 0 | O23: =0 -> 0 | P23: =0 -> 0 | Q23: =0 -> 0 | S23: ='W1 Points'!B83 -> 0 | T23: ='W1 Points'!C83 -> 0 | U23: ='W1 Points'!D83 -> 0 | V23: ='W1 Points'!E83 -> 0 | W23: =SUM(S23:V23) -> 0
B24: Galvann | C24: 1 | D24: =0 -> 0 | E24: =G24+H24+I24 -> 168 | F24: =210 -> 210 | G24: =154 -> 154 | H24: =12 -> 12 | I24: =2 -> 2 | J24: =E24-F24 -> -42 | K24: =3 -> 3 | L24: =0 -> 0 | M24: =32 -> 32 | N24: =4 -> 4 | O24: =8 -> 8 | P24: =8 -> 8 | Q24: =0 -> 0 | S24: N/A | T24: N/A | U24: N/A | V24: N/A | W24: N/A
B25: imShad | C25: =0 -> 0 | D25: =0 -> 0 | E25: =G25+H25+I25 -> 0 | F25: =0 -> 0 | G25: =0 -> 0 | H25: =0 -> 0 | I25: =0 -> 0 | J25: =E25-F25 -> 0 | K25: =0 -> 0 | L25: =0 -> 0 | M25: =0 -> 0 | N25: =0 -> 0 | O25: =0 -> 0 | P25: =0 -> 0 | Q25: =0 -> 0 | S25: ='W1 Points'!H83 -> 0 | T25: ='W1 Points'!I83 -> 0 | U25: ='W1 Points'!J83 -> 0 | V25: ='W1 Points'!K83 -> 0 | W25: =SUM(S25:V25) -> 0
B26: ixGingy | C26: 1 | D26: =0 -> 0 | E26: =G26+H26+I26 -> 199 | F26: =184 -> 184 | G26: =183 -> 183 | H26: =15 -> 15 | I26: =1 -> 1 | J26: =E26-F26 -> 15 | K26: =3 -> 3 | L26: =0 -> 0 | M26: =52 -> 52 | N26: =3 -> 3 | O26: =7 -> 7 | P26: =4 -> 4 | Q26: =0 -> 0 | S26: ='W1 Points'!N83 -> 2 | T26: ='W1 Points'!O83 -> 133 | U26: ='W1 Points'!P83 -> 72 | V26: ='W1 Points'!Q83 -> 82 | W26: =SUM(S26:V26) -> 289
B27: Ezy08 | C27: 1 | D27: =1 -> 1 | E27: =G27+H27+I27 -> 167 | F27: =166 -> 166 | G27: =153 -> 153 | H27: =11 -> 11 | I27: =3 -> 3 | J27: =E27-F27 -> 1 | K27: =0 -> 0 | L27: =1 -> 1 | M27: =37 -> 37 | N27: =1 -> 1 | O27: =15 -> 15 | P27: =3 -> 3 | Q27: =0 -> 0 | S27: ='W1 Points'!T83 -> 36 | T27: ='W1 Points'!U83 -> 84 | U27: ='W1 Points'!V83 -> 40 | V27: ='W1 Points'!W83 -> 57 | W27: =SUM(S27:V27) -> 217
B28: Almighty Tycoon | C28: 1 | D28: =3 -> 3 | E28: =G28+H28+I28 -> 111 | F28: =143 -> 143 | G28: =83 -> 83 | H28: =15 -> 15 | I28: =13 -> 13 | J28: =E28-F28 -> -32 | K28: =0 -> 0 | L28: =2 -> 2 | M28: =20 -> 20 | N28: =4 -> 4 | O28: =5 -> 5 | P28: =4 -> 4 | Q28: =0 -> 0 | S28: ='W1 Points'!Z83 -> 101 | T28: ='W1 Points'!AA83 -> -29 | U28: ='W1 Points'!AB83 -> 97 | V28: ='W1 Points'!AC83 -> 56 | W28: =SUM(S28:V28) -> 225
B29: The Piggies | C29: =0 -> 0 | D29: =0 -> 0 | E29: =G29+H29+I29 -> 0 | F29: =0 -> 0 | G29: =0 -> 0 | H29: =0 -> 0 | I29: =0 -> 0 | J29: =E29-F29 -> 0 | K29: =0 -> 0 | L29: =0 -> 0 | M29: =0 -> 0 | N29: =0 -> 0 | O29: =0 -> 0 | P29: =0 -> 0 | Q29: =0 -> 0 | S29: ='W1 Points'!B97 -> 0 | T29: ='W1 Points'!C97 -> 0 | U29: ='W1 Points'!D97 -> 0 | V29: ='W1 Points'!E97 -> 0 | W29: =SUM(S29:V29) -> 0
B30: Invayda Zim | C30: =0 -> 0 | D30: =0 -> 0 | E30: =G30+H30+I30 -> 0 | F30: =0 -> 0 | G30: =0 -> 0 | H30: =0 -> 0 | I30: =0 -> 0 | J30: =E30-F30 -> 0 | K30: =0 -> 0 | L30: =0 -> 0 | M30: =0 -> 0 | N30: =0 -> 0 | O30: =0 -> 0 | P30: =0 -> 0 | Q30: =0 -> 0 | S30: ='W1 Points'!H97 -> 0 | T30: ='W1 Points'!I97 -> 0 | U30: ='W1 Points'!J97 -> 0 | V30: ='W1 Points'!K97 -> 0 | W30: =SUM(S30:V30) -> 0
B31: DlGITAL PAIN | C31: =0 -> 0 | D31: =0 -> 0 | E31: =G31+H31+I31 -> 0 | F31: =0 -> 0 | G31: =0 -> 0 | H31: =0 -> 0 | I31: =0 -> 0 | J31: =E31-F31 -> 0 | K31: =0 -> 0 | L31: =0 -> 0 | M31: =0 -> 0 | N31: =0 -> 0 | O31: =0 -> 0 | P31: =0 -> 0 | Q31: =0 -> 0 | S31: ='W1 Points'!N97 -> 0 | T31: ='W1 Points'!O97 -> 0 | U31: ='W1 Points'!P97 -> 0 | V31: ='W1 Points'!Q97 -> 0 | W31: =SUM(S31:V31) -> 0
B32: PoisonxPoptart | C32: =0 -> 0 | D32: =0 -> 0 | E32: =G32+H32+I32 -> 0 | F32: =0 -> 0 | G32: =0 -> 0 | H32: =0 -> 0 | I32: =0 -> 0 | J32: =E32-F32 -> 0 | K32: =0 -> 0 | L32: =0 -> 0 | M32: =0 -> 0 | N32: =0 -> 0 | O32: =0 -> 0 | P32: =0 -> 0 | Q32: =0 -> 0 | S32: ='W1 Points'!T97 -> 0 | T32: ='W1 Points'!U97 -> 0 | U32: ='W1 Points'!V97 -> 0 | V32: ='W1 Points'!W97 -> 0 | W32: =SUM(S32:V32) -> 0
B33: Mang Canon | C33: =0 -> 0 | D33: =0 -> 0 | E33: =G33+H33+I33 -> 0 | F33: =0 -> 0 | G33: =0 -> 0 | H33: =0 -> 0 | I33: =0 -> 0 | J33: =E33-F33 -> 0 | K33: =0 -> 0 | L33: =0 -> 0 | M33: =0 -> 0 | N33: =0 -> 0 | O33: =0 -> 0 | P33: =0 -> 0 | Q33: =0 -> 0 | S33: ='W1 Points'!Z97 -> 0 | T33: ='W1 Points'!AA97 -> 0 | U33: ='W1 Points'!AB97 -> 0 | V33: ='W1 Points'!AC97 -> 0 | W33: =SUM(S33:V33) -> 0

Sheet W1 Points
A1: TEMPLATE | B1: Runner | C1: Tank | D1: Defender | E1: Hybrid | G1: TEMPLATE | H1: Runner | I1: Tank | J1: Defender | K1: Hybrid | M1: TEMPLATE | N1: Runner | O1: Tank | P1: Defender | Q1: Hybrid | S1: TEMPLATE | T1: Runner | U1: Tank | V1: Defender | W1: Hybrid | Y1: TEMPLATE | Z1: Runner | AA1: Tank | AB1: Defender | AC1: Hybrid
A2: Goals | B2: 15 | E2: 10 | G2: Goals | H2: =B2 -> 15 | I2: =C2 | J2: =D2 | K2: =E2 -> 10 | M2: Goals | N2: =H2 -> 15 | O2: =I2 | P2: =J2 | Q2: =K2 -> 10 | S2: Goals | T2: =N2 -> 15 | U2: =O2 | V2: =P2 | W2: =Q2 -> 10 | Y2: Goals | Z2: =T2 -> 15 | AA2: =U2 | AB2: =V2 | AC2: =W2 -> 10
A3: Sword Kills | D3: 1 | G3: Sword Kills | H3: =B3 | I3: =C3 | J3: =D3 -> 1 | K3: =E3 | M3: Sword Kills | N3: =H3 | O3: =I3 | P3: =J3 -> 1 | Q3: =K3 | S3: Sword Kills | T3: =N3 | U3: =O3 | V3: =P3 -> 1 | W3: =Q3 | Y3: Sword Kills | Z3: =T3 | AA3: =U3 | AB3: =V3 -> 1 | AC3: =W3
A4: Ball Kills | B4: 2 | G4: Ball Kills | H4: =B4 -> 2 | I4: =C4 | J4: =D4 | K4: =E4 | M4: Ball Kills | N4: =H4 -> 2 | O4: =I4 | P4: =J4 | Q4: =K4 | S4: Ball Kills | T4: =N4 -> 2 | U4: =O4 | V4: =P4 | W4: =Q4 | Y4: Ball Kills | Z4: =T4 -> 2 | AA4: =U4 | AB4: =V4 | AC4: =W4
A5: KD Spread | C5: 2 | E5: 1 | G5: KD Spread | H5: =B5 | I5: =C5 -> 2 | J5: =D5 | K5: =E5 -> 1 | M5: KD Spread | N5: =H5 | O5: =I5 -> 2 | P5: =J5 | Q5: =K5 -> 1 | S5: KD Spread | T5: =N5 | U5: =O5 -> 2 | V5: =P5 | W5: =Q5 -> 1 | Y5: KD Spread | Z5: =T5 | AA5: =U5 -> 2 | AB5: =V5 | AC5: =W5 -> 1
A6: First Strike | C6: 10 | E6: 5 | G6: First Strike | H6: =B6 | I6: =C6 -> 10 | J6: =D6 | K6: =E6 -> 5 | M6: First Strike | N6: =H6 | O6: =I6 -> 10 | P6: =J6 | Q6: =K6 -> 5 | S6: First Strike | T6: =N6 | U6: =O6 -> 10 | V6: =P6 | W6: =Q6 -> 5 | Y6: First Strike | Z6: =T6 | AA6: =U6 -> 10 | AB6: =V6 | AC6: =W6 -> 5
A7: First Touch | B7: 15 | D7: 5 | G7: First Touch | H7: =B7 -> 15 | I7: =C7 | J7: =D7 -> 5 | K7: =E7 | M7: First Touch | N7: =H7 -> 15 | O7: =I7 | P7: =J7 -> 5 | Q7: =K7 | S7: First Touch | T7: =N7 -> 15 | U7: =O7 | V7: =P7 -> 5 | W7: =Q7 | Y7: First Touch | Z7: =T7 -> 15 | AA7: =U7 | AB7: =V7 -> 5 | AC7: =W7
A8: Multikill | C8: 1 | G8: Multikill | H8: =B8 | I8: =C8 -> 1 | J8: =D8 | K8: =E8 | M8: Multikill | N8: =H8 | O8: =I8 -> 1 | P8: =J8 | Q8: =K8 | S8: Multikill | T8: =N8 | U8: =O8 -> 1 | V8: =P8 | W8: =Q8 | Y8: Multikill | Z8: =T8 | AA8: =U8 -> 1 | AB8: =V8 | AC8: =W8
A9: Carrier Kill | D9: 15 | E9: 10 | G9: Carrier Kill | H9: =B9 | I9: =C9 | J9: =D9 -> 15 | K9: =E9 -> 10 | M9: Carrier Kill | N9: =H9 | O9: =I9 | P9: =J9 -> 15 | Q9: =K9 -> 10 | S9: Carrier Kill | T9: =N9 | U9: =O9 | V9: =P9 -> 15 | W9: =Q9 -> 10 | Y9: Carrier Kill | Z9: =T9 | AA9: =U9 | AB9: =V9 -> 15 | AC9: =W9 -> 10
A10: Goal Offence | C10: 3 | E10: 2 | G10: Goal Offence | H10: =B10 | I10: =C10 -> 3 | J10: =D10 | K10: =E10 -> 2 | M10: Goal Offence | N10: =H10 | O10: =I10 -> 3 | P10: =J10 | Q10: =K10 -> 2 | S10: Goal Offence | T10: =N10 | U10: =O10 -> 3 | V10: =P10 | W10: =Q10 -> 2 | Y10: Goal Offence | Z10: =T10 | AA10: =U10 -> 3 | AB10: =V10 | AC10: =W10 -> 2
A11: Goal Defence | D11: 3 | E11: 2 | G11: Goal Defence | H11: =B11 | I11: =C11 | J11: =D11 -> 3 | K11: =E11 -> 2 | M11: Goal Defence | N11: =H11 | O11: =I11 | P11: =J11 -> 3 | Q11: =K11 -> 2 | S11: Goal Defence | T11: =N11 | U11: =O11 | V11: =P11 -> 3 | W11: =Q11 -> 2 | Y11: Goal Defence | Z11: =T11 | AA11: =U11 | AB11: =V11 -> 3 | AC11: =W11 -> 2
A12: Win | B12: 20 | C12: 20 | D12: 20 | E12: 20 | G12: Win | H12: =B12 -> 20 | I12: =C12 -> 20 | J12: =D12 -> 20 | K12: =E12 -> 20 | M12: Win | N12: =H12 -> 20 | O12: =I12 -> 20 | P12: =J12 -> 20 | Q12: =K12 -> 20 | S12: Win | T12: =N12 -> 20 | U12: =O12 -> 20 | V12: =P12 -> 20 | W12: =Q12 -> 20 | Y12: Win | Z12: =T12 -> 20 | AA12: =U12 -> 20 | AB12: =V12 -> 20 | AC12: =W12 -> 20
A13: Total | B13: =SUM(B2:B12) -> 52 | C13: =SUM(C2:C12) -> 36 | D13: =SUM(D2:D12) -> 44 | E13: =SUM(E2:E12) -> 50 | G13: Total | H13: =B13 -> 52 | I13: =C13 -> 36 | J13: =D13 -> 44 | K13: =E13 -> 50 | M13: Total | N13: =H13 -> 52 | O13: =I13 -> 36 | P13: =J13 -> 44 | Q13: =K13 -> 50 | S13: Total | T13: =N13 -> 52 | U13: =O13 -> 36 | V13: =P13 -> 44 | W13: =Q13 -> 50 | Y13: Total | Z13: =T13 -> 52 | AA13: =U13 -> 36 | AB13: =V13 -> 44 | AC13: =W13 -> 50
A15: ='W1 Stats'!B3 -> Rage More Nerd | B15: Runner | C15: Tank | D15: Defender | E15: Hybrid | G15: ='W1 Stats'!B4 -> BCN19 | H15: Runner | I15: Tank | J15: Defender | K15: Hybrid | M15: ='W1 Stats'!B5 -> The Eastbrook | N15: Runner | O15: Tank | P15: Defender | Q15: Hybrid | S15: ='W1 Stats'!B6 -> ThumpingHawk | T15: Runner | U15: Tank | V15: Defender | W15: Hybrid | Y15: ='W1 Stats'!B7 -> Mr Ab0veAverage | Z15: Runner | AA15: Tank | AB15: Defender | AC15: Hybrid
A16: Goals | B16: ='W1 Stats'!D3*B2 -> 0 | E16: ='W1 Stats'!D3*E2 -> 0 | G16: Goals | H16: ='W1 Stats'!D4*H2 -> 0 | K16: ='W1 Stats'!D4*K2 -> 0 | M16: Goals | N16: ='W1 Stats'!D5*N2 -> 0 | Q16: ='W1 Stats'!D5*Q2 -> 0 | S16: Goals | T16: ='W1 Stats'!D6*T2 -> 0 | W16: ='W1 Stats'!D6*W2 -> 0 | Y16: Goals | Z16: ='W1 Stats'!D7*Z2 -> 0 | AC16: ='W1 Stats'!D7*AC2 -> 0
A17: Sword Kills | D17: ='W1 Stats'!H3*D3 -> 0 | G17: Sword Kills | J17: ='W1 Stats'!H4*J4 -> 0 | M17: Sword Kills | P17: ='W1 Stats'!H5*P3 -> 0 | S17: Sword Kills | V17: ='W1 Stats'!H6*V3 -> 0 | Y17: Sword Kills | AB17: ='W1 Stats'!H7*AB3 -> 0
A18: Ball Kills | B18: ='W1 Stats'!I3*B4 -> 0 | G18: Ball Kills | H18: ='W1 Stats'!I4*H4 -> 0 | M18: Ball Kills | N18: ='W1 Stats'!I5*N4 -> 0 | S18: Ball Kills | T18: ='W1 Stats'!I6*T4 -> 0 | Y18: Ball Kills | Z18: ='W1 Stats'!I7*Z4 -> 0
A19: KD Spread | C19: ='W1 Stats'!J3*C5 -> 0 | E19: ='W1 Stats'!J3*E5 -> 0 | G19: KD Spread | I19: ='W1 Stats'!J4*I5 -> 0 | K19: ='W1 Stats'!J4*K5 -> 0 | M19: KD Spread | O19: ='W1 Stats'!J5*O5 -> 0 | Q19: ='W1 Stats'!J5*Q5 -> 0 | S19: KD Spread | U19: ='W1 Stats'!J6*U5 -> 0 | W19: ='W1 Stats'!J6*W5 -> 0 | Y19: KD Spread | AA19: ='W1 Stats'!J7*AA5 -> 0 | AC19: ='W1 Stats'!J7*AC5 -> 0
A20: First Strike | C20: ='W1 Stats'!K3*C6 -> 0 | E20: ='W1 Stats'!K3*E6 -> 0 | G20: First Strike | I20: ='W1 Stats'!K4*I6 -> 0 | K20: ='W1 Stats'!K4*K6 -> 0 | M20: First Strike | O20: ='W1 Stats'!K5*O6 -> 0 | Q20: ='W1 Stats'!K5*Q6 -> 0 | S20: First Strike | U20: ='W1 Stats'!K6*U6 -> 0 | W20: ='W1 Stats'!K6*W6 -> 0 | Y20: First Strike | AA20: ='W1 Stats'!K7*AA6 -> 0 | AC20: ='W1 Stats'!K7*AC6 -> 0
A21: First Touch | B21: ='W1 Stats'!L3*B7 -> 0 | D21: ='W1 Stats'!L3*D7 -> 0 | G21: First Touch | H21: ='W1 Stats'!L4*H7 -> 0 | J21: ='W1 Stats'!L4*J7 -> 0 | M21: First Touch | N21: ='W1 Stats'!L5*N7 -> 0 | P21: ='W1 Stats'!L5*P7 -> 0 | S21: First Touch | T21: ='W1 Stats'!L6*T7 -> 0 | V21: ='W1 Stats'!L6*V7 -> 0 | Y21: First Touch | Z21: ='W1 Stats'!L7*Z7 -> 0 | AB21: ='W1 Stats'!L7*AB7 -> 0
A22: Multikill | C22: ='W1 Stats'!M3*C8 -> 0 | G22: Multikill | I22: ='W1 Stats'!M4*I8 -> 0 | M22: Multikill | O22: ='W1 Stats'!M5*O8 -> 0 | S22: Multikill | U22: ='W1 Stats'!M6*U8 -> 0 | Y22: Multikill | AA22: ='W1 Stats'!M7*AA8 -> 0
A23: Carrier Kill | D23: ='W1 Stats'!N3*D9 -> 0 | E23: ='W1 Stats'!N3*E9 -> 0 | G23: Carrier Kill | J23: ='W1 Stats'!N4*J9 -> 0 | K23: ='W1 Stats'!N4*K9 -> 0 | M23: Carrier Kill | P23: ='W1 Stats'!N5*P9 -> 0 | Q23: ='W1 Stats'!N5*Q9 -> 0 | S23: Carrier Kill | V23: ='W1 Stats'!N6*V9 -> 0 | W23: ='W1 Stats'!N6*W9 -> 0 | Y23: Carrier Kill | AB23: ='W1 Stats'!N7*AB9 -> 0 | AC23: ='W1 Stats'!N7*AC9 -> 0
A24: Goal Offence | C24: ='W1 Stats'!O3*C10 -> 0 | E24: ='W1 Stats'!O3*E10 -> 0 | G24: Goal Offence | I24: ='W1 Stats'!O4*I10 -> 0 | K24: ='W1 Stats'!O4*K10 -> 0 | M24: Goal Offence | O24: ='W1 Stats'!O5*O10 -> 0 | Q24: ='W1 Stats'!O5*Q10 -> 0 | S24: Goal Offence | U24: ='W1 Stats'!O6*U10 -> 0 | W24: ='W1 Stats'!O6*W10 -> 0 | Y24: Goal Offence | AA24: ='W1 Stats'!O7*AA10 -> 0 | AC24: ='W1 Stats'!O7*AC10 -> 0
A25: Goal Defence | D25: ='W1 Stats'!P3*D11 -> 0 | E25: ='W1 Stats'!P3*E11 -> 0 | G25: Goal Defence | J25: ='W1 Stats'!P4*J11 -> 0 | K25: ='W1 Stats'!P4*K11 -> 0 | M25: Goal Defence | P25: ='W1 Stats'!P5*P11 -> 0 | Q25: ='W1 Stats'!P5*Q11 -> 0 | S25: Goal Defence | V25: ='W1 Stats'!P6*V11 -> 0 | W25: ='W1 Stats'!P6*W11 -> 0 | Y25: Goal Defence | AB25: ='W1 Stats'!P7*AB11 -> 0 | AC25: ='W1 Stats'!P7*AC11 -> 0
A26: Win | B26: ='W1 Stats'!Q3*B12 -> 0 | C26: ='W1 Stats'!Q3*C12 -> 0 | D26: ='W1 Stats'!Q3*D12 -> 0 | E26: ='W1 Stats'!Q3*E12 -> 0 | G26: Win | H26: ='W1 Stats'!Q4*H12 -> 0 | I26: ='W1 Stats'!Q4*I12 -> 0 | J26: ='W1 Stats'!Q4*J12 -> 0 | K26: ='W1 Stats'!Q4*K12 -> 0 | M26: Win | N26: ='W1 Stats'!Q5*N12 -> 0 | O26: ='W1 Stats'!Q5*O12 -> 0 | P26: ='W1 Stats'!Q5*P12 -> 0 | Q26: ='W1 Stats'!Q5*Q12 -> 0 | S26: Win | T26: ='W1 Stats'!Q6*T12 -> 0 | U26: ='W1 Stats'!Q6*U12 -> 0 | V26: ='W1 Stats'!Q6*V12 -> 0 | W26: ='W1 Stats'!Q6*W12 -> 0 | Y26: Win | Z26: ='W1 Stats'!Q7*Z12 -> 0 | AA26: ='W1 Stats'!Q7*AA12 -> 0 | AB26: ='W1 Stats'!Q7*AB12 -> 0 | AC26: ='W1 Stats'!Q7*AC12 -> 0
A27: Total | B27: =SUM(B16:B26) -> 0 | C27: =SUM(C16:C26) -> 0 | D27: =SUM(D16:D26) -> 0 | E27: =SUM(E16:E26) -> 0 | G27: Total | H27: =SUM(H16:H26) -> 0 | I27: =SUM(I16:I26) -> 0 | J27: =SUM(J16:J26) -> 0 | K27: =SUM(K16:K26) -> 0 | M27: Total | N27: =SUM(N16:N26) -> 0 | O27: =SUM(O16:O26) -> 0 | P27: =SUM(P16:P26) -> 0 | Q27: =SUM(Q16:Q26) -> 0 | S27: Total | T27: =SUM(T16:T26) -> 0 | U27: =SUM(U16:U26) -> 0 | V27: =SUM(V16:V26) -> 0 | W27: =SUM(W16:W26) -> 0 | Y27: Total | Z27: =SUM(Z16:Z26) -> 0 | AA27: =SUM(AA16:AA26) -> 0 | AB27: =SUM(AB16:AB26) -> 0 | AC27: =SUM(AC16:AC26) -> 0
A29: ='W1 Stats'!B8 -> InfiniteRainge | B29: Runner | C29: Tank | D29: Defender | E29: Hybrid | G29: ='W1 Stats'!B9 -> ACE B S1lentND1 | H29: Runner | I29: Tank | J29: Defender | K29: Hybrid | M29: ='W1 Stats'!B10 -> DCleak | N29: Runner | O29: Tank | P29: Defender | Q29: Hybrid | S29: ='W1 Stats'!B11 -> ST0P K1LLING ME | T29: Runner | U29: Tank | V29: Defender | W29: Hybrid | Y29: ='W1 Stats'!B12 -> oUnique Rose | Z29: Runner | AA29: Tank | AB29: Defender | AC29: Hybrid
A30: Goals | B30: ='W1 Stats'!D8*B2 -> 0 | E30: ='W1 Stats'!D8*E2 -> 0 | G30: Goals | H30: ='W1 Stats'!D9*H2 -> 0 | K30: ='W1 Stats'!D9*K2 -> 0 | M30: Goals | N30: ='W1 Stats'!D10*N2 -> 0 | Q30: ='W1 Stats'!D10*Q2 -> 0 | S30: Goals | T30: ='W1 Stats'!D11*T2 -> 0 | W30: ='W1 Stats'!D11*W2 -> 0 | Y30: Goals | Z30: ='W1 Stats'!D12*Z2 -> 0 | AC30: ='W1 Stats'!D12*AC2 -> 0
A31: Sword Kills | D31: ='W1 Stats'!H8*D3 -> 0 | G31: Sword Kills | J31: ='W1 Stats'!H9*J3 -> 0 | M31: Sword Kills | P31: ='W1 Stats'!H10*P3 -> 0 | S31: Sword Kills | V31: ='W1 Stats'!H11*V3 -> 0 | Y31: Sword Kills | AB31: ='W1 Stats'!H12*AB3 -> 0
A32: Ball Kills | B32: ='W1 Stats'!I8*B4 -> 0 | G32: Ball Kills | H32: ='W1 Stats'!I9*H4 -> 0 | M32: Ball Kills | N32: ='W1 Stats'!I10*N4 -> 0 | S32: Ball Kills | T32: ='W1 Stats'!I11*T4 -> 0 | Y32: Ball Kills | Z32: ='W1 Stats'!I12*Z4 -> 0
A33: KD Spread | C33: ='W1 Stats'!J8*C5 -> 0 | E33: ='W1 Stats'!J8*E5 -> 0 | G33: KD Spread | I33: ='W1 Stats'!J9*I5 -> 0 | K33: ='W1 Stats'!J9*K5 -> 0 | M33: KD Spread | O33: ='W1 Stats'!J10*O5 -> 0 | Q33: ='W1 Stats'!J10*Q5 -> 0 | S33: KD Spread | U33: ='W1 Stats'!J11*U5 -> 0 | W33: ='W1 Stats'!J11*W5 -> 0 | Y33: KD Spread | AA33: ='W1 Stats'!J12*AA5 -> 0 | AC33: ='W1 Stats'!J12*AC5 -> 0
A34: First Strike | C34: ='W1 Stats'!K8*C6 -> 0 | E34: ='W1 Stats'!K8*E6 -> 0 | G34: First Strike | I34: ='W1 Stats'!K9*I6 -> 0 | K34: ='W1 Stats'!K9*K6 -> 0 | M34: First Strike | O34: ='W1 Stats'!K10*O6 -> 0 | Q34: ='W1 Stats'!K10*Q6 -> 0 | S34: First Strike | U34: ='W1 Stats'!K11*U6 -> 0 | W34: ='W1 Stats'!K11*W6 -> 0 | Y34: First Strike | AA34: ='W1 Stats'!K12*AA6 -> 0 | AC34: ='W1 Stats'!K12*AC6 -> 0
A35: First Touch | B35: ='W1 Stats'!L8*B7 -> 0 | D35: ='W1 Stats'!L8*D7 -> 0 | G35: First Touch | H35: ='W1 Stats'!L9*H7 -> 0 | J35: ='W1 Stats'!L9*J7 -> 0 | M35: First Touch | N35: ='W1 Stats'!L10*N7 -> 0 | P35: ='W1 Stats'!L10*P7 -> 0 | S35: First Touch | T35: ='W1 Stats'!L11*T7 -> 0 | V35: ='W1 Stats'!L11*V7 -> 0 | Y35: First Touch | Z35: ='W1 Stats'!L12*Z7 -> 0 | AB35: ='W1 Stats'!L12*AB7 -> 0
A36: Multikill | C36: ='W1 Stats'!M8*C8 -> 0 | G36: Multikill | I36: ='W1 Stats'!M9*C9 -> 0 | M36: Multikill | O36: ='W1 Stats'!M10*O8 -> 0 | S36: Multikill | U36: ='W1 Stats'!M11*U8 -> 0 | Y36: Multikill | AA36: ='W1 Stats'!M12*AA8 -> 0
A37: Carrier Kill | D37: ='W1 Stats'!N8*D9 -> 0 | E37: ='W1 Stats'!N8*E9 -> 0 | G37: Carrier Kill | J37: ='W1 Stats'!N9*J9 -> 0 | K37: ='W1 Stats'!N9*K9 -> 0 | M37: Carrier Kill | P37: ='W1 Stats'!N10*P9 -> 0 | Q37: ='W1 Stats'!N10*Q9 -> 0 | S37: Carrier Kill | V37: ='W1 Stats'!N11*V9 -> 0 | W37: ='W1 Stats'!N11*W9 -> 0 | Y37: Carrier Kill | AB37: ='W1 Stats'!N12*AB9 -> 0 | AC37: ='W1 Stats'!N12*AC9 -> 0
A38: Goal Offence | C38: ='W1 Stats'!O8*C10 -> 0 | E38: ='W1 Stats'!O8*E10 -> 0 | G38: Goal Offence | I38: ='W1 Stats'!O9*I10 -> 0 | K38: ='W1 Stats'!O9*K10 -> 0 | M38: Goal Offence | O38: ='W1 Stats'!O10*O10 -> 0 | Q38: ='W1 Stats'!O10*Q10 -> 0 | S38: Goal Offence | U38: ='W1 Stats'!O11*U10 -> 0 | W38: ='W1 Stats'!O11*W10 -> 0 | Y38: Goal Offence | AA38: ='W1 Stats'!O12*AA10 -> 0 | AC38: ='W1 Stats'!O12*AC10 -> 0
A39: Goal Defence | D39: ='W1 Stats'!P8*D11 -> 0 | E39: ='W1 Stats'!P8*E11 -> 0 | G39: Goal Defence | J39: ='W1 Stats'!P9*J11 -> 0 | K39: ='W1 Stats'!P9*K11 -> 0 | M39: Goal Defence | P39: ='W1 Stats'!P10*P11 -> 0 | Q39: ='W1 Stats'!P10*Q11 -> 0 | S39: Goal Defence | V39: ='W1 Stats'!P11*V11 -> 0 | W39: ='W1 Stats'!P11*W11 -> 0 | Y39: Goal Defence | AB39: ='W1 Stats'!P12*AB11 -> 0 | AC39: ='W1 Stats'!P12*AC11 -> 0
A40: Win | B40: ='W1 Stats'!Q8*B12 -> 0 | C40: ='W1 Stats'!Q8*C12 -> 0 | D40: ='W1 Stats'!Q8*D12 -> 0 | E40: ='W1 Stats'!Q8*E12 -> 0 | G40: Win | H40: ='W1 Stats'!Q9*H12 -> 0 | I40: ='W1 Stats'!Q9*I12 -> 0 | J40: ='W1 Stats'!Q9*J12 -> 0 | K40: ='W1 Stats'!Q9*K12 -> 0 | M40: Win | N40: ='W1 Stats'!Q10*N12 -> 0 | O40: ='W1 Stats'!Q10*O12 -> 0 | P40: ='W1 Stats'!Q10*P12 -> 0 | Q40: ='W1 Stats'!Q10*Q12 -> 0 | S40: Win | T40: ='W1 Stats'!Q11*T12 -> 0 | U40: ='W1 Stats'!Q11*U12 -> 0 | V40: ='W1 Stats'!Q11*V12 -> 0 | W40: ='W1 Stats'!Q11*W12 -> 0 | Y40: Win | Z40: ='W1 Stats'!Q12*Z12 -> 0 | AA40: ='W1 Stats'!Q12*AA12 -> 0 | AB40: ='W1 Stats'!Q12*AB12 -> 0 | AC40: ='W1 Stats'!Q12*AC12 -> 0
A41: Total | B41: =SUM(B30:B40) -> 0 | C41: =SUM(C30:C40) -> 0 | D41: =SUM(D30:D40) -> 0 | E41: =SUM(E30:E40) -> 0 | G41: Total | H41: =SUM(H30:H40) -> 0 | I41: =SUM(I30:I40) -> 0 | J41: =SUM(J30:J40) -> 0 | K41: =SUM(K30:K40) -> 0 | M41: Total | N41: =SUM(N30:N40) -> 0 | O41: =SUM(O30:O40) -> 0 | P41: =SUM(P30:P40) -> 0 | Q41: =SUM(Q30:Q40) -> 0 | S41: Total | T41: =SUM(T30:T40) -> 0 | U41: =SUM(U30:U40) -> 0 | V41: =SUM(V30:V40) -> 0 | W41: =SUM(W30:W40) -> 0 | Y41: Total | Z41: =SUM(Z30:Z40) -> 0 | AA41: =SUM(AA30:AA40) -> 0 | AB41: =SUM(AB30:AB40) -> 0 | AC41: =SUM(AC30:AC40) -> 0
A43: ='W1 Stats'!B13 -> NetsPride15 | B43: Runner | C43: Tank | D43: Defender | E43: Hybrid | G43: ='W1 Stats'!B14 -> Saintz The God | H43: Runner | I43: Tank | J43: Defender | K43: Hybrid | M43: ='W1 Stats'!B15 -> Silva | N43: Runner | O43: Tank | P43: Defender | Q43: Hybrid | S43: ='W1 Stats'!B16 -> AJ DaJuiceMayne | T43: Runner | U43: Tank | V43: Defender | W43: Hybrid | Y43: ='W1 Stats'!B17 -> El Diablo X230X | Z43: Runner | AA43: Tank | AB43: Defender | AC43: Hybrid
A44: Goals | B44: ='W1 Stats'!D13*B2 -> 15 | E44: ='W1 Stats'!D13*E2 -> 10 | G44: Goals | H44: ='W1 Stats'!D14*H2 -> 0 | K44: ='W1 Stats'!D14*K2 -> 0 | M44: Goals | N44: ='W1 Stats'!D15*N2 -> 60 | Q44: ='W1 Stats'!D15*Q2 -> 40 | S44: Goals | T44: ='W1 Stats'!D16*T2 -> 0 | W44: ='W1 Stats'!D16*W2 -> 0 | Y44: Goals | Z44: ='W1 Stats'!D17*Z2 -> 0 | AC44: ='W1 Stats'!D17*AC2 -> 0
A45: Sword Kills | D45: ='W1 Stats'!H13*D3 -> 3 | G45: Sword Kills | J45: ='W1 Stats'!H14*J3 -> 15 | M45: Sword Kills | P45: ='W1 Stats'!H15*J3 -> 23 | S45: Sword Kills | V45: ='W1 Stats'!H16*J3 -> 4 | Y45: Sword Kills | AB45: ='W1 Stats'!H17*P3 -> 0
A46: Ball Kills | B46: ='W1 Stats'!I13*B4 -> 2 | G46: Ball Kills | H46: ='W1 Stats'!I14*H4 -> 16 | M46: Ball Kills | N46: ='W1 Stats'!I15*H4 -> 44 | S46: Ball Kills | T46: ='W1 Stats'!I16*H4 -> 0 | Y46: Ball Kills | Z46: ='W1 Stats'!I17*N4 -> 0
A47: KD Spread | C47: ='W1 Stats'!J13*C5 -> -60 | E47: ='W1 Stats'!J13*E5 -> -30 | G47: KD Spread | I47: ='W1 Stats'!J14*I5 -> 116 | K47: ='W1 Stats'!J14*K5 -> 58 | M47: KD Spread | O47: ='W1 Stats'!J15*O5 -> 6 | Q47: ='W1 Stats'!J15*Q5 -> 3 | S47: KD Spread | U47: ='W1 Stats'!J16*U5 -> -26 | W47: ='W1 Stats'!J16*W5 -> -13 | Y47: KD Spread | AA47: ='W1 Stats'!J17*AA5 -> 0 | AC47: ='W1 Stats'!J17*AC5 -> 0
A48: First Strike | C48: ='W1 Stats'!K13*C6 -> 30 | E48: ='W1 Stats'!K13*E6 -> 15 | G48: First Strike | I48: ='W1 Stats'!K14*I6 -> 0 | K48: ='W1 Stats'!K14*K6 -> 0 | M48: First Strike | O48: ='W1 Stats'!K15*O6 -> 0 | Q48: ='W1 Stats'!K15*Q6 -> 0 | S48: First Strike | U48: ='W1 Stats'!K16*U6 -> 0 | W48: ='W1 Stats'!K16*W6 -> 0 | Y48: First Strike | AA48: ='W1 Stats'!K17*AA6 -> 0 | AC48: ='W1 Stats'!K17*AC6 -> 0
A49: First Touch | B49: ='W1 Stats'!L13*B7 -> 0 | D49: ='W1 Stats'!L13*D7 -> 0 | G49: First Touch | H49: ='W1 Stats'!L14*H7 -> 45 | J49: ='W1 Stats'!L14*J7 -> 15 | M49: First Touch | N49: ='W1 Stats'!L15*N7 -> 45 | P49: ='W1 Stats'!L15*P7 -> 15 | S49: First Touch | T49: ='W1 Stats'!L16*T7 -> 0 | V49: ='W1 Stats'!L16*V7 -> 0 | Y49: First Touch | Z49: ='W1 Stats'!L17*Z7 -> 0 | AB49: ='W1 Stats'!L17*AB7 -> 0
A50: Multikill | C50: ='W1 Stats'!M13*C8 -> 48 | G50: Multikill | I50: ='W1 Stats'!M14*I8 -> 61 | M50: Multikill | O50: ='W1 Stats'!M15*O8 -> 29 | S50: Multikill | U50: ='W1 Stats'!M16*U8 -> 33 | Y50: Multikill | AA50: ='W1 Stats'!M17*AA8 -> 0
A51: Carrier Kill | D51: ='W1 Stats'!N13*D9 -> 45 | E51: ='W1 Stats'!N13*E9 -> 30 | G51: Carrier Kill | J51: ='W1 Stats'!N14*J9 -> 120 | K51: ='W1 Stats'!N14*K9 -> 80 | M51: Carrier Kill | P51: ='W1 Stats'!N15*P9 -> 15 | Q51: ='W1 Stats'!N15*Q9 -> 10 | S51: Carrier Kill | V51: ='W1 Stats'!N16*V9 -> 30 | W51: ='W1 Stats'!N16*W9 -> 20 | Y51: Carrier Kill | AB51: ='W1 Stats'!N17*AB9 -> 0 | AC51: ='W1 Stats'!N17*AC9 -> 0
A52: Goal Offence | C52: ='W1 Stats'!O13*C10 -> 33 | E52: ='W1 Stats'!O13*E10 -> 22 | G52: Goal Offence | I52: ='W1 Stats'!O14*I10 -> 18 | K52: ='W1 Stats'!O14*K10 -> 12 | M52: Goal Offence | O52: ='W1 Stats'!O15*O10 -> 18 | Q52: ='W1 Stats'!O15*Q10 -> 12 | S52: Goal Offence | U52: ='W1 Stats'!O16*U10 -> 18 | W52: ='W1 Stats'!O16*W10 -> 12 | Y52: Goal Offence | AA52: ='W1 Stats'!O17*AA10 -> 0 | AC52: ='W1 Stats'!O17*AC10 -> 0
A53: Goal Defence | D53: ='W1 Stats'!P13*D11 -> 21 | E53: ='W1 Stats'!P13*E11 -> 14 | G53: Goal Defence | J53: ='W1 Stats'!P14*J11 -> 6 | K53: ='W1 Stats'!P14*K11 -> 4 | M53: Goal Defence | P53: ='W1 Stats'!P15*P11 -> 9 | Q53: ='W1 Stats'!P15*Q11 -> 6 | S53: Goal Defence | V53: ='W1 Stats'!P16*V11 -> 15 | W53: ='W1 Stats'!P16*W11 -> 10 | Y53: Goal Defence | AB53: ='W1 Stats'!P17*AB11 -> 0 | AC53: ='W1 Stats'!P17*AC11 -> 0
A54: Win | B54: ='W1 Stats'!Q13*B12 -> 20 | C54: ='W1 Stats'!Q13*C12 -> 20 | D54: ='W1 Stats'!Q13*D12 -> 20 | E54: ='W1 Stats'!Q13*E12 -> 20 | G54: Win | H54: ='W1 Stats'!Q14*H12 -> 20 | I54: ='W1 Stats'!Q14*I12 -> 20 | J54: ='W1 Stats'!Q14*J12 -> 20 | K54: ='W1 Stats'!Q14*K12 -> 20 | M54: Win | N54: ='W1 Stats'!Q15*N12 -> 20 | O54: ='W1 Stats'!Q15*O12 -> 20 | P54: ='W1 Stats'!Q15*P12 -> 20 | Q54: ='W1 Stats'!Q15*Q12 -> 20 | S54: Win | T54: ='W1 Stats'!Q16*T12 -> 20 | U54: ='W1 Stats'!Q16*U12 -> 20 | V54: ='W1 Stats'!Q16*V12 -> 20 | W54: ='W1 Stats'!Q16*W12 -> 20 | Y54: Win | Z54: ='W1 Stats'!Q17*Z12 -> 0 | AA54: ='W1 Stats'!Q17*AA12 -> 0 | AB54: ='W1 Stats'!Q17*AB12 -> 0 | AC54: ='W1 Stats'!Q17*AC12 -> 0
A55: Total | B55: =SUM(B44:B54) -> 37 | C55: =SUM(C44:C54) -> 71 | D55: =SUM(D44:D54) -> 89 | E55: =SUM(E44:E54) -> 81 | G55: Total | H55: =SUM(H44:H54) -> 81 | I55: =SUM(I44:I54) -> 215 | J55: =SUM(J44:J54) -> 176 | K55: =SUM(K44:K54) -> 174 | M55: Total | N55: =SUM(N44:N54) -> 169 | O55: =SUM(O44:O54) -> 73 | P55: =SUM(P44:P54) -> 82 | Q55: =SUM(Q44:Q54) -> 91 | S55: Total | T55: =SUM(T44:T54) -> 20 | U55: =SUM(U44:U54) -> 45 | V55: =SUM(V44:V54) -> 69 | W55: =SUM(W44:W54) -> 49 | Y55: Total | Z55: =SUM(Z44:Z54) -> 0 | AA55: =SUM(AA44:AA54) -> 0 | AB55: =SUM(AB44:AB54) -> 0 | AC55: =SUM(AC44:AC54) -> 0
A57: ='W1 Stats'!B18 -> Ming Crusader | B57: Runner | C57: Tank | D57: Defender | E57: Hybrid | G57: ='W1 Stats'!B19 -> Sabasauros Rex | H57: Runner | I57: Tank | J57: Defender | K57: Hybrid | M57: ='W1 Stats'!B20 -> Jeakilla85 | N57: Runner | O57: Tank | P57: Defender | Q57: Hybrid | S57: ='W1 Stats'!B21 -> KDSkill | T57: Runner | U57: Tank | V57: Defender | W57: Hybrid | Y57: ='W1 Stats'!B22 -> Myst The Cold | Z57: Runner | AA57: Tank | AB57: Defender | AC57: Hybrid
A58: Goals | B58: ='W1 Stats'!D18*B2 -> 0 | E58: ='W1 Stats'!D18*E2 -> 0 | G58: Goals | H58: ='W1 Stats'!D19*H2 -> 0 | K58: ='W1 Stats'!D19*K2 -> 0 | M58: Goals | N58: ='W1 Stats'!D20*N2 -> 0 | Q58: ='W1 Stats'!D20*Q2 -> 0 | S58: Goals | T58: ='W1 Stats'!D21*T2 -> 0 | W58: ='W1 Stats'!D21*W2 -> 0 | Y58: Goals | Z58: ='W1 Stats'!D22*Z2 -> 0 | AC58: ='W1 Stats'!D22*AC2 -> 0
A59: Sword Kills | D59: ='W1 Stats'!H18*D3 -> 0 | G59: Sword Kills | J59: ='W1 Stats'!H19*J3 -> 0 | M59: Sword Kills | P59: ='W1 Stats'!H20*P3 -> 0 | S59: Sword Kills | V59: ='W1 Stats'!H21*V3 -> 0 | Y59: Sword Kills | AB59: ='W1 Stats'!H22*AB3 -> 0
A60: Ball Kills | B60: ='W1 Stats'!I18*B4 -> 0 | G60: Ball Kills | H60: ='W1 Stats'!I19*H4 -> 0 | M60: Ball Kills | N60: ='W1 Stats'!I20*N4 -> 0 | S60: Ball Kills | T60: ='W1 Stats'!I21*T4 -> 0 | Y60: Ball Kills | Z60: ='W1 Stats'!I22*Z4 -> 0
A61: KD Spread | C61: ='W1 Stats'!J18*C5 -> 0 | E61: ='W1 Stats'!J18*E5 -> 0 | G61: KD Spread | I61: ='W1 Stats'!J19*I5 -> 0 | K61: ='W1 Stats'!J19*K5 -> 0 | M61: KD Spread | O61: ='W1 Stats'!J20*O5 -> 0 | Q61: ='W1 Stats'!J20*Q5 -> 0 | S61: KD Spread | U61: ='W1 Stats'!J21*U5 -> 0 | W61: ='W1 Stats'!J21*W5 -> 0 | Y61: KD Spread | AA61: ='W1 Stats'!J22*AA5 -> 0 | AC61: ='W1 Stats'!J22*AC5 -> 0
A62: First Strike | C62: ='W1 Stats'!K18*C6 -> 0 | E62: ='W1 Stats'!K18*E6 -> 0 | G62: First Strike | I62: ='W1 Stats'!K19*I6 -> 0 | K62: ='W1 Stats'!K19*K6 -> 0 | M62: First Strike | O62: ='W1 Stats'!K20*O6 -> 0 | Q62: ='W1 Stats'!K20*Q6 -> 0 | S62: First Strike | U62: ='W1 Stats'!K21*U6 -> 0 | W62: ='W1 Stats'!K21*W6 -> 0 | Y62: First Strike | AA62: ='W1 Stats'!K22*AA6 -> 0 | AC62: ='W1 Stats'!K22*AC6 -> 0
A63: First Touch | B63: ='W1 Stats'!L18*B7 -> 0 | D63: ='W1 Stats'!L18*D7 -> 0 | G63: First Touch | H63: ='W1 Stats'!L19*H7 -> 0 | J63: ='W1 Stats'!L19*J7 -> 0 | M63: First Touch | N63: ='W1 Stats'!L20*N7 -> 0 | P63: ='W1 Stats'!L20*P7 -> 0 | S63: First Touch | T63: ='W1 Stats'!L21*T7 -> 0 | V63: ='W1 Stats'!L21*V7 -> 0 | Y63: First Touch | Z63: ='W1 Stats'!L22*Z7 -> 0 | AB63: ='W1 Stats'!L22*AB7 -> 0
A64: Multikill | C64: ='W1 Stats'!M18*C8 -> 0 | G64: Multikill | I64: ='W1 Stats'!M19*C8 -> 0 | M64: Multikill | O64: ='W1 Stats'!M20*O8 -> 0 | S64: Multikill | U64: ='W1 Stats'!M21*U8 -> 0 | Y64: Multikill | AA64: ='W1 Stats'!M22*AA8 -> 0
A65: Carrier Kill | D65: ='W1 Stats'!N18*D9 -> 0 | E65: ='W1 Stats'!N18*E9 -> 0 | G65: Carrier Kill | J65: ='W1 Stats'!N19*J9 -> 0 | K65: ='W1 Stats'!N19*K9 -> 0 | M65: Carrier Kill | P65: ='W1 Stats'!N20*P9 -> 0 | Q65: ='W1 Stats'!N20*Q9 -> 0 | S65: Carrier Kill | V65: ='W1 Stats'!N21*V9 -> 0 | W65: ='W1 Stats'!N21*W9 -> 0 | Y65: Carrier Kill | AB65: ='W1 Stats'!N22*AB9 -> 0 | AC65: ='W1 Stats'!N22*AC9 -> 0
A66: Goal Offence | C66: ='W1 Stats'!O18*C10 -> 0 | E66: ='W1 Stats'!O18*E10 -> 0 | G66: Goal Offence | I66: ='W1 Stats'!O19*I10 -> 0 | K66: ='W1 Stats'!O19*K10 -> 0 | M66: Goal Offence | O66: ='W1 Stats'!O20*O10 -> 0 | Q66: ='W1 Stats'!O20*Q10 -> 0 | S66: Goal Offence | U66: ='W1 Stats'!O21*U10 -> 0 | W66: ='W1 Stats'!O21*W10 -> 0 | Y66: Goal Offence | AA66: ='W1 Stats'!O22*AA10 -> 0 | AC66: ='W1 Stats'!O22*AC10 -> 0
A67: Goal Defence | D67: ='W1 Stats'!P18*D11 -> 0 | E67: ='W1 Stats'!P18*E11 -> 0 | G67: Goal Defence | J67: ='W1 Stats'!P19*J11 -> 0 | K67: ='W1 Stats'!P19*K11 -> 0 | M67: Goal Defence | P67: ='W1 Stats'!P20*P11 -> 0 | Q67: ='W1 Stats'!P20*Q11 -> 0 | S67: Goal Defence | V67: ='W1 Stats'!P21*V11 -> 0 | W67: ='W1 Stats'!P21*W11 -> 0 | Y67: Goal Defence | AB67: ='W1 Stats'!P22*AB11 -> 0 | AC67: ='W1 Stats'!P22*AC11 -> 0
A68: Win | B68: ='W1 Stats'!Q18*B12 -> 0 | C68: ='W1 Stats'!Q18*C12 -> 0 | D68: ='W1 Stats'!Q18*D12 -> 0 | E68: ='W1 Stats'!Q18*E12 -> 0 | G68: Win | H68: ='W1 Stats'!Q19*H12 -> 0 | I68: ='W1 Stats'!Q19*I12 -> 0 | J68: ='W1 Stats'!Q19*J12 -> 0 | K68: ='W1 Stats'!Q19*K12 -> 0 | M68: Win | N68: ='W1 Stats'!Q20*N12 -> 0 | O68: ='W1 Stats'!Q20*O12 -> 0 | P68: ='W1 Stats'!Q20*P12 -> 0 | Q68: ='W1 Stats'!Q20*Q12 -> 0 | S68: Win | T68: ='W1 Stats'!Q21*T12 -> 0 | U68: ='W1 Stats'!Q21*U12 -> 0 | V68: ='W1 Stats'!Q21*V12 -> 0 | W68: ='W1 Stats'!Q21*W12 -> 0 | Y68: Win | Z68: ='W1 Stats'!Q22*Z12 -> 0 | AA68: ='W1 Stats'!Q22*AA12 -> 0 | AB68: ='W1 Stats'!Q22*AB12 -> 0 | AC68: ='W1 Stats'!Q22*AC12 -> 0
A69: Total | B69: =SUM(B58:B68) -> 0 | C69: =SUM(C58:C68) -> 0 | D69: =SUM(D58:D68) -> 0 | E69: =SUM(E58:E68) -> 0 | G69: Total | H69: =SUM(H58:H68) -> 0 | I69: =SUM(I58:I68) -> 0 | J69: =SUM(J58:J68) -> 0 | K69: =SUM(K58:K68) -> 0 | M69: Total | N69: =SUM(N58:N68) -> 0 | O69: =SUM(O58:O68) -> 0 | P69: =SUM(P58:P68) -> 0 | Q69: =SUM(Q58:Q68) -> 0 | S69: Total | T69: =SUM(T58:T68) -> 0 | U69: =SUM(U58:U68) -> 0 | V69: =SUM(V58:V68) -> 0 | W69: =SUM(W58:W68) -> 0 | Y69: Total | Z69: =SUM(Z58:Z68) -> 0 | AA69: =SUM(AA58:AA68) -> 0 | AB69: =SUM(AB58:AB68) -> 0 | AC69: =SUM(AC58:AC68) -> 0
A71: ='W1 Stats'!B23 -> KING RICKXL | B71: Runner | C71: Tank | D71: Defender | E71: Hybrid | G71: ='W1 Stats'!B25 -> imShad | H71: Runner | I71: Tank | J71: Defender | K71: Hybrid | M71: ='W1 Stats'!B26 -> ixGingy | N71: Runner | O71: Tank | P71: Defender | Q71: Hybrid | S71: ='W1 Stats'!B27 -> Ezy08 | T71: Runner | U71: Tank | V71: Defender | W71: Hybrid | Y71: ='W1 Stats'!B28 -> Almighty Tycoon | Z71: Runner | AA71: Tank | AB71: Defender | AC71: Hybrid
A72: Goals | B72: ='W1 Stats'!D23*B2 -> 0 | E72: ='W1 Stats'!D23*E2 -> 0 | G72: Goals | H72: ='W1 Stats'!D25*H2 -> 0 | K72: ='W1 Stats'!D25*K2 -> 0 | M72: Goals | N72: ='W1 Stats'!D26*N2 -> 0 | Q72: ='W1 Stats'!D26*Q2 -> 0 | S72: Goals | T72: ='W1 Stats'!D27*T2 -> 15 | W72: ='W1 Stats'!D27*W2 -> 10 | Y72: Goals | Z72: ='W1 Stats'!D28*Z2 -> 45 | AC72: ='W1 Stats'!D28*AC2 -> 30
A73: Sword Kills | D73: ='W1 Stats'!H23*D3 -> 0 | G73: Sword Kills | J73: ='W1 Stats'!H25*J3 -> 0 | M73: Sword Kills | P73: ='W1 Stats'!H26*J3 -> 15 | S73: Sword Kills | V73: ='W1 Stats'!H27*J3 -> 11 | Y73: Sword Kills | AB73: ='W1 Stats'!H28*P3 -> 15
A74: Ball Kills | B74: ='W1 Stats'!I23*B4 -> 0 | G74: Ball Kills | H74: ='W1 Stats'!I25*H4 -> 0 | M74: Ball Kills | N74: ='W1 Stats'!I26*H4 -> 2 | S74: Ball Kills | T74: ='W1 Stats'!I27*H4 -> 6 | Y74: Ball Kills | Z74: ='W1 Stats'!I28*N4 -> 26
A75: KD Spread | C75: ='W1 Stats'!J23*C5 -> 0 | E75: ='W1 Stats'!J23*E5 -> 0 | G75: KD Spread | I75: ='W1 Stats'!J25*I5 -> 0 | K75: ='W1 Stats'!J25*K5 -> 0 | M75: KD Spread | O75: ='W1 Stats'!J26*O5 -> 30 | Q75: ='W1 Stats'!J26*Q5 -> 15 | S75: KD Spread | U75: ='W1 Stats'!J27*U5 -> 2 | W75: ='W1 Stats'!J27*W5 -> 1 | Y75: KD Spread | AA75: ='W1 Stats'!J28*AA5 -> -64 | AC75: ='W1 Stats'!J28*AC5 -> -32
A76: First Strike | C76: ='W1 Stats'!K23*C6 -> 0 | E76: ='W1 Stats'!K23*E6 -> 0 | G76: First Strike | I76: ='W1 Stats'!K25*I6 -> 0 | K76: ='W1 Stats'!K25*K6 -> 0 | M76: First Strike | O76: ='W1 Stats'!K26*O6 -> 30 | Q76: ='W1 Stats'!K26*Q6 -> 15 | S76: First Strike | U76: ='W1 Stats'!K27*U6 -> 0 | W76: ='W1 Stats'!K27*W6 -> 0 | Y76: First Strike | AA76: ='W1 Stats'!K28*AA6 -> 0 | AC76: ='W1 Stats'!K28*AC6 -> 0
A77: First Touch | B77: ='W1 Stats'!L23*B7 -> 0 | D77: ='W1 Stats'!L23*D7 -> 0 | G77: First Touch | H77: ='W1 Stats'!L25*H7 -> 0 | J77: ='W1 Stats'!L25*J7 -> 0 | M77: First Touch | N77: ='W1 Stats'!L26*N7 -> 0 | P77: ='W1 Stats'!L26*P7 -> 0 | S77: First Touch | T77: ='W1 Stats'!L27*T7 -> 15 | V77: ='W1 Stats'!L27*V7 -> 5 | Y77: First Touch | Z77: ='W1 Stats'!L28*Z7 -> 30 | AB77: ='W1 Stats'!L28*AB7 -> 10
A78: Multikill | C78: ='W1 Stats'!M23*C8 -> 0 | G78: Multikill | I78: ='W1 Stats'!M25*I8 -> 0 | M78: Multikill | O78: ='W1 Stats'!M26*O8 -> 52 | S78: Multikill | U78: ='W1 Stats'!M27*U8 -> 37 | Y78: Multikill | AA78: ='W1 Stats'!M28*AA8 -> 20
A79: Carrier Kill | D79: ='W1 Stats'!N23*D9 -> 0 | E79: ='W1 Stats'!N23*E9 -> 0 | G79: Carrier Kill | J79: ='W1 Stats'!N25*J9 -> 0 | K79: ='W1 Stats'!N25*K9 -> 0 | M79: Carrier Kill | P79: ='W1 Stats'!N26*P9 -> 45 | Q79: ='W1 Stats'!N26*Q9 -> 30 | S79: Carrier Kill | V79: ='W1 Stats'!N27*V9 -> 15 | W79: ='W1 Stats'!N27*W9 -> 10 | Y79: Carrier Kill | AB79: ='W1 Stats'!N28*AB9 -> 60 | AC79: ='W1 Stats'!N28*AC9 -> 40
A80: Goal Offence | C80: ='W1 Stats'!O23*C10 -> 0 | E80: ='W1 Stats'!O23*E10 -> 0 | G80: Goal Offence | I80: ='W1 Stats'!O25*I10 -> 0 | K80: ='W1 Stats'!O25*K10 -> 0 | M80: Goal Offence | O80: ='W1 Stats'!O26*O10 -> 21 | Q80: ='W1 Stats'!O26*Q10 -> 14 | S80: Goal Offence | U80: ='W1 Stats'!O27*U10 -> 45 | W80: ='W1 Stats'!O27*W10 -> 30 | Y80: Goal Offence | AA80: ='W1 Stats'!O28*AA10 -> 15 | AC80: ='W1 Stats'!O28*AC10 -> 10
A81: Goal Defence | D81: ='W1 Stats'!P23*D11 -> 0 | E81: ='W1 Stats'!P23*E11 -> 0 | G81: Goal Defence | J81: ='W1 Stats'!P25*J11 -> 0 | K81: ='W1 Stats'!P25*K11 -> 0 | M81: Goal Defence | P81: ='W1 Stats'!P26*P11 -> 12 | Q81: ='W1 Stats'!P26*Q11 -> 8 | S81: Goal Defence | V81: ='W1 Stats'!P27*V11 -> 9 | W81: ='W1 Stats'!P27*W11 -> 6 | Y81: Goal Defence | AB81: ='W1 Stats'!P28*AB11 -> 12 | AC81: ='W1 Stats'!P28*AC11 -> 8
A82: Win | B82: ='W1 Stats'!Q23*B12 -> 0 | C82: ='W1 Stats'!Q23*C12 -> 0 | D82: ='W1 Stats'!Q23*D12 -> 0 | E82: ='W1 Stats'!Q23*E12 -> 0 | G82: Win | H82: ='W1 Stats'!Q25*H12 -> 0 | I82: ='W1 Stats'!Q25*I12 -> 0 | J82: ='W1 Stats'!Q25*J12 -> 0 | K82: ='W1 Stats'!Q25*K12 -> 0 | M82: Win | N82: ='W1 Stats'!Q26*N12 -> 0 | O82: ='W1 Stats'!Q26*O12 -> 0 | P82: ='W1 Stats'!Q26*P12 -> 0 | Q82: ='W1 Stats'!Q26*Q12 -> 0 | S82: Win | T82: ='W1 Stats'!Q27*T12 -> 0 | U82: ='W1 Stats'!Q27*U12 -> 0 | V82: ='W1 Stats'!Q27*V12 -> 0 | W82: ='W1 Stats'!Q27*W12 -> 0 | Y82: Win | Z82: ='W1 Stats'!Q28*Z12 -> 0 | AA82: ='W1 Stats'!Q28*AA12 -> 0 | AB82: ='W1 Stats'!Q28*AB12 -> 0 | AC82: ='W1 Stats'!Q28*AC12 -> 0
A83: Total | B83: =SUM(B72:B82) -> 0 | C83: =SUM(C72:C82) -> 0 | D83: =SUM(D72:D82) -> 0 | E83: =SUM(E72:E82) -> 0 | G83: Total | H83: =SUM(H72:H82) -> 0 | I83: =SUM(I72:I82) -> 0 | J83: =SUM(J72:J82) -> 0 | K83: =SUM(K72:K82) -> 0 | M83: Total | N83: =SUM(N72:N82) -> 2 | O83: =SUM(O72:O82) -> 133 | P83: =SUM(P72:P82) -> 72 | Q83: =SUM(Q72:Q82) -> 82 | S83: Total | T83: =SUM(T72:T82) -> 36 | U83: =SUM(U72:U82) -> 84 | V83: =SUM(V72:V82) -> 40 | W83: =SUM(W72:W82) -> 57 | Y83: Total | Z83: =SUM(Z72:Z82) -> 101 | AA83: =SUM(AA72:AA82) -> -29 | AB83: =SUM(AB72:AB82) -> 97 | AC83: =SUM(AC72:AC82) -> 56
A85: ='W1 Stats'!B29 -> The Piggies | B85: Runner | C85: Tank | D85: Defender | E85: Hybrid | G85: ='W1 Stats'!B30 -> Invayda Zim | H85: Runner | I85: Tank | J85: Defender | K85: Hybrid | M85: ='W1 Stats'!B31 -> DlGITAL PAIN | N85: Runner | O85: Tank | P85: Defender | Q85: Hybrid | S85: ='W1 Stats'!B32 -> PoisonxPoptart | T85: Runner | U85: Tank | V85: Defender | W85: Hybrid | Y85: ='W1 Stats'!B33 -> Mang Canon | Z85: Runner | AA85: Tank | AB85: Defender | AC85: Hybrid
A86: Goals | B86: ='W1 Stats'!D29*B2 -> 0 | E86: ='W1 Stats'!D29*E2 -> 0 | G86: Goals | H86: ='W1 Stats'!D30*H2 -> 0 | K86: ='W1 Stats'!D30*K2 -> 0 | M86: Goals | N86: ='W1 Stats'!D31*N2 -> 0 | Q86: ='W1 Stats'!D31*Q2 -> 0 | S86: Goals | T86: ='W1 Stats'!D32*T2 -> 0 | W86: ='W1 Stats'!D32*W2 -> 0 | Y86: Goals | Z86: ='W1 Stats'!D33*Z2 -> 0 | AC86: ='W1 Stats'!D33*AC2 -> 0
A87: Sword Kills | D87: ='W1 Stats'!H29*D3 -> 0 | G87: Sword Kills | J87: ='W1 Stats'!H30*J3 -> 0 | M87: Sword Kills | P87: ='W1 Stats'!H31*P3 -> 0 | S87: Sword Kills | V87: ='W1 Stats'!H32*V3 -> 0 | Y87: Sword Kills | AB87: ='W1 Stats'!H33*AB3 -> 0
A88: Ball Kills | B88: ='W1 Stats'!I29*B4 -> 0 | G88: Ball Kills | H88: ='W1 Stats'!I30*H4 -> 0 | M88: Ball Kills | N88: ='W1 Stats'!I31*N4 -> 0 | S88: Ball Kills | T88: ='W1 Stats'!I32*T4 -> 0 | Y88: Ball Kills | Z88: ='W1 Stats'!I33*Z4 -> 0
A89: KD Spread | C89: ='W1 Stats'!J29*C5 -> 0 | E89: ='W1 Stats'!J29*E5 -> 0 | G89: KD Spread | I89: ='W1 Stats'!J30*I5 -> 0 | K89: ='W1 Stats'!J30*K5 -> 0 | M89: KD Spread | O89: ='W1 Stats'!J31*O5 -> 0 | Q89: ='W1 Stats'!J31*Q5 -> 0 | S89: KD Spread | U89: ='W1 Stats'!J32*U5 -> 0 | W89: ='W1 Stats'!J32*W5 -> 0 | Y89: KD Spread | AA89: ='W1 Stats'!J33*AA5 -> 0 | AC89: ='W1 Stats'!J33*AC5 -> 0
A90: First Strike | C90: ='W1 Stats'!K29*C6 -> 0 | E90: ='W1 Stats'!K29*E6 -> 0 | G90: First Strike | I90: ='W1 Stats'!K30*I6 -> 0 | K90: ='W1 Stats'!K30*K6 -> 0 | M90: First Strike | O90: ='W1 Stats'!K31*O6 -> 0 | Q90: ='W1 Stats'!K31*Q6 -> 0 | S90: First Strike | U90: ='W1 Stats'!K32*U6 -> 0 | W90: ='W1 Stats'!K32*W6 -> 0 | Y90: First Strike | AA90: ='W1 Stats'!K33*AA6 -> 0 | AC90: ='W1 Stats'!K33*AC6 -> 0
A91: First Touch | B91: ='W1 Stats'!L29*B7 -> 0 | D91: ='W1 Stats'!L29*D7 -> 0 | G91: First Touch | H91: ='W1 Stats'!L30*H7 -> 0 | J91: ='W1 Stats'!L30*J7 -> 0 | M91: First Touch | N91: ='W1 Stats'!L31*N7 -> 0 | P91: ='W1 Stats'!L31*P7 -> 0 | S91: First Touch | T91: ='W1 Stats'!L32*T7 -> 0 | V91: ='W1 Stats'!L32*V7 -> 0 | Y91: First Touch | Z91: ='W1 Stats'!L33*Z7 -> 0 | AB91: ='W1 Stats'!L33*AB7 -> 0
A92: Multikill | C92: ='W1 Stats'!M29*C8 -> 0 | G92: Multikill | I92: ='W1 Stats'!M30*C8 -> 0 | M92: Multikill | O92: ='W1 Stats'!M31*O8 -> 0 | S92: Multikill | U92: ='W1 Stats'!M32*U8 -> 0 | Y92: Multikill | AA92: ='W1 Stats'!M33*AA8 -> 0
A93: Carrier Kill | D93: ='W1 Stats'!N29*D9 -> 0 | E93: ='W1 Stats'!N29*E9 -> 0 | G93: Carrier Kill | J93: ='W1 Stats'!N30*J9 -> 0 | K93: ='W1 Stats'!N30*K9 -> 0 | M93: Carrier Kill | P93: ='W1 Stats'!N31*P9 -> 0 | Q93: ='W1 Stats'!N31*Q9 -> 0 | S93: Carrier Kill | V93: ='W1 Stats'!N32*V9 -> 0 | W93: ='W1 Stats'!N32*W9 -> 0 | Y93: Carrier Kill | AB93: ='W1 Stats'!N33*AB9 -> 0 | AC93: ='W1 Stats'!N33*AC9 -> 0
A94: Goal Offence | C94: ='W1 Stats'!O29*C10 -> 0 | E94: ='W1 Stats'!O29*E10 -> 0 | G94: Goal Offence | I94: ='W1 Stats'!O30*I10 -> 0 | K94: ='W1 Stats'!O30*K10 -> 0 | M94: Goal Offence | O94: ='W1 Stats'!O31*O10 -> 0 | Q94: ='W1 Stats'!O31*Q10 -> 0 | S94: Goal Offence | U94: ='W1 Stats'!O32*U10 -> 0 | W94: ='W1 Stats'!O32*W10 -> 0 | Y94: Goal Offence | AA94: ='W1 Stats'!O33*AA10 -> 0 | AC94: ='W1 Stats'!O33*AC10 -> 0
A95: Goal Defence | D95: ='W1 Stats'!P29*D11 -> 0 | E95: ='W1 Stats'!P29*E11 -> 0 | G95: Goal Defence | J95: ='W1 Stats'!P30*J11 -> 0 | K95: ='W1 Stats'!P30*K11 -> 0 | M95: Goal Defence | P95: ='W1 Stats'!P31*P11 -> 0 | Q95: ='W1 Stats'!P31*Q11 -> 0 | S95: Goal Defence | V95: ='W1 Stats'!P32*V11 -> 0 | W95: ='W1 Stats'!P32*W11 -> 0 | Y95: Goal Defence | AB95: ='W1 Stats'!P33*AB11 -> 0 | AC95: ='W1 Stats'!P33*AC11 -> 0
A96: Win | B96: ='W1 Stats'!Q29*B12 -> 0 | C96: ='W1 Stats'!Q29*C12 -> 0 | D96: ='W1 Stats'!Q29*D12 -> 0 | E96: ='W1 Stats'!Q29*E12 -> 0 | G96: Win | H96: ='W1 Stats'!Q30*H12 -> 0 | I96: ='W1 Stats'!Q30*I12 -> 0 | J96: ='W1 Stats'!Q30*J12 -> 0 | K96: ='W1 Stats'!Q30*K12 -> 0 | M96: Win | N96: ='W1 Stats'!Q31*N12 -> 0 | O96: ='W1 Stats'!Q31*O12 -> 0 | P96: ='W1 Stats'!Q31*P12 -> 0 | Q96: ='W1 Stats'!Q31*Q12 -> 0 | S96: Win | T96: ='W1 Stats'!Q32*T12 -> 0 | U96: ='W1 Stats'!Q32*U12 -> 0 | V96: ='W1 Stats'!Q32*V12 -> 0 | W96: ='W1 Stats'!Q32*W12 -> 0 | Y96: Win | Z96: ='W1 Stats'!Q33*Z12 -> 0 | AA96: ='W1 Stats'!Q33*AA12 -> 0 | AB96: ='W1 Stats'!Q33*AB12 -> 0 | AC96: ='W1 Stats'!Q33*AC12 -> 0
A97: Total | B97: =SUM(B86:B96) -> 0 | C97: =SUM(C86:C96) -> 0 | D97: =SUM(D86:D96) -> 0 | E97: =SUM(E86:E96) -> 0 | G97: Total | H97: =SUM(H86:H96) -> 0 | I97: =SUM(I86:I96) -> 0 | J97: =SUM(J86:J96) -> 0 | K97: =SUM(K86:K96) -> 0 | M97: Total | N97: =SUM(N86:N96) -> 0 | O97: =SUM(O86:O96) -> 0 | P97: =SUM(P86:P96) -> 0 | Q97: =SUM(Q86:Q96) -> 0 | S97: Total | T97: =SUM(T86:T96) -> 0 | U97: =SUM(U86:U96) -> 0 | V97: =SUM(V86:V96) -> 0 | W97: =SUM(W86:W96) -> 0 | Y97: Total | Z97: =SUM(Z86:Z96) -> 0 | AA97: =SUM(AA86:AA96) -> 0 | AB97: =SUM(AB86:AB96) -> 0 | AC97: =SUM(AC86:AC96) -> 0

Sheet W2 Team Points
A1: Reyley FC | H1: Tormenting Teutons | O1: ixGingy
A2: Manager | B2: Runner | C2: Tank | D2: Defender | E2: Hybrid | F2: Sub | H2: Manager | I2: Runner | J2: Tank | K2: Defender | L2: Hybrid | M2: Sub | O2: Manager | P2: Runner | Q2: Tank | R2: Defender | S2: Hybrid | T2: Sub
A3: Reyas | B3: Ace B S1lentND1 | C3: Invayda Zim | D3: Rage More Nerd | E3: DCleak | F3: ST0P K1LLING ME | H3: Xknight25R9270 | I3: KDSkill | J3: BCN19 | K3: Ming Crusader | L3: ThumpingHawk | M3: Almighty Tycoon | O3: ixGingy | P3: Almighty Tycoon | Q3: ixGingy | R3: Rage More Nerd | S3: The Piggies | T3: DCleak
A4: Goals | B4: ='W2 Points'!H30 -> 0 | C4: ='W2 Points'!I86 | D4: ='W2 Points'!D16 | E4: ='W2 Points'!Q30 -> 0 | F4: TUVW30 | H4: Goals | I4: ='W2 Points'!T58 -> 0 | J4: ='W2 Points'!I16 | K4: ='W2 Points'!D58 | L4: ='W2 Points'!W16 -> 0 | M4: Z-AC72 | O4: Goals | P4: ='W2 Points'!Z72 -> 0 | Q4: ='W2 Points'!O72 | R4: ='W2 Points'!D16 | S4: ='W2 Points'!E86 -> 0 | T4: NOPQ30
A5: Sword Kills | B5: ='W2 Points'!H31 | C5: ='W2 Points'!I87 | D5: ='W2 Points'!D17 -> 0 | E5: ='W2 Points'!Q31 | H5: Sword Kills | I5: ='W2 Points'!T59 | J5: ='W2 Points'!I17 | K5: ='W2 Points'!D59 -> 0 | L5: ='W2 Points'!W17 | O5: Sword Kills | P5: ='W2 Points'!Z73 | Q5: ='W2 Points'!O73 | R5: ='W2 Points'!D17 -> 0 | S5: ='W2 Points'!E87
A6: Ball Kills | B6: ='W2 Points'!H32 -> 0 | C6: ='W2 Points'!I88 | D6: ='W2 Points'!D18 | E6: ='W2 Points'!Q32 | H6: Ball Kills | I6: ='W2 Points'!T60 -> 0 | J6: ='W2 Points'!I18 | K6: ='W2 Points'!D60 | L6: ='W2 Points'!W18 | O6: Ball Kills | P6: ='W2 Points'!Z74 -> 0 | Q6: ='W2 Points'!O74 | R6: ='W2 Points'!D18 | S6: ='W2 Points'!E88
A7: KD Spread | B7: ='W2 Points'!H33 | C7: ='W2 Points'!I89 -> 0 | D7: ='W2 Points'!D19 | E7: ='W2 Points'!Q33 -> 0 | H7: KD Spread | I7: ='W2 Points'!T61 | J7: ='W2 Points'!I19 -> 0 | K7: ='W2 Points'!D61 | L7: ='W2 Points'!W19 -> 0 | O7: KD Spread | P7: ='W2 Points'!Z75 | Q7: ='W2 Points'!O75 -> 0 | R7: ='W2 Points'!D19 | S7: ='W2 Points'!E89 -> 0
A8: First Strike | B8: ='W2 Points'!H34 | C8: ='W2 Points'!I90 -> 0 | D8: ='W2 Points'!D20 | E8: ='W2 Points'!Q34 -> 0 | H8: First Strike | I8: ='W2 Points'!T62 | J8: ='W2 Points'!I20 -> 0 | K8: ='W2 Points'!D62 | L8: ='W2 Points'!W20 -> 0 | O8: First Strike | P8: ='W2 Points'!Z76 | Q8: ='W2 Points'!O76 -> 0 | R8: ='W2 Points'!D20 | S8: ='W2 Points'!E90 -> 0
A9: First Touch | B9: ='W2 Points'!H35 -> 0 | C9: ='W2 Points'!I91 | D9: ='W2 Points'!D21 -> 0 | E9: ='W2 Points'!Q35 | H9: First Touch | I9: ='W2 Points'!T63 -> 0 | J9: ='W2 Points'!I21 | K9: ='W2 Points'!D63 -> 0 | L9: ='W2 Points'!W21 | O9: First Touch | P9: ='W2 Points'!Z77 -> 0 | Q9: ='W2 Points'!O77 | R9: ='W2 Points'!D21 -> 0 | S9: ='W2 Points'!E91
A10: Multikill | B10: ='W2 Points'!H36 | C10: ='W2 Points'!I92 -> 0 | D10: ='W2 Points'!D22 | E10: ='W2 Points'!Q36 | H10: Multikill | I10: ='W2 Points'!T64 | J10: ='W2 Points'!I22 -> 0 | K10: ='W2 Points'!D64 | L10: ='W2 Points'!W22 | O10: Multikill | P10: ='W2 Points'!Z78 | Q10: ='W2 Points'!O78 -> 0 | R10: ='W2 Points'!D22 | S10: ='W2 Points'!E92
A11: Carrier Kill | B11: ='W2 Points'!H37 | C11: ='W2 Points'!I93 | D11: ='W2 Points'!D23 -> 0 | E11: ='W2 Points'!Q37 -> 0 | H11: Carrier Kill | I11: ='W2 Points'!T65 | J11: ='W2 Points'!I23 | K11: ='W2 Points'!D65 -> 0 | L11: ='W2 Points'!W23 -> 0 | O11: Carrier Kill | P11: ='W2 Points'!Z79 | Q11: ='W2 Points'!O79 | R11: ='W2 Points'!D23 -> 0 | S11: ='W2 Points'!E93 -> 0
A12: Goal Offence | B12: ='W2 Points'!H38 | C12: ='W2 Points'!I94 -> 0 | D12: ='W2 Points'!D24 | E12: ='W2 Points'!Q38 -> 0 | H12: Goal Offence | I12: ='W2 Points'!T66 | J12: ='W2 Points'!I24 -> 0 | K12: ='W2 Points'!D66 | L12: ='W2 Points'!W24 -> 0 | O12: Goal Offence | P12: ='W2 Points'!Z80 | Q12: ='W2 Points'!O80 -> 0 | R12: ='W2 Points'!D24 | S12: ='W2 Points'!E94 -> 0
A13: Goal Defence | B13: ='W2 Points'!H39 | C13: ='W2 Points'!I95 | D13: ='W2 Points'!D25 -> 0 | E13: ='W2 Points'!Q39 -> 0 | H13: Goal Defence | I13: ='W2 Points'!T67 | J13: ='W2 Points'!I25 | K13: ='W2 Points'!D67 -> 0 | L13: ='W2 Points'!W25 -> 0 | O13: Goal Defence | P13: ='W2 Points'!Z81 | Q13: ='W2 Points'!O81 | R13: ='W2 Points'!D25 -> 0 | S13: ='W2 Points'!E95 -> 0
A14: Win | B14: ='W2 Points'!H40 -> 0 | C14: ='W2 Points'!I96 -> 0 | D14: ='W2 Points'!D26 -> 0 | E14: ='W2 Points'!Q40 -> 0 | H14: Win | I14: ='W2 Points'!T68 -> 0 | J14: ='W2 Points'!I26 -> 0 | K14: ='W2 Points'!D68 -> 0 | L14: ='W2 Points'!W26 -> 0 | O14: Win | P14: ='W2 Points'!Z82 -> 0 | Q14: ='W2 Points'!O82 -> 0 | R14: ='W2 Points'!D26 -> 0 | S14: ='W2 Points'!E96 -> 0
A15: Total | B15: =SUM(B4:B14) -> 0 | C15: =SUM(C4:C14) -> 0 | D15: =SUM(D4:D14) -> 0 | E15: =SUM(E4:E14) -> 0 | F15: =SUM(F4:F14) -> 0 | H15: Total | I15: =SUM(I4:I14) -> 0 | J15: =SUM(J4:J14) -> 0 | K15: =SUM(K4:K14) -> 0 | L15: =SUM(L4:L14) -> 0 | M15: =SUM(M4:M14) -> 0 | O15: Total | P15: =SUM(P4:P14) -> 0 | Q15: =SUM(Q4:Q14) -> 0 | R15: =SUM(R4:R14) -> 0 | S15: =SUM(S4:S14) -> 0 | T15: =SUM(T4:T14) -> 0
E16: Total: | F16: =SUM(B15:E15) -> 0 | L16: Total: | M16: =SUM(I15:L15) -> 0 | S16: Total: | T16: =SUM(P15:S15) -> 0
A17: Sab | H17: Ammyships | O17: Sonic
A18: Manager | B18: Runner | C18: Tank | D18: Defender | E18: Hybrid | F18: Sub | H18: Manager | I18: Runner | J18: Tank | K18: Defender | L18: Hybrid | M18: Sub | O18: Manager | P18: Runner | Q18: Tank | R18: Defender | S18: Hybrid | T18: Sub
A19: Sabasauros Rex | B19: Ming Crusader | C19: Saintz The God | D19: KDSkill | E19: Almighty Tycoon | F19: oUnique Rose | H19: The Texorcist | I19: Almighty Tycoon | J19: Saintz The God | K19: Invayda Zim | L19: PoisonxPoptart | M19: ST0P K1LLING ME | O19: SonicNachos | P19: The Eastbrook | Q19: ST0P K1LLING ME | R19: Ming Crusader | S19: Rage More Nerd | T19: Mr AboveAverage
A20: Goals | B20: ='W2 Points'!B58 -> 0 | C20: ='W2 Points'!I44 | D20: ='W2 Points'!V58 | E20: ='W2 Points'!AC72 -> 0 | F20: Z-AC30 | H20: Goals | I20: ='W2 Points'!Z30 -> 0 | J20: ='W2 Points'!I44 | K20: ='W2 Points'!J86 | L20: ='W2 Points'!W86 -> 0 | M20: TUVW30 | O20: Goals | P20: ='W2 Points'!N16 -> 0 | Q20: ='W2 Points'!U30 | R20: ='W2 Points'!D58 | S20: ='W2 Points'!E16 -> 0 | T20: Z-AC16
A21: Sword Kills | B21: ='W2 Points'!B59 | C21: ='W2 Points'!I45 | D21: ='W2 Points'!V59 -> 0 | E21: ='W2 Points'!AC73 | H21: Sword Kills | I21: ='W2 Points'!Z31 | J21: ='W2 Points'!I45 | K21: ='W2 Points'!J87 -> 0 | L21: ='W2 Points'!W87 | O21: Sword Kills | P21: ='W2 Points'!N17 | Q21: ='W2 Points'!U31 | R21: ='W2 Points'!D59 -> 0 | S21: ='W2 Points'!E17
A22: Ball Kills | B22: ='W2 Points'!B60 -> 0 | C22: ='W2 Points'!I46 | D22: ='W2 Points'!V60 | E22: ='W2 Points'!AC74 | H22: Ball Kills | I22: ='W2 Points'!Z32 -> 0 | J22: ='W2 Points'!I46 | K22: ='W2 Points'!J88 | L22: ='W2 Points'!W88 | O22: Ball Kills | P22: ='W2 Points'!N18 -> 0 | Q22: ='W2 Points'!U32 | R22: ='W2 Points'!D60 | S22: ='W2 Points'!E18
A23: KD Spread | B23: ='W2 Points'!B61 | C23: ='W2 Points'!I47 -> 0 | D23: ='W2 Points'!V61 | E23: ='W2 Points'!AC75 -> 0 | H23: KD Spread | I23: ='W2 Points'!Z33 | J23: ='W2 Points'!I47 -> 0 | K23: ='W2 Points'!J89 | L23: ='W2 Points'!W89 -> 0 | O23: KD Spread | P23: ='W2 Points'!N19 | Q23: ='W2 Points'!U33 -> 0 | R23: ='W2 Points'!D61 | S23: ='W2 Points'!E19 -> 0
A24: First Strike | B24: ='W2 Points'!B62 | C24: ='W2 Points'!I48 -> 0 | D24: ='W2 Points'!V62 | E24: ='W2 Points'!AC76 -> 0 | H24: First Strike | I24: ='W2 Points'!Z34 | J24: ='W2 Points'!I48 -> 0 | K24: ='W2 Points'!J90 | L24: ='W2 Points'!W90 -> 0 | O24: First Strike | P24: ='W2 Points'!N20 | Q24: ='W2 Points'!U34 -> 0 | R24: ='W2 Points'!D62 | S24: ='W2 Points'!E20 -> 0
A25: First Touch | B25: ='W2 Points'!B63 -> 0 | C25: ='W2 Points'!I49 | D25: ='W2 Points'!V63 -> 0 | E25: ='W2 Points'!AC77 | H25: First Touch | I25: ='W2 Points'!Z35 -> 0 | J25: ='W2 Points'!I49 | K25: ='W2 Points'!J91 -> 0 | L25: ='W2 Points'!W91 | O25: First Touch | P25: ='W2 Points'!N21 -> 0 | Q25: ='W2 Points'!U35 | R25: ='W2 Points'!D63 -> 0 | S25: ='W2 Points'!E21
A26: Multikill | B26: ='W2 Points'!B64 | C26: ='W2 Points'!I50 -> 0 | D26: ='W2 Points'!V64 | E26: ='W2 Points'!AC78 | H26: Multikill | I26: ='W2 Points'!Z36 | J26: ='W2 Points'!I50 -> 0 | K26: ='W2 Points'!J92 | L26: ='W2 Points'!W92 | O26: Multikill | P26: ='W2 Points'!N22 | Q26: ='W2 Points'!U36 -> 0 | R26: ='W2 Points'!D64 | S26: ='W2 Points'!E22
A27: Carrier Kill | B27: ='W2 Points'!B65 | C27: ='W2 Points'!I51 | D27: ='W2 Points'!V65 -> 0 | E27: ='W2 Points'!AC79 -> 0 | H27: Carrier Kill | I27: ='W2 Points'!Z37 | J27: ='W2 Points'!I51 | K27: ='W2 Points'!J93 -> 0 | L27: ='W2 Points'!W93 -> 0 | O27: Carrier Kill | P27: ='W2 Points'!N23 | Q27: ='W2 Points'!U37 | R27: ='W2 Points'!D65 -> 0 | S27: ='W2 Points'!E23 -> 0
A28: Goal Offence | B28: ='W2 Points'!B66 | C28: ='W2 Points'!I52 -> 0 | D28: ='W2 Points'!V66 | E28: ='W2 Points'!AC80 -> 0 | H28: Goal Offence | I28: ='W2 Points'!Z38 | J28: ='W2 Points'!I52 -> 0 | K28: ='W2 Points'!J94 | L28: ='W2 Points'!W94 -> 0 | O28: Goal Offence | P28: ='W2 Points'!N24 | Q28: ='W2 Points'!U38 -> 0 | R28: ='W2 Points'!D66 | S28: ='W2 Points'!E24 -> 0
A29: Goal Defence | B29: ='W2 Points'!B67 | C29: ='W2 Points'!I53 | D29: ='W2 Points'!V67 -> 0 | E29: ='W2 Points'!AC81 -> 0 | H29: Goal Defence | I29: ='W2 Points'!Z39 | J29: ='W2 Points'!I53 | K29: ='W2 Points'!J95 -> 0 | L29: ='W2 Points'!W95 -> 0 | O29: Goal Defence | P29: ='W2 Points'!N25 | Q29: ='W2 Points'!U39 | R29: ='W2 Points'!D67 -> 0 | S29: ='W2 Points'!E25 -> 0
A30: Win | B30: ='W2 Points'!B68 -> 0 | C30: ='W2 Points'!I54 -> 0 | D30: ='W2 Points'!V68 -> 0 | E30: ='W2 Points'!AC82 -> 0 | H30: Win | I30: ='W2 Points'!Z40 -> 0 | J30: ='W2 Points'!I54 -> 0 | K30: ='W2 Points'!J96 -> 0 | L30: ='W2 Points'!W96 -> 0 | O30: Win | P30: ='W2 Points'!N26 -> 0 | Q30: ='W2 Points'!U40 -> 0 | R30: ='W2 Points'!D68 -> 0 | S30: ='W2 Points'!E26 -> 0
A31: Total | B31: =SUM(B20:B30) -> 0 | C31: =SUM(C20:C30) -> 0 | D31: =SUM(D20:D30) -> 0 | E31: =SUM(E20:E30) -> 0 | F31: =SUM(F20:F30) -> 0 | H31: Total | I31: =SUM(I20:I30) -> 0 | J31: =SUM(J20:J30) -> 0 | K31: =SUM(K20:K30) -> 0 | L31: =SUM(L20:L30) -> 0 | M31: =SUM(M20:M30) -> 0 | O31: Total | P31: =SUM(P20:P30) -> 0 | Q31: =SUM(Q20:Q30) -> 0 | R31: =SUM(R20:R30) -> 0 | S31: =SUM(S20:S30) -> 0 | T31: =SUM(T20:T30) -> 0
E32: Total: | F32: =SUM(B31:E31) -> 0 | L32: Total: | M32: =SUM(I31:L31) -> 0 | S32: Total: | T32: =SUM(P31:S31) -> 0
A33: Sader's Tots | H33: KDSkill | O33: The Black List 2.0
A34: Manager | B34: Runner | C34: Tank | D34: Defender | E34: Hybrid | F34: Sub | H34: Manager | I34: Runner | J34: Tank | K34: Defender | L34: Hybrid | M34: Sub | O34: Manager | P34: Runner | Q34: Tank | R34: Defender | S34: Hybrid | T34: Sub
A35: Ming Crusader | B35: Ming Crusader | C35: DlGITAL PAIN | D35: DCleak | E35: The Piggies | F35: Almighty Tycoon | H35: KDSkill | I35: Almighty Tycoon | J35: Saintz The God | K35: KDSkill | L35: Rage More Nerd | M35: The Piggies | O35: ActiveHate | P35: Almighty Tycoon | Q35: DlGITAL PAIN | R35: NetsPride15 | S35: Ezy08 | T35: BCN19
A36: Goals | B36: ='W2 Points'!B58 -> 0 | C36: ='W2 Points'!O86 | D36: ='W2 Points'!P30 | E36: ='W2 Points'!E86 -> 0 | F36: Z-AC72 | H36: Goals | I36: ='W2 Points'!Z30 -> 0 | J36: ='W2 Points'!I44 | K36: ='W2 Points'!V58 | L36: ='W2 Points'!E16 -> 0 | M36: B-E86 | O36: Goals | P36: ='W2 Points'!Z30 -> 0 | Q36: ='W2 Points'!O86 | R36: ='W2 Points'!D44 | S36: ='W2 Points'!W72 -> 0 | T36: HIJK16
A37: Sword Kills | B37: ='W2 Points'!B59 | C37: ='W2 Points'!O87 | D37: ='W2 Points'!P31 -> 0 | E37: ='W2 Points'!E87 | H37: Sword Kills | I37: ='W2 Points'!Z31 | J37: ='W2 Points'!I45 | K37: ='W2 Points'!V59 -> 0 | L37: ='W2 Points'!E17 | O37: Sword Kills | P37: ='W2 Points'!Z31 | Q37: ='W2 Points'!O87 | R37: ='W2 Points'!D45 -> 0 | S37: ='W2 Points'!W73
A38: Ball Kills | B38: ='W2 Points'!B60 -> 0 | C38: ='W2 Points'!O88 | D38: ='W2 Points'!P32 | E38: ='W2 Points'!E88 | H38: Ball Kills | I38: ='W2 Points'!Z32 -> 0 | J38: ='W2 Points'!I46 | K38: ='W2 Points'!V60 | L38: ='W2 Points'!E18 | O38: Ball Kills | P38: ='W2 Points'!Z32 -> 0 | Q38: ='W2 Points'!O88 | R38: ='W2 Points'!D46 | S38: ='W2 Points'!W74
A39: KD Spread | B39: ='W2 Points'!B61 | C39: ='W2 Points'!O89 -> 0 | D39: ='W2 Points'!P33 | E39: ='W2 Points'!E89 -> 0 | H39: KD Spread | I39: ='W2 Points'!Z33 | J39: ='W2 Points'!I47 -> 0 | K39: ='W2 Points'!V61 | L39: ='W2 Points'!E19 -> 0 | O39: KD Spread | P39: ='W2 Points'!Z33 | Q39: ='W2 Points'!O89 -> 0 | R39: ='W2 Points'!D47 | S39: ='W2 Points'!W75 -> 0
A40: First Strike | B40: ='W2 Points'!B62 | C40: ='W2 Points'!O90 -> 0 | D40: ='W2 Points'!P34 | E40: ='W2 Points'!E90 -> 0 | H40: First Strike | I40: ='W2 Points'!Z34 | J40: ='W2 Points'!I48 -> 0 | K40: ='W2 Points'!V62 | L40: ='W2 Points'!E20 -> 0 | O40: First Strike | P40: ='W2 Points'!Z34 | Q40: ='W2 Points'!O90 -> 0 | R40: ='W2 Points'!D48 | S40: ='W2 Points'!W76 -> 0
A41: First Touch | B41: ='W2 Points'!B63 -> 0 | C41: ='W2 Points'!O91 | D41: ='W2 Points'!P35 -> 0 | E41: ='W2 Points'!E91 | H41: First Touch | I41: ='W2 Points'!Z35 -> 0 | J41: ='W2 Points'!I49 | K41: ='W2 Points'!V63 -> 0 | L41: ='W2 Points'!E21 | O41: First Touch | P41: ='W2 Points'!Z35 -> 0 | Q41: ='W2 Points'!O91 | R41: ='W2 Points'!D49 -> 0 | S41: ='W2 Points'!W77
A42: Multikill | B42: ='W2 Points'!B64 | C42: ='W2 Points'!O92 -> 0 | D42: ='W2 Points'!P36 | E42: ='W2 Points'!E92 | H42: Multikill | I42: ='W2 Points'!Z36 | J42: ='W2 Points'!I50 -> 0 | K42: ='W2 Points'!V64 | L42: ='W2 Points'!E22 | O42: Multikill | P42: ='W2 Points'!Z36 | Q42: ='W2 Points'!O92 -> 0 | R42: ='W2 Points'!D50 | S42: ='W2 Points'!W78
A43: Carrier Kill | B43: ='W2 Points'!B65 | C43: ='W2 Points'!O93 | D43: ='W2 Points'!P37 -> 0 | E43: ='W2 Points'!E93 -> 0 | H43: Carrier Kill | I43: ='W2 Points'!Z37 | J43: ='W2 Points'!I51 | K43: ='W2 Points'!V65 -> 0 | L43: ='W2 Points'!E23 -> 0 | O43: Carrier Kill | P43: ='W2 Points'!Z37 | Q43: ='W2 Points'!O93 | R43: ='W2 Points'!D51 -> 0 | S43: ='W2 Points'!W79 -> 0
A44: Goal Offence | B44: ='W2 Points'!B66 | C44: ='W2 Points'!O94 -> 0 | D44: ='W2 Points'!P38 | E44: ='W2 Points'!E94 -> 0 | H44: Goal Offence | I44: ='W2 Points'!Z38 | J44: ='W2 Points'!I52 -> 0 | K44: ='W2 Points'!V66 | L44: ='W2 Points'!E24 -> 0 | O44: Goal Offence | P44: ='W2 Points'!Z38 | Q44: ='W2 Points'!O94 -> 0 | R44: ='W2 Points'!D52 | S44: ='W2 Points'!W80 -> 0
A45: Goal Defence | B45: ='W2 Points'!B67 | C45: ='W2 Points'!O95 | D45: ='W2 Points'!P39 -> 0 | E45: ='W2 Points'!E95 -> 0 | H45: Goal Defence | I45: ='W2 Points'!Z39 | J45: ='W2 Points'!I53 | K45: ='W2 Points'!V67 -> 0 | L45: ='W2 Points'!E25 -> 0 | O45: Goal Defence | P45: ='W2 Points'!Z39 | Q45: ='W2 Points'!O95 | R45: ='W2 Points'!D53 -> 0 | S45: ='W2 Points'!W81 -> 0
A46: Win | B46: ='W2 Points'!B68 -> 0 | C46: ='W2 Points'!O96 -> 0 | D46: ='W2 Points'!P40 -> 0 | E46: ='W2 Points'!E96 -> 0 | H46: Win | I46: ='W2 Points'!Z40 -> 0 | J46: ='W2 Points'!I54 -> 0 | K46: ='W2 Points'!V68 -> 0 | L46: ='W2 Points'!E26 -> 0 | O46: Win | P46: ='W2 Points'!Z40 -> 0 | Q46: ='W2 Points'!O96 -> 0 | R46: ='W2 Points'!D54 -> 0 | S46: ='W2 Points'!W82 -> 0
A47: Total | B47: =SUM(B36:B46) -> 0 | C47: =SUM(C36:C46) -> 0 | D47: =SUM(D36:D46) -> 0 | E47: =SUM(E36:E46) -> 0 | F47: =SUM(F36:F46) -> 0 | H47: Total | I47: =SUM(I36:I46) -> 0 | J47: =SUM(J36:J46) -> 0 | K47: =SUM(K36:K46) -> 0 | L47: =SUM(L36:L46) -> 0 | M47: =SUM(M36:M46) -> 0 | O47: Total | P47: =SUM(P36:P46) -> 0 | Q47: =SUM(Q36:Q46) -> 0 | R47: =SUM(R36:R46) -> 0 | S47: =SUM(S36:S46) -> 0 | T47: =SUM(T36:T46) -> 0
E48: Total: | F48: =SUM(B47:E47) -> 0 | L48: Total: | M48: =SUM(I47:L47) -> 0 | S48: Total: | T48: =SUM(P47:S47) -> 0
A49: Repeat Performance | H49: Clutch Coffee | O49: Filler
A50: Manager | B50: Runner | C50: Tank | D50: Defender | E50: Hybrid | F50: Sub | H50: Manager | I50: Runner | J50: Tank | K50: Defender | L50: Hybrid | M50: Sub | O50: Manager | P50: Runner | Q50: Tank | R50: Defender | S50: Hybrid | T50: Sub
A51: Silva | B51: Almighty Tycoon | C51: Saintz The God | D51: DCleak | E51: BCN19 | F51: oUnique Rose | H51: AJ DaJuiceMayne | I51: KDSkill | J51: Saintz The God | K51: DCleak | L51: AJ DaJuiceMayne | M51: Almighty Tycoon | O51: - | P51: ThumpingHawk | Q51: Jeakilla85 | R51: Sabasauros Rex | S51: KING RICKXL | T51: El Diablo X230X
A52: Goals | B52: ='W2 Points'!Z30 -> 0 | C52: ='W2 Points'!I44 | D52: ='W2 Points'!P30 | E52: ='W2 Points'!K16 -> 0 | F52: Z-AC30 | H52: Goals | I52: ='W2 Points'!T58 -> 0 | J52: ='W2 Points'!I44 | K52: ='W2 Points'!P30 | L52: ='W2 Points'!W44 -> 0 | M52: Z-AC72 | O52: Goals | P52: ='W2 Points'!T16 -> 0 | Q52: ='W2 Points'!O58 | R52: ='W2 Points'!J58 | S52: ='W2 Points'!E72 -> 0 | T52: Z-AC44
