Workbook

Sheet Schedule
B1: Sunday | D1: Monday | F1: Tuesday | H1: Wednesday | J1: Thursday | L1: Friday | N1: Saturday
A3: Date | B3: 43604 | D3: 43605 | F3: 43606 | H3: 43607 | J3: 43608 | L3: 43609 | N3: 43610 | P3: Date
A4: 8:00pm est | H4: Mon over Junk 5-3 | P4: 8:00pm est | Q4: Team Name | R4: Abb. | S4: Wins | T4: Losses | U4: Goals | V4: Opp Goals | W4: Goal Eff | X4: Win %
A5: 8:00pm est | H5: Mon over Junk 5-0 | P5: 8:00pm est | Q5: Monstars | R5: Mon | S5: 16 | T5: 4 | U5: 90 | V5: 44 | W5: =SUM(U5/(U5+V5)) -> 0.67164179 | X5: =S5/(S5+T5) -> 0.8
A6: 9:00pm est | B6: Standings to the right of Calendar | F6: MP over Hype 5-3 | H6: Doc over TT 5-1 | J6: MP over Med 5-3 | K6: WDR over Def 5-3 | P6: 9:00pm est | Q6: Defiance | R6: Def | S6: 15 | T6: 5 | U6: 87 | V6: 55 | W6: =SUM(U6/(U6+V6)) -> 0.61267606 | X6: =S6/(S6+T6) -> 0.75
A7: 9:00pm est | F7: MP over Hype 5-2 | H7: Doc over TT 5-2 | J7: MP over Med 5-4 | K7: WDR over Def 5-1 | P7: 9:00pm est | Q7: Hypest | R7: Hype | S7: 13 | T7: 7 | U7: 84 | V7: 47 | W7: =SUM(U7/(U7+V7)) -> 0.64122137 | X7: =S7/(S7+T7) -> 0.65
A8: 10:00pm est | H8: Med over FTL 5-0 | I8: WDR over OTF 5-3 | J8: Hype over Mon 5-1 | P8: 10:00pm est | Q8: Failure to Launch | R8: FTL | S8: 12 | T8: 8 | U8: 71 | V8: 65 | W8: =SUM(U8/(U8+V8)) -> 0.52205882 | X8: =S8/(S8+T8) -> 0.6
A9: 10:00pm est | H9: Med over FTL 5-0 | I9: OTF over WDR 5-2 | J9: Mon over Hype 5-4 | P9: 10:00pm est | Q9: In MuNgO We Trust | R9: MP | S9: 11 | T9: 9 | U9: 80 | V9: 69 | W9: =SUM(U9/(U9+V9)) -> 0.53691275 | X9: =S9/(S9+T9) -> 0.55
A10: 11:00pm est | P10: 11:00pm est | Q10: Mediocre at Best | R10: Med | S10: 10 | T10: 10 | U10: 75 | V10: 63 | W10: =SUM(U10/(U10+V10)) -> 0.54347826 | X10: =S10/(S10+T10) -> 0.5
A11: 11:00pm est | P11: 11:00pm est | Q11: 9th Wonders | R11: WDR | S11: 10 | T11: 10 | U11: 63 | V11: 72 | W11: =SUM(U11/(U11+V11)) -> 0.46666667 | X11: =S11/(S11+T11) -> 0.5
Q12: Silva's Connection | R12: Doc | S12: 8 | T12: 12 | U12: 59 | V12: 77 | W12: =SUM(U12/(U12+V12)) -> 0.43382353 | X12: =S12/(S12+T12) -> 0.4
A13: Date | B13: 43611 | D13: 43612 | F13: 43613 | H13: 43614 | J13: 43615 | L13: 43616 | N13: 43617 | P13: Date | Q13: Junkyard Dogs | R13: Junk | S13: 8 | T13: 12 | U13: 63 | V13: 84 | W13: =SUM(U13/(U13+V13)) -> 0.42857143 | X13: =S13/(S13+T13) -> 0.4
A14: 8:00pm est | H14: WDR over Junk 5-3 | P14: 8:00pm est | Q14: Truthless and the Truthlessettes | R14: TT | S14: 5 | T14: 15 | U14: 40 | V14: 85 | W14: =SUM(U14/(U14+V14)) -> 0.32 | X14: =S14/(S14+T14) -> 0.25
A15: 8:00pm est | H15: WDR over Junk 5-3 | P15: 8:00pm est | Q15: On the Fence | R15: OTF | S15: 2 | T15: 18 | U15: 42 | V15: 93 | W15: =SUM(U15/(U15+V15)) -> 0.31111111 | X15: =S15/(S15+T15) -> 0.1
A16: 9:00pm est | D16: Def over Med 5-1 | H16: Med over Doc 5-3 | I16: Def over TT 5-0 | J16: Junk over MP 5-3 | P16: 9:00pm est | S16: =SUM(S5:S15) -> 110 | T16: =SUM(T5:T15) -> 110 | U16: =SUM(U5:U15) -> 754 | V16: =SUM(V5:V15) -> 754
A17: 9:00pm est | D17: Def over Med 5-3 | H17: Med over Doc 5-1 | I17: Def over TT 5-1 | J17: MP over Junk 5-2 | P17: 9:00pm est | Q17: Color=Rescheduled
A18: 10:00pm est | F18: Doc over OTF 5-2 | H18: Monstars over OTF 5-2 | J18: Hype over WDR 5-1 | K18: FTL over TT 5-2 | P18: 10:00pm est
A19: 10:00pm est | F19: Doc over OTF 5-2 | H19: Monstars over OTF 5-1 | J19: Hype over WDR 5-1 | K19: TT over FTL 5-2 | P19: 10:00pm est
A20: 11:00pm est | P20: 11:00pm est
A21: 11:00pm est | P21: 11:00pm est
A23: Date | B23: 43618 | D23: 43619 | F23: 43620 | H23: 43621 | J23: 43622 | L23: 43623 | N23: 43624 | P23: Date
A24: 8:00pm est | J24: Mon over WDR 5-1 | P24: 8:00pm est
A25: 8:00pm est | J25: Mon over WDR 5-1 | P25: 8:00pm est
A26: 9:00pm est | D26: Med over TT 5-1 | H26: Junk over Med 5-3 | I26: Def over Hype 5-3 | J26: Doc over Junk 5-3 | K26: TT over MP 5-4 | L26: MP over OTF 5-2 | M26: Mon over Doc 5-0 | P26: 9:00pm est
A27: 9:00pm est | D27: Med over TT 5-0 | H27: Med over Junk 5-4 | I27: Hype over Def 5-0 | J27: Junk over Doc 5-4 | K27: MP over TT 5-4 | L27: MP over OTF 5-0 | M27: Mon over Doc 5-0 | P27: 9:00pm est
A28: 10:00pm est | D28: FTL over Def 5-4 | F28: FTL over OTF 5-1 | P28: 10:00pm est
A29: 10:00pm est | D29: Def over FTL 5-2 | F29: FTL over OTF 5-4 | P29: 10:00pm est
A30: 11:00pm est | P30: 11:00pm est
A31: 11:00pm est | P31: 11:00pm est
A33: Date | B33: 43625 | D33: 43626 | F33: 43627 | H33: 43628 | J33: 43629 | L33: 43630 | N33: 43631 | P33: Date
A34: 8:00pm est | P34: 8:00pm est
A35: 8:00pm est | P35: 8:00pm est
A36: 9:00pm est | F36: Def over Junk 5-1 | H36: Med over WDR 5-0 | I36: Hype over Doc 5-0 | J36: Mon over MP 5-3 | K36: WDR over TT 5-0 | P36: 9:00pm est
A37: 9:00pm est | F37: Junk over Def 5-4 | H37: WDR over Med 5-1 | I37: Hype over Doc 5-1 | J37: Mon over MP 5-1 | K37: TT over WDR 5-3 | P37: 9:00pm est
A38: 10:00pm est | D38: Med over OTF 5-1 | F38: FTL over Hype 5-3 | H38: Mon over TT 5-0 | I38: FTL over Junk 5-1 | P38: 10:00pm est
A39: 10:00pm est | D39: Med over OTF 5-3 | F39: FTL over Hype 5-0 | H39: Mon over TT 5-1 | I39: FTL over Junk 5-1 | P39: 10:00pm est
A40: 11:00pm est | P40: 11:00pm est
A41: 11:00pm est | P41: 11:00pm est
A43: Date | B43: 43632 | D43: 43633 | F43: 43634 | H43: 43635 | J43: 43636 | L43: 43637 | N43: 43638 | P43: Date
A44: 8:00pm est | P44: 8:00pm est
A45: 8:00pm est | P45: 8:00pm est
A46: 9:00pm est | D46: Hype over Med 5-1 | J46: WDR over Doc 5-1 | K46: Junk over TT 5-1 | L46: Def over Mon 5-2 | M46: Doc over MP 5-2 | P46: 9:00pm est
A47: 9:00pm est | D47: Hype over Med 5-2 | H47: WDR over FTL 5-3 | J47: Doc over WDR 5-1 | K47: Junk over TT 5-1 | L47: Def over Mon 5-3 | M47: Doc over MP 5-4 | P47: 9:00pm est
A48: 10:00pm est | F48: Def over OTF 5-0 | G48: Hype over TT 5-0 | H48: WDR over FTL 5-4 | I48: OTF over Junk 5-1 | J48: FTL over MP 5-2 | P48: 10:00pm est
A49: 10:00pm est | F49: Def over OTF 5-3 | G49: Hype over TT 5-1 | I49: Junk over OTF 5-4 | J49: MP over FTL 5-1 | P49: 10:00pm est
A50: 11:00pm est | P50: 11:00pm est
A51: 11:00pm est | P51: 11:00pm est
A53: Date | B53: 43639 | D53: 43640 | F53: 43641 | H53: 43642 | J53: 43643 | L53: 43644 | N53: 43645 | P53: Date
A54: 8:00pm est | H54: Mon over Med 5-3 | P54: 8:00pm est
A55: 8:00pm est | H55: Mon over Med 5-4 | P55: 8:00pm est
A56: 9:00pm est | H56: Junk over Hype 5-4 | K56: Def over Doc 5-2 | L56: Def over MP 5-4 | P56: 9:00pm est
A57: 9:00pm est | H57: Hype over Junk 5-1 | J57: FTL over Mon 5-4 | K57: Def over Doc 5-4 | L57: Def over MP 5-1 | P57: 9:00pm est
A58: 10:00pm est | F58: FTL over Doc 5-1 | G58: Hype over OTF 5-0 | H58: TT over OTF 5-1 | J58: Mon over FTL 5-0 | K58: MP over WDR 5-0 | P58: 10:00pm est
A59: 10:00pm est | F59: FTL over Doc 5-2 | G59: Hype over OTF 5-3 | H59: TT over OTF 5-0 | K59: MP over WDR 5-3 | P59: 10:00pm est
A60: 11:00pm est | P60: 11:00pm est
A61: 11:00pm est | P61: 11:00pm est

Sheet Team and Player Stats
A1: AGLA SL19 Rosters and Regular Season Statistics
A2: Team | B2: Player | C2: Games Played | D2: Wins | E2: Minutes | F2: Goals | G2: Kills | H2: Assists | I2: Deaths | J2: Spread | K2: K/D Ratio | L2: Average Life | M2: Medals | N2: Games with Medals | O2: Minutes | P2: Carrier Kills | Q2: Beatdown | R2: Bulltrue | S2: Killjoys | T2: Double Kill | U2: Triple Kill | V2: Overkill | W2: Killtacular | X2: Killtrocity | Y2: Killmanjaro | Z2: Killpocalypse | AA2: Killtastrophe | AB2: Killionaire | AC2: Killing Spree | AD2: Killing Frenzy | AE2: Running Riot | AF2: Rampage | AG2: Extermination | AH2: Sword Spree
A3: Defiance | B3: Trespa5s | C3: =SUM('Game Results'!C246+'Game Results'!C678+'Game Results'!C779+'Game Results'!C804+'Game Results'!C696+'Game Results'!C1049+'Game Results'!C1031+'Game Results'!C1049+'Game Results'!C311+'Game Results'!C329+'Game Results'!C1913+'Game Results'!C1895+'Game Results'!C1625+'Game Results'!C1607+'Game Results'!C257+'Game Results'!C473) -> 14 | D3: =SUM('Game Results'!D246+'Game Results'!D678+'Game Results'!D779+'Game Results'!D804+'Game Results'!D696+'Game Results'!D1049+'Game Results'!D1031+'Game Results'!D1049+'Game Results'!D311+'Game Results'!D329+'Game Results'!D1913+'Game Results'!D1895+'Game Results'!D1625+'Game Results'!D1607+'Game Results'!D257+'Game Results'!D473) -> 8 | E3: =SUM('Game Results'!E246+'Game Results'!E678+'Game Results'!E779+'Game Results'!E804+'Game Results'!E696+'Game Results'!E1049+'Game Results'!E1031+'Game Results'!E1049+'Game Results'!E311+'Game Results'!E329+'Game Results'!E1913+'Game Results'!E1895+'Game Results'!E1625+'Game Results'!E1607+'Game Results'!E257+'Game Results'!E473) -> 419 | F3: =SUM('Game Results'!F246+'Game Results'!F678+'Game Results'!F779+'Game Results'!F804+'Game Results'!F696+'Game Results'!F1049+'Game Results'!F1031+'Game Results'!F1049+'Game Results'!F311+'Game Results'!F329+'Game Results'!F1913+'Game Results'!F1895+'Game Results'!F1625+'Game Results'!F1607+'Game Results'!F257+'Game Results'!F473) -> 4 | G3: =SUM('Game Results'!G246+'Game Results'!G678+'Game Results'!G779+'Game Results'!G804+'Game Results'!G696+'Game Results'!G1049+'Game Results'!G1031+'Game Results'!G1049+'Game Results'!G311+'Game Results'!G329+'Game Results'!G1913+'Game Results'!G1895+'Game Results'!G1625+'Game Results'!G1607+'Game Results'!G257+'Game Results'!G473) -> 1276 | H3: =SUM('Game Results'!H246+'Game Results'!H678+'Game Results'!H779+'Game Results'!H804+'Game Results'!H696+'Game Results'!H1049+'Game Results'!H1031+'Game Results'!H1049+'Game Results'!H311+'Game Results'!H329+'Game Results'!H1913+'Game Results'!H1895+'Game Results'!H1625+'Game Results'!H1607+'Game Results'!H257+'Game Results'!H473) -> 2 | I3: =SUM('Game Results'!I246+'Game Results'!I678+'Game Results'!I779+'Game Results'!I804+'Game Results'!I696+'Game Results'!I1049+'Game Results'!I1031+'Game Results'!I1049+'Game Results'!I311+'Game Results'!I329+'Game Results'!I1913+'Game Results'!I1895+'Game Results'!I1625+'Game Results'!I1607+'Game Results'!I257+'Game Results'!I473) -> 1388 | J3: =SUM('Game Results'!J246+'Game Results'!J678+'Game Results'!J779+'Game Results'!J804+'Game Results'!J696+'Game Results'!J1049+'Game Results'!J1031+'Game Results'!J1049+'Game Results'!J311+'Game Results'!J329+'Game Results'!J1913+'Game Results'!J1895+'Game Results'!J1625+'Game Results'!J1607+'Game Results'!J257+'Game Results'!J473) -> -112 | K3: =SUM(G3/I3) -> 0.91930836 | L3: =SUM('Game Results'!L246+'Game Results'!L678+'Game Results'!L779+'Game Results'!L804+'Game Results'!L696+'Game Results'!L1049+'Game Results'!L1031+'Game Results'!L1049+'Game Results'!L311+'Game Results'!L329+'Game Results'!L1913+'Game Results'!L1895+'Game Results'!L1625+'Game Results'!L1607+'Game Results'!L257+'Game Results'!L473) -> 239 | M3: =SUM('Game Results'!M246+'Game Results'!M678+'Game Results'!M779+'Game Results'!M804+'Game Results'!M696+'Game Results'!M1049+'Game Results'!M1031+'Game Results'!M1049+'Game Results'!M311+'Game Results'!M329+'Game Results'!M1913+'Game Results'!M1895+'Game Results'!M1625+'Game Results'!M1607+'Game Results'!M257+'Game Results'!M473) -> 1527 | N3: =SUM('Game Results'!N246+'Game Results'!N678+'Game Results'!N779+'Game Results'!N804+'Game Results'!N696+'Game Results'!N1049+'Game Results'!N1031+'Game Results'!N1049+'Game Results'!N311+'Game Results'!N329+'Game Results'!N1913+'Game Results'!N1895+'Game Results'!N1625+'Game Results'!N1607+'Game Results'!N257+'Game Results'!N473) -> 13 | O3: =SUM('Game Results'!O246+'Game Results'!O678+'Game Results'!O779+'Game Results'!O804+'Game Results'!O696+'Game Results'!O1049+'Game Results'!O1031+'Game Results'!O1049+'Game Results'!O311+'Game Results'!O329+'Game Results'!O1913+'Game Results'!O1895+'Game Results'!O1625+'Game Results'!O1607+'Game Results'!O257+'Game Results'!O473) -> 419 | P3: =SUM('Game Results'!P246+'Game Results'!P678+'Game Results'!P779+'Game Results'!P804+'Game Results'!P696+'Game Results'!P1049+'Game Results'!P1031+'Game Results'!P1049+'Game Results'!P311+'Game Results'!P329+'Game Results'!P1913+'Game Results'!P1895+'Game Results'!P1625+'Game Results'!P1607+'Game Results'!P257+'Game Results'!P473) -> 29 | Q3: =SUM('Game Results'!Q246+'Game Results'!Q678+'Game Results'!Q779+'Game Results'!Q804+'Game Results'!Q696+'Game Results'!Q1049+'Game Results'!Q1031+'Game Results'!Q1049+'Game Results'!Q311+'Game Results'!Q329+'Game Results'!Q1913+'Game Results'!Q1895+'Game Results'!Q1625+'Game Results'!Q1607+'Game Results'!Q257+'Game Results'!Q473) -> 9 | R3: =SUM('Game Results'!R246+'Game Results'!R678+'Game Results'!R779+'Game Results'!R804+'Game Results'!R696+'Game Results'!R1049+'Game Results'!R1031+'Game Results'!R1049+'Game Results'!R311+'Game Results'!R329+'Game Results'!R1913+'Game Results'!R1895+'Game Results'!R1625+'Game Results'!R1607+'Game Results'!R257+'Game Results'!R473) -> 98 | S3: =SUM('Game Results'!S246+'Game Results'!S678+'Game Results'!S779+'Game Results'!S804+'Game Results'!S696+'Game Results'!S1049+'Game Results'!S1031+'Game Results'!S1049+'Game Results'!S311+'Game Results'!S329+'Game Results'!S1913+'Game Results'!S1895+'Game Results'!S1625+'Game Results'!S1607+'Game Results'!S257+'Game Results'!S473) -> 18 | ... AH3: =SUM('Game Results'!AH246+'Game Results'!AH678+'Game Results'!AH779+'Game Results'!AH804+'Game Results'!AH696+'Game Results'!AH1049+'Game Results'!AH1031+'Game Results'!AH1049+'Game Results'!AH311+'Game Results'!AH329+'Game Results'!AH1913+'Game Results'!AH1895+'Game Results'!AH1625+'Game Results'!AH1607+'Game Results'!AH257+'Game Results'!AH473) -> 0
A4: Defiance | B4: DIGITAL PAIN | C4: =SUM('Game Results'!C247+'Game Results'!C679+'Game Results'!C780+'Game Results'!C805+'Game Results'!C697+'Game Results'!C1050+'Game Results'!C1032+'Game Results'!C1050+'Game Results'!C312+'Game Results'!C330+'Game Results'!C1914+'Game Results'!C1896+'Game Results'!C1626+'Game Results'!C1608+'Game Results'!C258+'Game Results'!C474) -> 16 | D4: =SUM('Game Results'!D247+'Game Results'!D679+'Game Results'!D780+'Game Results'!D805+'Game Results'!D697+'Game Results'!D1050+'Game Results'!D1032+'Game Results'!D1050+'Game Results'!D312+'Game Results'!D330+'Game Results'!D1914+'Game Results'!D1896+'Game Results'!D1626+'Game Results'!D1608+'Game Results'!D258+'Game Results'!D474) -> 10 | E4: =SUM('Game Results'!E247+'Game Results'!E679+'Game Results'!E780+'Game Results'!E805+'Game Results'!E697+'Game Results'!E1050+'Game Results'!E1032+'Game Results'!E1050+'Game Results'!E312+'Game Results'!E330+'Game Results'!E1914+'Game Results'!E1896+'Game Results'!E1626+'Game Results'!E1608+'Game Results'!E258+'Game Results'!E474) -> 454 | F4: =SUM('Game Results'!F247+'Game Results'!F679+'Game Results'!F780+'Game Results'!F805+'Game Results'!F697+'Game Results'!F1050+'Game Results'!F1032+'Game Results'!F1050+'Game Results'!F312+'Game Results'!F330+'Game Results'!F1914+'Game Results'!F1896+'Game Results'!F1626+'Game Results'!F1608+'Game Results'!F258+'Game Results'!F474) -> 5 | G4: =SUM('Game Results'!G247+'Game Results'!G679+'Game Results'!G780+'Game Results'!G805+'Game Results'!G697+'Game Results'!G1050+'Game Results'!G1032+'Game Results'!G1050+'Game Results'!G312+'Game Results'!G330+'Game Results'!G1914+'Game Results'!G1896+'Game Results'!G1626+'Game Results'!G1608+'Game Results'!G258+'Game Results'!G474) -> 1723 | H4: =SUM('Game Results'!H247+'Game Results'!H679+'Game Results'!H780+'Game Results'!H805+'Game Results'!H697+'Game Results'!H1050+'Game Results'!H1032+'Game Results'!H1050+'Game Results'!H312+'Game Results'!H330+'Game Results'!H1914+'Game Results'!H1896+'Game Results'!H1626+'Game Results'!H1608+'Game Results'!H258+'Game Results'!H474) -> 6 | I4: =SUM('Game Results'!I247+'Game Results'!I679+'Game Results'!I780+'Game Results'!I805+'Game Results'!I697+'Game Results'!I1050+'Game Results'!I1032+'Game Results'!I1050+'Game Results'!I312+'Game Results'!I330+'Game Results'!I1914+'Game Results'!I1896+'Game Results'!I1626+'Game Results'!I1608+'Game Results'!I258+'Game Results'!I474) -> 1499 | J4: =SUM('Game Results'!J247+'Game Results'!J679+'Game Results'!J780+'Game Results'!J805+'Game Results'!J697+'Game Results'!J1050+'Game Results'!J1032+'Game Results'!J1050+'Game Results'!J312+'Game Results'!J330+'Game Results'!J1914+'Game Results'!J1896+'Game Results'!J1626+'Game Results'!J1608+'Game Results'!J258+'Game Results'!J474) -> 224 | K4: =SUM(G4/I4) -> 1.149433 | L4: =SUM('Game Results'!L247+'Game Results'!L679+'Game Results'!L780+'Game Results'!L805+'Game Results'!L697+'Game Results'!L1050+'Game Results'!L1032+'Game Results'!L1050+'Game Results'!L312+'Game Results'!L330+'Game Results'!L1914+'Game Results'!L1896+'Game Results'!L1626+'Game Results'!L1608+'Game Results'!L258+'Game Results'!L474) -> 263 | M4: =SUM('Game Results'!M247+'Game Results'!M679+'Game Results'!M780+'Game Results'!M805+'Game Results'!M697+'Game Results'!M1050+'Game Results'!M1032+'Game Results'!M1050+'Game Results'!M312+'Game Results'!M330+'Game Results'!M1914+'Game Results'!M1896+'Game Results'!M1626+'Game Results'!M1608+'Game Results'!M258+'Game Results'!M474) -> 2175 | N4: =SUM('Game Results'!N247+'Game Results'!N679+'Game Results'!N780+'Game Results'!N805+'Game Results'!N697+'Game Results'!N1050+'Game Results'!N1032+'Game Results'!N1050+'Game Results'!N312+'Game Results'!N330+'Game Results'!N1914+'Game Results'!N1896+'Game Results'!N1626+'Game Results'!N1608+'Game Results'!N258+'Game Results'!N474) -> 13 | O4: =SUM('Game Results'!O247+'Game Results'!O679+'Game Results'!O780+'Game Results'!O805+'Game Results'!O697+'Game Results'!O1050+'Game Results'!O1032+'Game Results'!O1050+'Game Results'!O312+'Game Results'!O330+'Game Results'!O1914+'Game Results'!O1896+'Game Results'!O1626+'Game Results'!O1608+'Game Results'!O258+'Game Results'!O474) -> 419 | P4: =SUM('Game Results'!P247+'Game Results'!P679+'Game Results'!P780+'Game Results'!P805+'Game Results'!P697+'Game Results'!P1050+'Game Results'!P1032+'Game Results'!P1050+'Game Results'!P312+'Game Results'!P330+'Game Results'!P1914+'Game Results'!P1896+'Game Results'!P1626+'Game Results'!P1608+'Game Results'!P258+'Game Results'!P474) -> 84 | Q4: =SUM('Game Results'!Q247+'Game Results'!Q679+'Game Results'!Q780+'Game Results'!Q805+'Game Results'!Q697+'Game Results'!Q1050+'Game Results'!Q1032+'Game Results'!Q1050+'Game Results'!Q312+'Game Results'!Q330+'Game Results'!Q1914+'Game Results'!Q1896+'Game Results'!Q1626+'Game Results'!Q1608+'Game Results'!Q258+'Game Results'!Q474) -> 29 | R4: =SUM('Game Results'!R247+'Game Results'!R679+'Game Results'!R780+'Game Results'!R805+'Game Results'!R697+'Game Results'!R1050+'Game Results'!R1032+'Game Results'!R1050+'Game Results'!R312+'Game Results'!R330+'Game Results'!R1914+'Game Results'!R1896+'Game Results'!R1626+'Game Results'!R1608+'Game Results'!R258+'Game Results'!R474) -> 141 | S4: =SUM('Game Results'!S247+'Game Results'!S679+'Game Results'!S780+'Game Results'!S805+'Game Results'!S697+'Game Results'!S1050+'Game Results'!S1032+'Game Results'!S1050+'Game Results'!S312+'Game Results'!S330+'Game Results'!S1914+'Game Results'!S1896+'Game Results'!S1626+'Game Results'!S1608+'Game Results'!S258+'Game Results'!S474) -> 20 | ... AH4: =SUM('Game Results'!AH247+'Game Results'!AH679+'Game Results'!AH780+'Game Results'!AH805+'Game Results'!AH697+'Game Results'!AH1050+'Game Results'!AH1032+'Game Results'!AH1050+'Game Results'!AH312+'Game Results'!AH330+'Game Results'!AH1914+'Game Results'!AH1896+'Game Results'!AH1626+'Game Results'!AH1608+'Game Results'!AH258+'Game Results'!AH474) -> 2
A5: Defiance | B5: Sabasauros Rex | C5: =SUM('Game Results'!C248+'Game Results'!C680+'Game Results'!C781+'Game Results'!C806+'Game Results'!C698+'Game Results'!C1051+'Game Results'!C1033+'Game Results'!C1051+'Game Results'!C313+'Game Results'!C331+'Game Results'!C1915+'Game Results'!C1897+'Game Results'!C1627+'Game Results'!C1609+'Game Results'!C259+'Game Results'!C475) -> 16 | D5: =SUM('Game Results'!D248+'Game Results'!D680+'Game Results'!D781+'Game Results'!D806+'Game Results'!D698+'Game Results'!D1051+'Game Results'!D1033+'Game Results'!D1051+'Game Results'!D313+'Game Results'!D331+'Game Results'!D1915+'Game Results'!D1897+'Game Results'!D1627+'Game Results'!D1609+'Game Results'!D259+'Game Results'!D475) -> 10 | E5: =SUM('Game Results'!E248+'Game Results'!E680+'Game Results'!E781+'Game Results'!E806+'Game Results'!E698+'Game Results'!E1051+'Game Results'!E1033+'Game Results'!E1051+'Game Results'!E313+'Game Results'!E331+'Game Results'!E1915+'Game Results'!E1897+'Game Results'!E1627+'Game Results'!E1609+'Game Results'!E259+'Game Results'!E475) -> 454 | F5: =SUM('Game Results'!F248+'Game Results'!F680+'Game Results'!F781+'Game Results'!F806+'Game Results'!F698+'Game Results'!F1051+'Game Results'!F1033+'Game Results'!F1051+'Game Results'!F313+'Game Results'!F331+'Game Results'!F1915+'Game Results'!F1897+'Game Results'!F1627+'Game Results'!F1609+'Game Results'!F259+'Game Results'!F475) -> 13 | G5: =SUM('Game Results'!G248+'Game Results'!G680+'Game Results'!G781+'Game Results'!G806+'Game Results'!G698+'Game Results'!G1051+'Game Results'!G1033+'Game Results'!G1051+'Game Results'!G313+'Game Results'!G331+'Game Results'!G1915+'Game Results'!G1897+'Game Results'!G1627+'Game Results'!G1609+'Game Results'!G259+'Game Results'!G475) -> 1748 | H5: =SUM('Game Results'!H248+'Game Results'!H680+'Game Results'!H781+'Game Results'!H806+'Game Results'!H698+'Game Results'!H1051+'Game Results'!H1033+'Game Results'!H1051+'Game Results'!H313+'Game Results'!H331+'Game Results'!H1915+'Game Results'!H1897+'Game Results'!H1627+'Game Results'!H1609+'Game Results'!H259+'Game Results'!H475) -> 11 | I5: =SUM('Game Results'!I248+'Game Results'!I680+'Game Results'!I781+'Game Results'!I806+'Game Results'!I698+'Game Results'!I1051+'Game Results'!I1033+'Game Results'!I1051+'Game Results'!I313+'Game Results'!I331+'Game Results'!I1915+'Game Results'!I1897+'Game Results'!I1627+'Game Results'!I1609+'Game Results'!I259+'Game Results'!I475) -> 1684 | J5: =SUM('Game Results'!J248+'Game Results'!J680+'Game Results'!J781+'Game Results'!J806+'Game Results'!J698+'Game Results'!J1051+'Game Results'!J1033+'Game Results'!J1051+'Game Results'!J313+'Game Results'!J331+'Game Results'!J1915+'Game Results'!J1897+'Game Results'!J1627+'Game Results'!J1609+'Game Results'!J259+'Game Results'!J475) -> 64 | K5: =SUM(G5/I5) -> 1.0380048 | L5: =SUM('Game Results'!L248+'Game Results'!L680+'Game Results'!L781+'Game Results'!L806+'Game Results'!L698+'Game Results'!L1051+'Game Results'!L1033+'Game Results'!L1051+'Game Results'!L313+'Game Results'!L331+'Game Results'!L1915+'Game Results'!L1897+'Game Results'!L1627+'Game Results'!L1609+'Game Results'!L259+'Game Results'!L475) -> 226 | M5: =SUM('Game Results'!M248+'Game Results'!M680+'Game Results'!M781+'Game Results'!M806+'Game Results'!M698+'Game Results'!M1051+'Game Results'!M1033+'Game Results'!M1051+'Game Results'!M313+'Game Results'!M331+'Game Results'!M1915+'Game Results'!M1897+'Game Results'!M1627+'Game Results'!M1609+'Game Results'!M259+'Game Results'!M475) -> 2216 | N5: =SUM('Game Results'!N248+'Game Results'!N680+'Game Results'!N781+'Game Results'!N806+'Game Results'!N698+'Game Results'!N1051+'Game Results'!N1033+'Game Results'!N1051+'Game Results'!N313+'Game Results'!N331+'Game Results'!N1915+'Game Results'!N1897+'Game Results'!N1627+'Game Results'!N1609+'Game Results'!N259+'Game Results'!N475) -> 13 | O5: =SUM('Game Results'!O248+'Game Results'!O680+'Game Results'!O781+'Game Results'!O806+'Game Results'!O698+'Game Results'!O1051+'Game Results'!O1033+'Game Results'!O1051+'Game Results'!O313+'Game Results'!O331+'Game Results'!O1915+'Game Results'!O1897+'Game Results'!O1627+'Game Results'!O1609+'Game Results'!O259+'Game Results'!O475) -> 419 | P5: =SUM('Game Results'!P248+'Game Results'!P680+'Game Results'!P781+'Game Results'!P806+'Game Results'!P698+'Game Results'!P1051+'Game Results'!P1033+'Game Results'!P1051+'Game Results'!P313+'Game Results'!P331+'Game Results'!P1915+'Game Results'!P1897+'Game Results'!P1627+'Game Results'!P1609+'Game Results'!P259+'Game Results'!P475) -> 75 | Q5: =SUM('Game Results'!Q248+'Game Results'!Q680+'Game Results'!Q781+'Game Results'!Q806+'Game Results'!Q698+'Game Results'!Q1051+'Game Results'!Q1033+'Game Results'!Q1051+'Game Results'!Q313+'Game Results'!Q331+'Game Results'!Q1915+'Game Results'!Q1897+'Game Results'!Q1627+'Game Results'!Q1609+'Game Results'!Q259+'Game Results'!Q475) -> 25 | R5: =SUM('Game Results'!R248+'Game Results'!R680+'Game Results'!R781+'Game Results'!R806+'Game Results'!R698+'Game Results'!R1051+'Game Results'!R1033+'Game Results'!R1051+'Game Results'!R313+'Game Results'!R331+'Game Results'!R1915+'Game Results'!R1897+'Game Results'!R1627+'Game Results'!R1609+'Game Results'!R259+'Game Results'!R475) -> 128 | S5: =SUM('Game Results'!S248+'Game Results'!S680+'Game Results'!S781+'Game Results'!S806+'Game Results'!S698+'Game Results'!S1051+'Game Results'!S1033+'Game Results'!S1051+'Game Results'!S313+'Game Results'!S331+'Game Results'!S1915+'Game Results'!S1897+'Game Results'!S1627+'Game Results'!S1609+'Game Results'!S259+'Game Results'!S475) -> 27 | ... AH5: =SUM('Game Results'!AH248+'Game Results'!AH680+'Game Results'!AH781+'Game Results'!AH806+'Game Results'!AH698+'Game Results'!AH1051+'Game Results'!AH1033+'Game Results'!AH1051+'Game Results'!AH313+'Game Results'!AH331+'Game Results'!AH1915+'Game Results'!AH1897+'Game Results'!AH1627+'Game Results'!AH1609+'Game Results'!AH259+'Game Results'!AH475) -> 0
A6: Defiance | B6: ThumpingHawk | C6: =SUM('Game Results'!C249+'Game Results'!C681+'Game Results'!C782+'Game Results'!C807+'Game Results'!C699+'Game Results'!C1052+'Game Results'!C1034+'Game Results'!C1052+'Game Results'!C314+'Game Results'!C332+'Game Results'!C1916+'Game Results'!C1898+'Game Results'!C1628+'Game Results'!C1610+'Game Results'!C260+'Game Results'!C476) -> 12 | D6: =SUM('Game Results'!D249+'Game Results'!D681+'Game Results'!D782+'Game Results'!D807+'Game Results'!D699+'Game Results'!D1052+'Game Results'!D1034+'Game Results'!D1052+'Game Results'!D314+'Game Results'!D332+'Game Results'!D1916+'Game Results'!D1898+'Game Results'!D1628+'Game Results'!D1610+'Game Results'!D260+'Game Results'!D476) -> 6 | E6: =SUM('Game Results'!E249+'Game Results'!E681+'Game Results'!E782+'Game Results'!E807+'Game Results'!E699+'Game Results'!E1052+'Game Results'!E1034+'Game Results'!E1052+'Game Results'!E314+'Game Results'!E332+'Game Results'!E1916+'Game Results'!E1898+'Game Results'!E1628+'Game Results'!E1610+'Game Results'!E260+'Game Results'!E476) -> 339 | F6: =SUM('Game Results'!F249+'Game Results'!F681+'Game Results'!F782+'Game Results'!F807+'Game Results'!F699+'Game Results'!F1052+'Game Results'!F1034+'Game Results'!F1052+'Game Results'!F314+'Game Results'!F332+'Game Results'!F1916+'Game Results'!F1898+'Game Results'!F1628+'Game Results'!F1610+'Game Results'!F260+'Game Results'!F476) -> 23 | G6: =SUM('Game Results'!G249+'Game Results'!G681+'Game Results'!G782+'Game Results'!G807+'Game Results'!G699+'Game Results'!G1052+'Game Results'!G1034+'Game Results'!G1052+'Game Results'!G314+'Game Results'!G332+'Game Results'!G1916+'Game Results'!G1898+'Game Results'!G1628+'Game Results'!G1610+'Game Results'!G260+'Game Results'!G476) -> 880 | H6: =SUM('Game Results'!H249+'Game Results'!H681+'Game Results'!H782+'Game Results'!H807+'Game Results'!H699+'Game Results'!H1052+'Game Results'!H1034+'Game Results'!H1052+'Game Results'!H314+'Game Results'!H332+'Game Results'!H1916+'Game Results'!H1898+'Game Results'!H1628+'Game Results'!H1610+'Game Results'!H260+'Game Results'!H476) -> 2 | I6: =SUM('Game Results'!I249+'Game Results'!I681+'Game Results'!I782+'Game Results'!I807+'Game Results'!I699+'Game Results'!I1052+'Game Results'!I1034+'Game Results'!I1052+'Game Results'!I314+'Game Results'!I332+'Game Results'!I1916+'Game Results'!I1898+'Game Results'!I1628+'Game Results'!I1610+'Game Results'!I260+'Game Results'!I476) -> 923 | J6: =SUM('Game Results'!J249+'Game Results'!J681+'Game Results'!J782+'Game Results'!J807+'Game Results'!J699+'Game Results'!J1052+'Game Results'!J1034+'Game Results'!J1052+'Game Results'!J314+'Game Results'!J332+'Game Results'!J1916+'Game Results'!J1898+'Game Results'!J1628+'Game Results'!J1610+'Game Results'!J260+'Game Results'!J476) -> -43 | K6: =SUM(G6/I6) -> 0.95341278 | L6: =SUM('Game Results'!L249+'Game Results'!L681+'Game Results'!L782+'Game Results'!L807+'Game Results'!L699+'Game Results'!L1052+'Game Results'!L1034+'Game Results'!L1052+'Game Results'!L314+'Game Results'!L332+'Game Results'!L1916+'Game Results'!L1898+'Game Results'!L1628+'Game Results'!L1610+'Game Results'!L260+'Game Results'!L476) -> 254 | M6: =SUM('Game Results'!M249+'Game Results'!M681+'Game Results'!M782+'Game Results'!M807+'Game Results'!M699+'Game Results'!M1052+'Game Results'!M1034+'Game Results'!M1052+'Game Results'!M314+'Game Results'!M332+'Game Results'!M1916+'Game Results'!M1898+'Game Results'!M1628+'Game Results'!M1610+'Game Results'!M260+'Game Results'!M476) -> 1128 | N6: =SUM('Game Results'!N249+'Game Results'!N681+'Game Results'!N782+'Game Results'!N807+'Game Results'!N699+'Game Results'!N1052+'Game Results'!N1034+'Game Results'!N1052+'Game Results'!N314+'Game Results'!N332+'Game Results'!N1916+'Game Results'!N1898+'Game Results'!N1628+'Game Results'!N1610+'Game Results'!N260+'Game Results'!N476) -> 9 | O6: =SUM('Game Results'!O249+'Game Results'!O681+'Game Results'!O782+'Game Results'!O807+'Game Results'!O699+'Game Results'!O1052+'Game Results'!O1034+'Game Results'!O1052+'Game Results'!O314+'Game Results'!O332+'Game Results'!O1916+'Game Results'!O1898+'Game Results'!O1628+'Game Results'!O1610+'Game Results'!O260+'Game Results'!O476) -> 304 | P6: =SUM('Game Results'!P249+'Game Results'!P681+'Game Results'!P782+'Game Results'!P807+'Game Results'!P699+'Game Results'!P1052+'Game Results'!P1034+'Game Results'!P1052+'Game Results'!P314+'Game Results'!P332+'Game Results'!P1916+'Game Results'!P1898+'Game Results'!P1628+'Game Results'!P1610+'Game Results'!P260+'Game Results'!P476) -> 37 | Q6: =SUM('Game Results'!Q249+'Game Results'!Q681+'Game Results'!Q782+'Game Results'!Q807+'Game Results'!Q699+'Game Results'!Q1052+'Game Results'!Q1034+'Game Results'!Q1052+'Game Results'!Q314+'Game Results'!Q332+'Game Results'!Q1916+'Game Results'!Q1898+'Game Results'!Q1628+'Game Results'!Q1610+'Game Results'!Q260+'Game Results'!Q476) -> 18 | R6: =SUM('Game Results'!R249+'Game Results'!R681+'Game Results'!R782+'Game Results'!R807+'Game Results'!R699+'Game Results'!R1052+'Game Results'!R1034+'Game Results'!R1052+'Game Results'!R314+'Game Results'!R332+'Game Results'!R1916+'Game Results'!R1898+'Game Results'!R1628+'Game Results'!R1610+'Game Results'!R260+'Game Results'!R476) -> 49 | S6: =SUM('Game Results'!S249+'Game Results'!S681+'Game Results'!S782+'Game Results'!S807+'Game Results'!S699+'Game Results'!S1052+'Game Results'!S1034+'Game Results'!S1052+'Game Results'!S314+'Game Results'!S332+'Game Results'!S1916+'Game Results'!S1898+'Game Results'!S1628+'Game Results'!S1610+'Game Results'!S260+'Game Results'!S476) -> 24 | ... AH6: =SUM('Game Results'!AH249+'Game Results'!AH681+'Game Results'!AH782+'Game Results'!AH807+'Game Results'!AH699+'Game Results'!AH1052+'Game Results'!AH1034+'Game Results'!AH1052+'Game Results'!AH314+'Game Results'!AH332+'Game Results'!AH1916+'Game Results'!AH1898+'Game Results'!AH1628+'Game Results'!AH1610+'Game Results'!AH260+'Game Results'!AH476) -> 0
A7: Defiance | B7: The Eastbrook | C7: =SUM('Game Results'!C250+'Game Results'!C682+'Game Results'!C783+'Game Results'!C808+'Game Results'!C700+'Game Results'!C1053+'Game Results'!C1035+'Game Results'!C1053+'Game Results'!C315+'Game Results'!C333+'Game Results'!C1917+'Game Results'!C1899+'Game Results'!C1629+'Game Results'!C1611+'Game Results'!C261+'Game Results'!C477) -> 6 | D7: =SUM('Game Results'!D250+'Game Results'!D682+'Game Results'!D783+'Game Results'!D808+'Game Results'!D700+'Game Results'!D1053+'Game Results'!D1035+'Game Results'!D1053+'Game Results'!D315+'Game Results'!D333+'Game Results'!D1917+'Game Results'!D1899+'Game Results'!D1629+'Game Results'!D1611+'Game Results'!D261+'Game Results'!D477) -> 6 | E7: =SUM('Game Results'!E250+'Game Results'!E682+'Game Results'!E783+'Game Results'!E808+'Game Results'!E700+'Game Results'!E1053+'Game Results'!E1035+'Game Results'!E1053+'Game Results'!E315+'Game Results'!E333+'Game Results'!E1917+'Game Results'!E1899+'Game Results'!E1629+'Game Results'!E1611+'Game Results'!E261+'Game Results'!E477) -> 150 | F7: =SUM('Game Results'!F250+'Game Results'!F682+'Game Results'!F783+'Game Results'!F808+'Game Results'!F700+'Game Results'!F1053+'Game Results'!F1035+'Game Results'!F1053+'Game Results'!F315+'Game Results'!F333+'Game Results'!F1917+'Game Results'!F1899+'Game Results'!F1629+'Game Results'!F1611+'Game Results'!F261+'Game Results'!F477) -> 21 | G7: =SUM('Game Results'!G250+'Game Results'!G682+'Game Results'!G783+'Game Results'!G808+'Game Results'!G700+'Game Results'!G1053+'Game Results'!G1035+'Game Results'!G1053+'Game Results'!G315+'Game Results'!G333+'Game Results'!G1917+'Game Results'!G1899+'Game Results'!G1629+'Game Results'!G1611+'Game Results'!G261+'Game Results'!G477) -> 371 | H7: =SUM('Game Results'!H250+'Game Results'!H682+'Game Results'!H783+'Game Results'!H808+'Game Results'!H700+'Game Results'!H1053+'Game Results'!H1035+'Game Results'!H1053+'Game Results'!H315+'Game Results'!H333+'Game Results'!H1917+'Game Results'!H1899+'Game Results'!H1629+'Game Results'!H1611+'Game Results'!H261+'Game Results'!H477) -> 3 | I7: =SUM('Game Results'!I250+'Game Results'!I682+'Game Results'!I783+'Game Results'!I808+'Game Results'!I700+'Game Results'!I1053+'Game Results'!I1035+'Game Results'!I1053+'Game Results'!I315+'Game Results'!I333+'Game Results'!I1917+'Game Results'!I1899+'Game Results'!I1629+'Game Results'!I1611+'Game Results'!I261+'Game Results'!I477) -> 424 | J7: =SUM('Game Results'!J250+'Game Results'!J682+'Game Results'!J783+'Game Results'!J808+'Game Results'!J700+'Game Results'!J1053+'Game Results'!J1035+'Game Results'!J1053+'Game Results'!J315+'Game Results'!J333+'Game Results'!J1917+'Game Results'!J1899+'Game Results'!J1629+'Game Results'!J1611+'Game Results'!J261+'Game Results'!J477) -> -53 | K7: =SUM(G7/I7) -> 0.875 | L7: =SUM('Game Results'!L250+'Game Results'!L682+'Game Results'!L783+'Game Results'!L808+'Game Results'!L700+'Game Results'!L1053+'Game Results'!L1035+'Game Results'!L1053+'Game Results'!L315+'Game Results'!L333+'Game Results'!L1917+'Game Results'!L1899+'Game Results'!L1629+'Game Results'!L1611+'Game Results'!L261+'Game Results'!L477) -> 101 | M7: =SUM('Game Results'!M250+'Game Results'!M682+'Game Results'!M783+'Game Results'!M808+'Game Results'!M700+'Game Results'!M1053+'Game Results'!M1035+'Game Results'!M1053+'Game Results'!M315+'Game Results'!M333+'Game Results'!M1917+'Game Results'!M1899+'Game Results'!M1629+'Game Results'!M1611+'Game Results'!M261+'Game Results'!M477) -> 478 | N7: =SUM('Game Results'!N250+'Game Results'!N682+'Game Results'!N783+'Game Results'!N808+'Game Results'!N700+'Game Results'!N1053+'Game Results'!N1035+'Game Results'!N1053+'Game Results'!N315+'Game Results'!N333+'Game Results'!N1917+'Game Results'!N1899+'Game Results'!N1629+'Game Results'!N1611+'Game Results'!N261+'Game Results'!N477) -> 4 | O7: =SUM('Game Results'!O250+'Game Results'!O682+'Game Results'!O783+'Game Results'!O808+'Game Results'!O700+'Game Results'!O1053+'Game Results'!O1035+'Game Results'!O1053+'Game Results'!O315+'Game Results'!O333+'Game Results'!O1917+'Game Results'!O1899+'Game Results'!O1629+'Game Results'!O1611+'Game Results'!O261+'Game Results'!O477) -> 115 | P7: =SUM('Game Results'!P250+'Game Results'!P682+'Game Results'!P783+'Game Results'!P808+'Game Results'!P700+'Game Results'!P1053+'Game Results'!P1035+'Game Results'!P1053+'Game Results'!P315+'Game Results'!P333+'Game Results'!P1917+'Game Results'!P1899+'Game Results'!P1629+'Game Results'!P1611+'Game Results'!P261+'Game Results'!P477) -> 16 | Q7: =SUM('Game Results'!Q250+'Game Results'!Q682+'Game Results'!Q783+'Game Results'!Q808+'Game Results'!Q700+'Game Results'!Q1053+'Game Results'!Q1035+'Game Results'!Q1053+'Game Results'!Q315+'Game Results'!Q333+'Game Results'!Q1917+'Game Results'!Q1899+'Game Results'!Q1629+'Game Results'!Q1611+'Game Results'!Q261+'Game Results'!Q477) -> 16 | R7: =SUM('Game Results'!R250+'Game Results'!R682+'Game Results'!R783+'Game Results'!R808+'Game Results'!R700+'Game Results'!R1053+'Game Results'!R1035+'Game Results'!R1053+'Game Results'!R315+'Game Results'!R333+'Game Results'!R1917+'Game Results'!R1899+'Game Results'!R1629+'Game Results'!R1611+'Game Results'!R261+'Game Results'!R477) -> 4 | S7: =SUM('Game Results'!S250+'Game Results'!S682+'Game Results'!S783+'Game Results'!S808+'Game Results'!S700+'Game Results'!S1053+'Game Results'!S1035+'Game Results'!S1053+'Game Results'!S315+'Game Results'!S333+'Game Results'!S1917+'Game Results'!S1899+'Game Results'!S1629+'Game Results'!S1611+'Game Results'!S261+'Game Results'!S477) -> 6 | ... AH7: =SUM('Game Results'!AH250+'Game Results'!AH682+'Game Results'!AH783+'Game Results'!AH808+'Game Results'!AH700+'Game Results'!AH1053+'Game Results'!AH1035+'Game Results'!AH1053+'Game Results'!AH315+'Game Results'!AH333+'Game Results'!AH1917+'Game Results'!AH1899+'Game Results'!AH1629+'Game Results'!AH1611+'Game Results'!AH261+'Game Results'!AH477) -> 1
A8: Defiance | B8: MASTER CH3IF | C8: =SUM('Game Results'!C251+'Game Results'!C683+'Game Results'!C784+'Game Results'!C809+'Game Results'!C701+'Game Results'!C1054+'Game Results'!C1036+'Game Results'!C1054+'Game Results'!C316+'Game Results'!C334+'Game Results'!C1918+'Game Results'!C1900+'Game Results'!C1630+'Game Results'!C1612+'Game Results'!C262+'Game Results'!C478) -> 0 | D8: =SUM('Game Results'!D251+'Game Results'!D683+'Game Results'!D784+'Game Results'!D809+'Game Results'!D701+'Game Results'!D1054+'Game Results'!D1036+'Game Results'!D1054+'Game Results'!D316+'Game Results'!D334+'Game Results'!D1918+'Game Results'!D1900+'Game Results'!D1630+'Game Results'!D1612+'Game Results'!D262+'Game Results'!D478) -> 0 | E8: =SUM('Game Results'!E251+'Game Results'!E683+'Game Results'!E784+'Game Results'!E809+'Game Results'!E701+'Game Results'!E1054+'Game Results'!E1036+'Game Results'!E1054+'Game Results'!E316+'Game Results'!E334+'Game Results'!E1918+'Game Results'!E1900+'Game Results'!E1630+'Game Results'!E1612+'Game Results'!E262+'Game Results'!E478) -> 0 | F8: =SUM('Game Results'!F251+'Game Results'!F683+'Game Results'!F784+'Game Results'!F809+'Game Results'!F701+'Game Results'!F1054+'Game Results'!F1036+'Game Results'!F1054+'Game Results'!F316+'Game Results'!F334+'Game Results'!F1918+'Game Results'!F1900+'Game Results'!F1630+'Game Results'!F1612+'Game Results'!F262+'Game Results'!F478) -> 0 | G8: =SUM('Game Results'!G251+'Game Results'!G683+'Game Results'!G784+'Game Results'!G809+'Game Results'!G701+'Game Results'!G1054+'Game Results'!G1036+'Game Results'!G1054+'Game Results'!G316+'Game Results'!G334+'Game Results'!G1918+'Game Results'!G1900+'Game Results'!G1630+'Game Results'!G1612+'Game Results'!G262+'Game Results'!G478) -> 0 | H8: =SUM('Game Results'!H251+'Game Results'!H683+'Game Results'!H784+'Game Results'!H809+'Game Results'!H701+'Game Results'!H1054+'Game Results'!H1036+'Game Results'!H1054+'Game Results'!H316+'Game Results'!H334+'Game Results'!H1918+'Game Results'!H1900+'Game Results'!H1630+'Game Results'!H1612+'Game Results'!H262+'Game Results'!H478) -> 0 | I8: =SUM('Game Results'!I251+'Game Results'!I683+'Game Results'!I784+'Game Results'!I809+'Game Results'!I701+'Game Results'!I1054+'Game Results'!I1036+'Game Results'!I1054+'Game Results'!I316+'Game Results'!I334+'Game Results'!I1918+'Game Results'!I1900+'Game Results'!I1630+'Game Results'!I1612+'Game Results'!I262+'Game Results'!I478) -> 0 | J8: =SUM('Game Results'!J251+'Game Results'!J683+'Game Results'!J784+'Game Results'!J809+'Game Results'!J701+'Game Results'!J1054+'Game Results'!J1036+'Game Results'!J1054+'Game Results'!J316+'Game Results'!J334+'Game Results'!J1918+'Game Results'!J1900+'Game Results'!J1630+'Game Results'!J1612+'Game Results'!J262+'Game Results'!J478) -> 0 | K8: =SUM(G8/I8) -> #DIV/0! | L8: =SUM('Game Results'!L251+'Game Results'!L683+'Game Results'!L784+'Game Results'!L809+'Game Results'!L701+'Game Results'!L1054+'Game Results'!L1036+'Game Results'!L1054+'Game Results'!L316+'Game Results'!L334+'Game Results'!L1918+'Game Results'!L1900+'Game Results'!L1630+'Game Results'!L1612+'Game Results'!L262+'Game Results'!L478) -> 0 | M8: =SUM('Game Results'!M251+'Game Results'!M683+'Game Results'!M784+'Game Results'!M809+'Game Results'!M701+'Game Results'!M1054+'Game Results'!M1036+'Game Results'!M1054+'Game Results'!M316+'Game Results'!M334+'Game Results'!M1918+'Game Results'!M1900+'Game Results'!M1630+'Game Results'!M1612+'Game Results'!M262+'Game Results'!M478) -> 0 | N8: =SUM('Game Results'!N251+'Game Results'!N683+'Game Results'!N784+'Game Results'!N809+'Game Results'!N701+'Game Results'!N1054+'Game Results'!N1036+'Game Results'!N1054+'Game Results'!N316+'Game Results'!N334+'Game Results'!N1918+'Game Results'!N1900+'Game Results'!N1630+'Game Results'!N1612+'Game Results'!N262+'Game Results'!N478) -> 0 | O8: =SUM('Game Results'!O251+'Game Results'!O683+'Game Results'!O784+'Game Results'!O809+'Game Results'!O701+'Game Results'!O1054+'Game Results'!O1036+'Game Results'!O1054+'Game Results'!O316+'Game Results'!O334+'Game Results'!O1918+'Game Results'!O1900+'Game Results'!O1630+'Game Results'!O1612+'Game Results'!O262+'Game Results'!O478) -> 0 | P8: =SUM('Game Results'!P251+'Game Results'!P683+'Game Results'!P784+'Game Results'!P809+'Game Results'!P701+'Game Results'!P1054+'Game Results'!P1036+'Game Results'!P1054+'Game Results'!P316+'Game Results'!P334+'Game Results'!P1918+'Game Results'!P1900+'Game Results'!P1630+'Game Results'!P1612+'Game Results'!P262+'Game Results'!P478) -> 1 | Q8: =SUM('Game Results'!Q251+'Game Results'!Q683+'Game Results'!Q784+'Game Results'!Q809+'Game Results'!Q701+'Game Results'!Q1054+'Game Results'!Q1036+'Game Results'!Q1054+'Game Results'!Q316+'Game Results'!Q334+'Game Results'!Q1918+'Game Results'!Q1900+'Game Results'!Q1630+'Game Results'!Q1612+'Game Results'!Q262+'Game Results'!Q478) -> 0 | R8: =SUM('Game Results'!R251+'Game Results'!R683+'Game Results'!R784+'Game Results'!R809+'Game Results'!R701+'Game Results'!R1054+'Game Results'!R1036+'Game Results'!R1054+'Game Results'!R316+'Game Results'!R334+'Game Results'!R1918+'Game Results'!R1900+'Game Results'!R1630+'Game Results'!R1612+'Game Results'!R262+'Game Results'!R478) -> 2 | S8: =SUM('Game Results'!S251+'Game Results'!S683+'Game Results'!S784+'Game Results'!S809+'Game Results'!S701+'Game Results'!S1054+'Game Results'!S1036+'Game Results'!S1054+'Game Results'!S316+'Game Results'!S334+'Game Results'!S1918+'Game Results'!S1900+'Game Results'!S1630+'Game Results'!S1612+'Game Results'!S262+'Game Results'!S478) -> 0 | ... AH8: =SUM('Game Results'!AH251+'Game Results'!AH683+'Game Results'!AH784+'Game Results'!AH809+'Game Results'!AH701+'Game Results'!AH1054+'Game Results'!AH1036+'Game Results'!AH1054+'Game Results'!AH316+'Game Results'!AH334+'Game Results'!AH1918+'Game Results'!AH1900+'Game Results'!AH1630+'Game Results'!AH1612+'Game Results'!AH262+'Game Results'!AH478) -> 0
A9: Totals: | C9: =SUM(C3:C8)/4 -> 16 | D9: =SUM(D3:D8)/4 -> 10 | E9: =SUM(E3:E8)/4 -> 454 | F9: =SUM(F3:F8) -> 66 | G9: =SUM(G3:G8) -> 5998 | H9: =SUM(H3:H8) -> 24 | I9: =SUM(I3:I8) -> 5918 | J9: =SUM(J3:J8) -> 80 | K9: =SUM(G9/I9) -> 1.0135181 | L9: =SUM(L3:L8)/4 -> 270.75 | M9: =SUM(M3:M8) -> 7524 | N9: =SUM(N3:N8)/4 -> 13 | O9: =SUM(O2:O8) -> 1676 | P9: =SUM(P3:P8) -> 242 | Q9: =SUM(Q3:Q8) -> 97 | R9: =SUM(R3:R8) -> 422 | S9: =SUM(S3:S8) -> 95 | T9: =SUM(T3:T8) -> 699 | U9: =SUM(U3:U8) -> 124 | V9: =SUM(V3:V8) -> 30 | W9: =SUM(W3:W8) -> 7 | ... AH9: =SUM(AH3:AH8) -> 3
A10: In MuNgO We Trust | B10: MuNgO PuNgO | C10: =SUM('Game Results'!C23+'Game Results'!C41+'Game Results'!C203+'Game Results'!C527+'Game Results'!C545+'Game Results'!C221+'Game Results'!C887+'Game Results'!C1247+'Game Results'!C1265+'Game Results'!C905+'Game Results'!C923+'Game Results'!C941+'Game Results'!C1661+'Game Results'!C1643) -> 12 | D10: =SUM('Game Results'!D23+'Game Results'!D41+'Game Results'!D203+'Game Results'!D527+'Game Results'!D545+'Game Results'!D221+'Game Results'!D887+'Game Results'!D1247+'Game Results'!D1265+'Game Results'!D905+'Game Results'!D923+'Game Results'!D941+'Game Results'!D1661+'Game Results'!D1643) -> 7 | E10: =SUM('Game Results'!E23+'Game Results'!E41+'Game Results'!E203+'Game Results'!E527+'Game Results'!E545+'Game Results'!E221+'Game Results'!E887+'Game Results'!E1247+'Game Results'!E1265+'Game Results'!E905+'Game Results'!E923+'Game Results'!E941+'Game Results'!E1661+'Game Results'!E1643) -> 392.85 | F10: =SUM('Game Results'!F23+'Game Results'!F41+'Game Results'!F203+'Game Results'!F527+'Game Results'!F545+'Game Results'!F221+'Game Results'!F887+'Game Results'!F1247+'Game Results'!F1265+'Game Results'!F905+'Game Results'!F923+'Game Results'!F941+'Game Results'!F1661+'Game Results'!F1643) -> 0 | G10: =SUM('Game Results'!G23+'Game Results'!G41+'Game Results'!G203+'Game Results'!G527+'Game Results'!G545+'Game Results'!G221+'Game Results'!G887+'Game Results'!G1247+'Game Results'!G1265+'Game Results'!G905+'Game Results'!G923+'Game Results'!G941+'Game Results'!G1661+'Game Results'!G1643) -> 1234 | H10: =SUM('Game Results'!H23+'Game Results'!H41+'Game Results'!H203+'Game Results'!H527+'Game Results'!H545+'Game Results'!H221+'Game Results'!H887+'Game Results'!H1247+'Game Results'!H1265+'Game Results'!H905+'Game Results'!H923+'Game Results'!H941+'Game Results'!H1661+'Game Results'!H1643) -> 3 | I10: =SUM('Game Results'!I23+'Game Results'!I41+'Game Results'!I203+'Game Results'!I527+'Game Results'!I545+'Game Results'!I221+'Game Results'!I887+'Game Results'!I1247+'Game Results'!I1265+'Game Results'!I905+'Game Results'!I923+'Game Results'!I941+'Game Results'!I1661+'Game Results'!I1643) -> 1718 | J10: =SUM('Game Results'!J23+'Game Results'!J41+'Game Results'!J203+'Game Results'!J527+'Game Results'!J545+'Game Results'!J221+'Game Results'!J887+'Game Results'!J1247+'Game Results'!J1265+'Game Results'!J905+'Game Results'!J923+'Game Results'!J941+'Game Results'!J1661+'Game Results'!J1643) -> -484 | K10: =SUM(G10/I10) -> 0.71827707 | L10: =SUM('Game Results'!L23+'Game Results'!L41+'Game Results'!L203+'Game Results'!L527+'Game Results'!L545+'Game Results'!L221+'Game Results'!L887+'Game Results'!L1247+'Game Results'!L1265+'Game Results'!L905+'Game Results'!L923+'Game Results'!L941+'Game Results'!L1661+'Game Results'!L1643) -> 133 | M10: =SUM('Game Results'!M23+'Game Results'!M41+'Game Results'!M203+'Game Results'!M527+'Game Results'!M545+'Game Results'!M221+'Game Results'!M887+'Game Results'!M1247+'Game Results'!M1265+'Game Results'!M905+'Game Results'!M923+'Game Results'!M941+'Game Results'!M1661+'Game Results'!M1643) -> 1551 | N10: =SUM('Game Results'!N23+'Game Results'!N41+'Game Results'!N203+'Game Results'!N527+'Game Results'!N545+'Game Results'!N221+'Game Results'!N887+'Game Results'!N1247+'Game Results'!N1265+'Game Results'!N905+'Game Results'!N923+'Game Results'!N941+'Game Results'!N1661+'Game Results'!N1643) -> 12 | O10: =SUM('Game Results'!O23+'Game Results'!O41+'Game Results'!O203+'Game Results'!O527+'Game Results'!O545+'Game Results'!O221+'Game Results'!O887+'Game Results'!O1247+'Game Results'!O1265+'Game Results'!O905+'Game Results'!O923+'Game Results'!O941+'Game Results'!O1661+'Game Results'!O1643) -> 392.85 | P10: =SUM('Game Results'!P23+'Game Results'!P41+'Game Results'!P203+'Game Results'!P527+'Game Results'!P545+'Game Results'!P221+'Game Results'!P887+'Game Results'!P1247+'Game Results'!P1265+'Game Results'!P905+'Game Results'!P923+'Game Results'!P941+'Game Results'!P1661+'Game Results'!P1643) -> 32 | Q10: =SUM('Game Results'!Q23+'Game Results'!Q41+'Game Results'!Q203+'Game Results'!Q527+'Game Results'!Q545+'Game Results'!Q221+'Game Results'!Q887+'Game Results'!Q1247+'Game Results'!Q1265+'Game Results'!Q905+'Game Results'!Q923+'Game Results'!Q941+'Game Results'!Q1661+'Game Results'!Q1643) -> 22 | R10: =SUM('Game Results'!R23+'Game Results'!R41+'Game Results'!R203+'Game Results'!R527+'Game Results'!R545+'Game Results'!R221+'Game Results'!R887+'Game Results'!R1247+'Game Results'!R1265+'Game Results'!R905+'Game Results'!R923+'Game Results'!R941+'Game Results'!R1661+'Game Results'!R1643) -> 114 | S10: =SUM('Game Results'!S23+'Game Results'!S41+'Game Results'!S203+'Game Results'!S527+'Game Results'!S545+'Game Results'!S221+'Game Results'!S887+'Game Results'!S1247+'Game Results'!S1265+'Game Results'!S905+'Game Results'!S923+'Game Results'!S941+'Game Results'!S1661+'Game Results'!S1643) -> 24 | ... AH10: =SUM('Game Results'!AH23+'Game Results'!AH41+'Game Results'!AH203+'Game Results'!AH527+'Game Results'!AH545+'Game Results'!AH221+'Game Results'!AH887+'Game Results'!AH1247+'Game Results'!AH1265+'Game Results'!AH905+'Game Results'!AH923+'Game Results'!AH941+'Game Results'!AH1661+'Game Results'!AH1643) -> 0
A11: In MuNgO We Trust | B11: Saintz the God | C11: =SUM('Game Results'!C24+'Game Results'!C42+'Game Results'!C204+'Game Results'!C528+'Game Results'!C546+'Game Results'!C222+'Game Results'!C888+'Game Results'!C1248+'Game Results'!C1266+'Game Results'!C906+'Game Results'!C924+'Game Results'!C942+'Game Results'!C1662+'Game Results'!C1644) -> 12 | D11: =SUM('Game Results'!D24+'Game Results'!D42+'Game Results'!D204+'Game Results'!D528+'Game Results'!D546+'Game Results'!D222+'Game Results'!D888+'Game Results'!D1248+'Game Results'!D1266+'Game Results'!D906+'Game Results'!D924+'Game Results'!D942+'Game Results'!D1662+'Game Results'!D1644) -> 7 | E11: =SUM('Game Results'!E24+'Game Results'!E42+'Game Results'!E204+'Game Results'!E528+'Game Results'!E546+'Game Results'!E222+'Game Results'!E888+'Game Results'!E1248+'Game Results'!E1266+'Game Results'!E906+'Game Results'!E924+'Game Results'!E942+'Game Results'!E1662+'Game Results'!E1644) -> 371.5 | F11: =SUM('Game Results'!F24+'Game Results'!F42+'Game Results'!F204+'Game Results'!F528+'Game Results'!F546+'Game Results'!F222+'Game Results'!F888+'Game Results'!F1248+'Game Results'!F1266+'Game Results'!F906+'Game Results'!F924+'Game Results'!F942+'Game Results'!F1662+'Game Results'!F1644) -> 5 | G11: =SUM('Game Results'!G24+'Game Results'!G42+'Game Results'!G204+'Game Results'!G528+'Game Results'!G546+'Game Results'!G222+'Game Results'!G888+'Game Results'!G1248+'Game Results'!G1266+'Game Results'!G906+'Game Results'!G924+'Game Results'!G942+'Game Results'!G1662+'Game Results'!G1644) -> 1527 | H11: =SUM('Game Results'!H24+'Game Results'!H42+'Game Results'!H204+'Game Results'!H528+'Game Results'!H546+'Game Results'!H222+'Game Results'!H888+'Game Results'!H1248+'Game Results'!H1266+'Game Results'!H906+'Game Results'!H924+'Game Results'!H942+'Game Results'!H1662+'Game Results'!H1644) -> 6 | I11: =SUM('Game Results'!I24+'Game Results'!I42+'Game Results'!I204+'Game Results'!I528+'Game Results'!I546+'Game Results'!I222+'Game Results'!I888+'Game Results'!I1248+'Game Results'!I1266+'Game Results'!I906+'Game Results'!I924+'Game Results'!I942+'Game Results'!I1662+'Game Results'!I1644) -> 1261 | J11: =SUM('Game Results'!J24+'Game Results'!J42+'Game Results'!J204+'Game Results'!J528+'Game Results'!J546+'Game Results'!J222+'Game Results'!J888+'Game Results'!J1248+'Game Results'!J1266+'Game Results'!J906+'Game Results'!J924+'Game Results'!J942+'Game Results'!J1662+'Game Results'!J1644) -> 266 | K11: =SUM(G11/I11) -> 1.2109437 | L11: =SUM('Game Results'!L24+'Game Results'!L42+'Game Results'!L204+'Game Results'!L528+'Game Results'!L546+'Game Results'!L222+'Game Results'!L888+'Game Results'!L1248+'Game Results'!L1266+'Game Results'!L906+'Game Results'!L924+'Game Results'!L942+'Game Results'!L1662+'Game Results'!L1644) -> 181 | M11: =SUM('Game Results'!M24+'Game Results'!M42+'Game Results'!M204+'Game Results'!M528+'Game Results'!M546+'Game Results'!M222+'Game Results'!M888+'Game Results'!M1248+'Game Results'!M1266+'Game Results'!M906+'Game Results'!M924+'Game Results'!M942+'Game Results'!M1662+'Game Results'!M1644) -> 2001 | N11: =SUM('Game Results'!N24+'Game Results'!N42+'Game Results'!N204+'Game Results'!N528+'Game Results'!N546+'Game Results'!N222+'Game Results'!N888+'Game Results'!N1248+'Game Results'!N1266+'Game Results'!N906+'Game Results'!N924+'Game Results'!N942+'Game Results'!N1662+'Game Results'!N1644) -> 12 | O11: =SUM('Game Results'!O24+'Game Results'!O42+'Game Results'!O204+'Game Results'!O528+'Game Results'!O546+'Game Results'!O222+'Game Results'!O888+'Game Results'!O1248+'Game Results'!O1266+'Game Results'!O906+'Game Results'!O924+'Game Results'!O942+'Game Results'!O1662+'Game Results'!O1644) -> 371.5 | P11: =SUM('Game Results'!P24+'Game Results'!P42+'Game Results'!P204+'Game Results'!P528+'Game Results'!P546+'Game Results'!P222+'Game Results'!P888+'Game Results'!P1248+'Game Results'!P1266+'Game Results'!P906+'Game Results'!P924+'Game Results'!P942+'Game Results'!P1662+'Game Results'!P1644) -> 53 | Q11: =SUM('Game Results'!Q24+'Game Results'!Q42+'Game Results'!Q204+'Game Results'!Q528+'Game Results'!Q546+'Game Results'!Q222+'Game Results'!Q888+'Game Results'!Q1248+'Game Results'!Q1266+'Game Results'!Q906+'Game Results'!Q924+'Game Results'!Q942+'Game Results'!Q1662+'Game Results'!Q1644) -> 24 | R11: =SUM('Game Results'!R24+'Game Results'!R42+'Game Results'!R204+'Game Results'!R528+'Game Results'!R546+'Game Results'!R222+'Game Results'!R888+'Game Results'!R1248+'Game Results'!R1266+'Game Results'!R906+'Game Results'!R924+'Game Results'!R942+'Game Results'!R1662+'Game Results'!R1644) -> 125 | S11: =SUM('Game Results'!S24+'Game Results'!S42+'Game Results'!S204+'Game Results'!S528+'Game Results'!S546+'Game Results'!S222+'Game Results'!S888+'Game Results'!S1248+'Game Results'!S1266+'Game Results'!S906+'Game Results'!S924+'Game Results'!S942+'Game Results'!S1662+'Game Results'!S1644) -> 22 | ... AH11: =SUM('Game Results'!AH24+'Game Results'!AH42+'Game Results'!AH204+'Game Results'!AH528+'Game Results'!AH546+'Game Results'!AH222+'Game Results'!AH888+'Game Results'!AH1248+'Game Results'!AH1266+'Game Results'!AH906+'Game Results'!AH924+'Game Results'!AH942+'Game Results'!AH1662+'Game Results'!AH1644) -> 1
A12: In MuNgO We Trust | B12: The Corn Ninja | C12: =SUM('Game Results'!C25+'Game Results'!C43+'Game Results'!C205+'Game Results'!C529+'Game Results'!C547+'Game Results'!C223+'Game Results'!C889+'Game Results'!C1249+'Game Results'!C1267+'Game Results'!C907+'Game Results'!C925+'Game Results'!C943+'Game Results'!C1663+'Game Results'!C1645) -> 13 | D12: =SUM('Game Results'!D25+'Game Results'!D43+'Game Results'!D205+'Game Results'!D529+'Game Results'!D547+'Game Results'!D223+'Game Results'!D889+'Game Results'!D1249+'Game Results'!D1267+'Game Results'!D907+'Game Results'!D925+'Game Results'!D943+'Game Results'!D1663+'Game Results'!D1645) -> 7 | E12: =SUM('Game Results'!E25+'Game Results'!E43+'Game Results'!E205+'Game Results'!E529+'Game Results'!E547+'Game Results'!E223+'Game Results'!E889+'Game Results'!E1249+'Game Results'!E1267+'Game Results'!E907+'Game Results'!E925+'Game Results'!E943+'Game Results'!E1663+'Game Results'!E1645) -> 439.96667 | F12: =SUM('Game Results'!F25+'Game Results'!F43+'Game Results'!F205+'Game Results'!F529+'Game Results'!F547+'Game Results'!F223+'Game Results'!F889+'Game Results'!F1249+'Game Results'!F1267+'Game Results'!F907+'Game Results'!F925+'Game Results'!F943+'Game Results'!F1663+'Game Results'!F1645) -> 42 | G12: =SUM('Game Results'!G25+'Game Results'!G43+'Game Results'!G205+'Game Results'!G529+'Game Results'!G547+'Game Results'!G223+'Game Results'!G889+'Game Results'!G1249+'Game Results'!G1267+'Game Results'!G907+'Game Results'!G925+'Game Results'!G943+'Game Results'!G1663+'Game Results'!G1645) -> 969 | H12: =SUM('Game Results'!H25+'Game Results'!H43+'Game Results'!H205+'Game Results'!H529+'Game Results'!H547+'Game Results'!H223+'Game Results'!H889+'Game Results'!H1249+'Game Results'!H1267+'Game Results'!H907+'Game Results'!H925+'Game Results'!H943+'Game Results'!H1663+'Game Results'!H1645) -> 4 | I12: =SUM('Game Results'!I25+'Game Results'!I43+'Game Results'!I205+'Game Results'!I529+'Game Results'!I547+'Game Results'!I223+'Game Results'!I889+'Game Results'!I1249+'Game Results'!I1267+'Game Results'!I907+'Game Results'!I925+'Game Results'!I943+'Game Results'!I1663+'Game Results'!I1645) -> 1039 | J12: =SUM('Game Results'!J25+'Game Results'!J43+'Game Results'!J205+'Game Results'!J529+'Game Results'!J547+'Game Results'!J223+'Game Results'!J889+'Game Results'!J1249+'Game Results'!J1267+'Game Results'!J907+'Game Results'!J925+'Game Results'!J943+'Game Results'!J1663+'Game Results'!J1645) -> -70 | K12: =SUM(G12/I12) -> 0.93262753 | L12: =SUM('Game Results'!L25+'Game Results'!L43+'Game Results'!L205+'Game Results'!L529+'Game Results'!L547+'Game Results'!L223+'Game Results'!L889+'Game Results'!L1249+'Game Results'!L1267+'Game Results'!L907+'Game Results'!L925+'Game Results'!L943+'Game Results'!L1663+'Game Results'!L1645) -> 295 | M12: =SUM('Game Results'!M25+'Game Results'!M43+'Game Results'!M205+'Game Results'!M529+'Game Results'!M547+'Game Results'!M223+'Game Results'!M889+'Game Results'!M1249+'Game Results'!M1267+'Game Results'!M907+'Game Results'!M925+'Game Results'!M943+'Game Results'!M1663+'Game Results'!M1645) -> 1224 | N12: =SUM('Game Results'!N25+'Game Results'!N43+'Game Results'!N205+'Game Results'!N529+'Game Results'!N547+'Game Results'!N223+'Game Results'!N889+'Game Results'!N1249+'Game Results'!N1267+'Game Results'!N907+'Game Results'!N925+'Game Results'!N943+'Game Results'!N1663+'Game Results'!N1645) -> 13 | O12: =SUM('Game Results'!O25+'Game Results'!O43+'Game Results'!O205+'Game Results'!O529+'Game Results'!O547+'Game Results'!O223+'Game Results'!O889+'Game Results'!O1249+'Game Results'!O1267+'Game Results'!O907+'Game Results'!O925+'Game Results'!O943+'Game Results'!O1663+'Game Results'!O1645) -> 439.96667 | P12: =SUM('Game Results'!P25+'Game Results'!P43+'Game Results'!P205+'Game Results'!P529+'Game Results'!P547+'Game Results'!P223+'Game Results'!P889+'Game Results'!P1249+'Game Results'!P1267+'Game Results'!P907+'Game Results'!P925+'Game Results'!P943+'Game Results'!P1663+'Game Results'!P1645) -> 59 | Q12: =SUM('Game Results'!Q25+'Game Results'!Q43+'Game Results'!Q205+'Game Results'!Q529+'Game Results'!Q547+'Game Results'!Q223+'Game Results'!Q889+'Game Results'!Q1249+'Game Results'!Q1267+'Game Results'!Q907+'Game Results'!Q925+'Game Results'!Q943+'Game Results'!Q1663+'Game Results'!Q1645) -> 13 | R12: =SUM('Game Results'!R25+'Game Results'!R43+'Game Results'!R205+'Game Results'!R529+'Game Results'!R547+'Game Results'!R223+'Game Results'!R889+'Game Results'!R1249+'Game Results'!R1267+'Game Results'!R907+'Game Results'!R925+'Game Results'!R943+'Game Results'!R1663+'Game Results'!R1645) -> 31 | S12: =SUM('Game Results'!S25+'Game Results'!S43+'Game Results'!S205+'Game Results'!S529+'Game Results'!S547+'Game Results'!S223+'Game Results'!S889+'Game Results'!S1249+'Game Results'!S1267+'Game Results'!S907+'Game Results'!S925+'Game Results'!S943+'Game Results'!S1663+'Game Results'!S1645) -> 30 | ... AH12: =SUM('Game Results'!AH25+'Game Results'!AH43+'Game Results'!AH205+'Game Results'!AH529+'Game Results'!AH547+'Game Results'!AH223+'Game Results'!AH889+'Game Results'!AH1249+'Game Results'!AH1267+'Game Results'!AH907+'Game Results'!AH925+'Game Results'!AH943+'Game Results'!AH1663+'Game Results'!AH1645) -> 0
A13: In MuNgO We Trust | B13: AtoneMilitant | C13: =SUM('Game Results'!C26+'Game Results'!C44+'Game Results'!C206+'Game Results'!C530+'Game Results'!C548+'Game Results'!C224+'Game Results'!C890+'Game Results'!C1250+'Game Results'!C1268+'Game Results'!C908+'Game Results'!C926+'Game Results'!C944+'Game Results'!C1664+'Game Results'!C1646) -> 13 | D13: =SUM('Game Results'!D26+'Game Results'!D44+'Game Results'!D206+'Game Results'!D530+'Game Results'!D548+'Game Results'!D224+'Game Results'!D890+'Game Results'!D1250+'Game Results'!D1268+'Game Results'!D908+'Game Results'!D926+'Game Results'!D944+'Game Results'!D1664+'Game Results'!D1646) -> 7 | E13: =SUM('Game Results'!E26+'Game Results'!E44+'Game Results'!E206+'Game Results'!E530+'Game Results'!E548+'Game Results'!E224+'Game Results'!E890+'Game Results'!E1250+'Game Results'!E1268+'Game Results'!E908+'Game Results'!E926+'Game Results'!E944+'Game Results'!E1664+'Game Results'!E1646) -> 457.91667 | F13: =SUM('Game Results'!F26+'Game Results'!F44+'Game Results'!F206+'Game Results'!F530+'Game Results'!F548+'Game Results'!F224+'Game Results'!F890+'Game Results'!F1250+'Game Results'!F1268+'Game Results'!F908+'Game Results'!F926+'Game Results'!F944+'Game Results'!F1664+'Game Results'!F1646) -> 4 | G13: =SUM('Game Results'!G26+'Game Results'!G44+'Game Results'!G206+'Game Results'!G530+'Game Results'!G548+'Game Results'!G224+'Game Results'!G890+'Game Results'!G1250+'Game Results'!G1268+'Game Results'!G908+'Game Results'!G926+'Game Results'!G944+'Game Results'!G1664+'Game Results'!G1646) -> 1481 | H13: =SUM('Game Results'!H26+'Game Results'!H44+'Game Results'!H206+'Game Results'!H530+'Game Results'!H548+'Game Results'!H224+'Game Results'!H890+'Game Results'!H1250+'Game Results'!H1268+'Game Results'!H908+'Game Results'!H926+'Game Results'!H944+'Game Results'!H1664+'Game Results'!H1646) -> 12 | I13: =SUM('Game Results'!I26+'Game Results'!I44+'Game Results'!I206+'Game Results'!I530+'Game Results'!I548+'Game Results'!I224+'Game Results'!I890+'Game Results'!I1250+'Game Results'!I1268+'Game Results'!I908+'Game Results'!I926+'Game Results'!I944+'Game Results'!I1664+'Game Results'!I1646) -> 1595 | J13: =SUM('Game Results'!J26+'Game Results'!J44+'Game Results'!J206+'Game Results'!J530+'Game Results'!J548+'Game Results'!J224+'Game Results'!J890+'Game Results'!J1250+'Game Results'!J1268+'Game Results'!J908+'Game Results'!J926+'Game Results'!J944+'Game Results'!J1664+'Game Results'!J1646) -> -114 | K13: =SUM(G13/I13) -> 0.92852665 | L13: =SUM('Game Results'!L26+'Game Results'!L44+'Game Results'!L206+'Game Results'!L530+'Game Results'!L548+'Game Results'!L224+'Game Results'!L890+'Game Results'!L1250+'Game Results'!L1268+'Game Results'!L908+'Game Results'!L926+'Game Results'!L944+'Game Results'!L1664+'Game Results'!L1646) -> 186 | M13: =SUM('Game Results'!M26+'Game Results'!M44+'Game Results'!M206+'Game Results'!M530+'Game Results'!M548+'Game Results'!M224+'Game Results'!M890+'Game Results'!M1250+'Game Results'!M1268+'Game Results'!M908+'Game Results'!M926+'Game Results'!M944+'Game Results'!M1664+'Game Results'!M1646) -> 1871 | N13: =SUM('Game Results'!N26+'Game Results'!N44+'Game Results'!N206+'Game Results'!N530+'Game Results'!N548+'Game Results'!N224+'Game Results'!N890+'Game Results'!N1250+'Game Results'!N1268+'Game Results'!N908+'Game Results'!N926+'Game Results'!N944+'Game Results'!N1664+'Game Results'!N1646) -> 13 | O13: =SUM('Game Results'!O26+'Game Results'!O44+'Game Results'!O206+'Game Results'!O530+'Game Results'!O548+'Game Results'!O224+'Game Results'!O890+'Game Results'!O1250+'Game Results'!O1268+'Game Results'!O908+'Game Results'!O926+'Game Results'!O944+'Game Results'!O1664+'Game Results'!O1646) -> 457.91667 | P13: =SUM('Game Results'!P26+'Game Results'!P44+'Game Results'!P206+'Game Results'!P530+'Game Results'!P548+'Game Results'!P224+'Game Results'!P890+'Game Results'!P1250+'Game Results'!P1268+'Game Results'!P908+'Game Results'!P926+'Game Results'!P944+'Game Results'!P1664+'Game Results'!P1646) -> 42 | Q13: =SUM('Game Results'!Q26+'Game Results'!Q44+'Game Results'!Q206+'Game Results'!Q530+'Game Results'!Q548+'Game Results'!Q224+'Game Results'!Q890+'Game Results'!Q1250+'Game Results'!Q1268+'Game Results'!Q908+'Game Results'!Q926+'Game Results'!Q944+'Game Results'!Q1664+'Game Results'!Q1646) -> 27 | R13: =SUM('Game Results'!R26+'Game Results'!R44+'Game Results'!R206+'Game Results'!R530+'Game Results'!R548+'Game Results'!R224+'Game Results'!R890+'Game Results'!R1250+'Game Results'!R1268+'Game Results'!R908+'Game Results'!R926+'Game Results'!R944+'Game Results'!R1664+'Game Results'!R1646) -> 137 | S13: =SUM('Game Results'!S26+'Game Results'!S44+'Game Results'!S206+'Game Results'!S530+'Game Results'!S548+'Game Results'!S224+'Game Results'!S890+'Game Results'!S1250+'Game Results'!S1268+'Game Results'!S908+'Game Results'!S926+'Game Results'!S944+'Game Results'!S1664+'Game Results'!S1646) -> 31 | ... AH13: =SUM('Game Results'!AH26+'Game Results'!AH44+'Game Results'!AH206+'Game Results'!AH530+'Game Results'!AH548+'Game Results'!AH224+'Game Results'!AH890+'Game Results'!AH1250+'Game Results'!AH1268+'Game Results'!AH908+'Game Results'!AH926+'Game Results'!AH944+'Game Results'!AH1664+'Game Results'!AH1646) -> 0
A14: In MuNgO We Trust | B14: DCleak | C14: =SUM('Game Results'!C27+'Game Results'!C45+'Game Results'!C207+'Game Results'!C531+'Game Results'!C549+'Game Results'!C225+'Game Results'!C891+'Game Results'!C1251+'Game Results'!C1269+'Game Results'!C909+'Game Results'!C927+'Game Results'!C945+'Game Results'!C1665+'Game Results'!C1647) -> 1 | D14: =SUM('Game Results'!D27+'Game Results'!D45+'Game Results'!D207+'Game Results'!D531+'Game Results'!D549+'Game Results'!D225+'Game Results'!D891+'Game Results'!D1251+'Game Results'!D1269+'Game Results'!D909+'Game Results'!D927+'Game Results'!D945+'Game Results'!D1665+'Game Results'!D1647) -> 0 | E14: =SUM('Game Results'!E27+'Game Results'!E45+'Game Results'!E207+'Game Results'!E531+'Game Results'!E549+'Game Results'!E225+'Game Results'!E891+'Game Results'!E1251+'Game Results'!E1269+'Game Results'!E909+'Game Results'!E927+'Game Results'!E945+'Game Results'!E1665+'Game Results'!E1647) -> 42 | F14: =SUM('Game Results'!F27+'Game Results'!F45+'Game Results'!F207+'Game Results'!F531+'Game Results'!F549+'Game Results'!F225+'Game Results'!F891+'Game Results'!F1251+'Game Results'!F1269+'Game Results'!F909+'Game Results'!F927+'Game Results'!F945+'Game Results'!F1665+'Game Results'!F1647) -> 1 | G14: =SUM('Game Results'!G27+'Game Results'!G45+'Game Results'!G207+'Game Results'!G531+'Game Results'!G549+'Game Results'!G225+'Game Results'!G891+'Game Results'!G1251+'Game Results'!G1269+'Game Results'!G909+'Game Results'!G927+'Game Results'!G945+'Game Results'!G1665+'Game Results'!G1647) -> 124 | H14: =SUM('Game Results'!H27+'Game Results'!H45+'Game Results'!H207+'Game Results'!H531+'Game Results'!H549+'Game Results'!H225+'Game Results'!H891+'Game Results'!H1251+'Game Results'!H1269+'Game Results'!H909+'Game Results'!H927+'Game Results'!H945+'Game Results'!H1665+'Game Results'!H1647) -> 0 | I14: =SUM('Game Results'!I27+'Game Results'!I45+'Game Results'!I207+'Game Results'!I531+'Game Results'!I549+'Game Results'!I225+'Game Results'!I891+'Game Results'!I1251+'Game Results'!I1269+'Game Results'!I909+'Game Results'!I927+'Game Results'!I945+'Game Results'!I1665+'Game Results'!I1647) -> 187 | J14: =SUM('Game Results'!J27+'Game Results'!J45+'Game Results'!J207+'Game Results'!J531+'Game Results'!J549+'Game Results'!J225+'Game Results'!J891+'Game Results'!J1251+'Game Results'!J1269+'Game Results'!J909+'Game Results'!J927+'Game Results'!J945+'Game Results'!J1665+'Game Results'!J1647) -> -63 | K14: =SUM(G14/I14) -> 0.6631016 | L14: =SUM('Game Results'!L27+'Game Results'!L45+'Game Results'!L207+'Game Results'!L531+'Game Results'!L549+'Game Results'!L225+'Game Results'!L891+'Game Results'!L1251+'Game Results'!L1269+'Game Results'!L909+'Game Results'!L927+'Game Results'!L945+'Game Results'!L1665+'Game Results'!L1647) -> 10 | M14: =SUM('Game Results'!M27+'Game Results'!M45+'Game Results'!M207+'Game Results'!M531+'Game Results'!M549+'Game Results'!M225+'Game Results'!M891+'Game Results'!M1251+'Game Results'!M1269+'Game Results'!M909+'Game Results'!M927+'Game Results'!M945+'Game Results'!M1665+'Game Results'!M1647) -> 152 | N14: =SUM('Game Results'!N27+'Game Results'!N45+'Game Results'!N207+'Game Results'!N531+'Game Results'!N549+'Game Results'!N225+'Game Results'!N891+'Game Results'!N1251+'Game Results'!N1269+'Game Results'!N909+'Game Results'!N927+'Game Results'!N945+'Game Results'!N1665+'Game Results'!N1647) -> 1 | O14: =SUM('Game Results'!O27+'Game Results'!O45+'Game Results'!O207+'Game Results'!O531+'Game Results'!O549+'Game Results'!O225+'Game Results'!O891+'Game Results'!O1251+'Game Results'!O1269+'Game Results'!O909+'Game Results'!O927+'Game Results'!O945+'Game Results'!O1665+'Game Results'!O1647) -> 42 | P14: =SUM('Game Results'!P27+'Game Results'!P45+'Game Results'!P207+'Game Results'!P531+'Game Results'!P549+'Game Results'!P225+'Game Results'!P891+'Game Results'!P1251+'Game Results'!P1269+'Game Results'!P909+'Game Results'!P927+'Game Results'!P945+'Game Results'!P1665+'Game Results'!P1647) -> 4 | Q14: =SUM('Game Results'!Q27+'Game Results'!Q45+'Game Results'!Q207+'Game Results'!Q531+'Game Results'!Q549+'Game Results'!Q225+'Game Results'!Q891+'Game Results'!Q1251+'Game Results'!Q1269+'Game Results'!Q909+'Game Results'!Q927+'Game Results'!Q945+'Game Results'!Q1665+'Game Results'!Q1647) -> 0 | R14: =SUM('Game Results'!R27+'Game Results'!R45+'Game Results'!R207+'Game Results'!R531+'Game Results'!R549+'Game Results'!R225+'Game Results'!R891+'Game Results'!R1251+'Game Results'!R1269+'Game Results'!R909+'Game Results'!R927+'Game Results'!R945+'Game Results'!R1665+'Game Results'!R1647) -> 5 | S14: =SUM('Game Results'!S27+'Game Results'!S45+'Game Results'!S207+'Game Results'!S531+'Game Results'!S549+'Game Results'!S225+'Game Results'!S891+'Game Results'!S1251+'Game Results'!S1269+'Game Results'!S909+'Game Results'!S927+'Game Results'!S945+'Game Results'!S1665+'Game Results'!S1647) -> 5 | ... AH14: =SUM('Game Results'!AH27+'Game Results'!AH45+'Game Results'!AH207+'Game Results'!AH531+'Game Results'!AH549+'Game Results'!AH225+'Game Results'!AH891+'Game Results'!AH1251+'Game Results'!AH1269+'Game Results'!AH909+'Game Results'!AH927+'Game Results'!AH945+'Game Results'!AH1665+'Game Results'!AH1647) -> 0
A15: In MuNgO We Trust | B15: DLGITAL PAIN | C15: =SUM('Game Results'!C28+'Game Results'!C46+'Game Results'!C208+'Game Results'!C532+'Game Results'!C550+'Game Results'!C226+'Game Results'!C892+'Game Results'!C1252+'Game Results'!C1270+'Game Results'!C910+'Game Results'!C928+'Game Results'!C946+'Game Results'!C1666+'Game Results'!C1648) -> 1 | D15: =SUM('Game Results'!D28+'Game Results'!D46+'Game Results'!D208+'Game Results'!D532+'Game Results'!D550+'Game Results'!D226+'Game Results'!D892+'Game Results'!D1252+'Game Results'!D1270+'Game Results'!D910+'Game Results'!D928+'Game Results'!D946+'Game Results'!D1666+'Game Results'!D1648) -> 0 | E15: =SUM('Game Results'!E28+'Game Results'!E46+'Game Results'!E208+'Game Results'!E532+'Game Results'!E550+'Game Results'!E226+'Game Results'!E892+'Game Results'!E1252+'Game Results'!E1270+'Game Results'!E910+'Game Results'!E928+'Game Results'!E946+'Game Results'!E1666+'Game Results'!E1648) -> 66 | F15: =SUM('Game Results'!F28+'Game Results'!F46+'Game Results'!F208+'Game Results'!F532+'Game Results'!F550+'Game Results'!F226+'Game Results'!F892+'Game Results'!F1252+'Game Results'!F1270+'Game Results'!F910+'Game Results'!F928+'Game Results'!F946+'Game Results'!F1666+'Game Results'!F1648) -> 0 | G15: =SUM('Game Results'!G28+'Game Results'!G46+'Game Results'!G208+'Game Results'!G532+'Game Results'!G550+'Game Results'!G226+'Game Results'!G892+'Game Results'!G1252+'Game Results'!G1270+'Game Results'!G910+'Game Results'!G928+'Game Results'!G946+'Game Results'!G1666+'Game Results'!G1648) -> 281 | H15: =SUM('Game Results'!H28+'Game Results'!H46+'Game Results'!H208+'Game Results'!H532+'Game Results'!H550+'Game Results'!H226+'Game Results'!H892+'Game Results'!H1252+'Game Results'!H1270+'Game Results'!H910+'Game Results'!H928+'Game Results'!H946+'Game Results'!H1666+'Game Results'!H1648) -> 0 | I15: =SUM('Game Results'!I28+'Game Results'!I46+'Game Results'!I208+'Game Results'!I532+'Game Results'!I550+'Game Results'!I226+'Game Results'!I892+'Game Results'!I1252+'Game Results'!I1270+'Game Results'!I910+'Game Results'!I928+'Game Results'!I946+'Game Results'!I1666+'Game Results'!I1648) -> 219 | J15: =SUM('Game Results'!J28+'Game Results'!J46+'Game Results'!J208+'Game Results'!J532+'Game Results'!J550+'Game Results'!J226+'Game Results'!J892+'Game Results'!J1252+'Game Results'!J1270+'Game Results'!J910+'Game Results'!J928+'Game Results'!J946+'Game Results'!J1666+'Game Results'!J1648) -> 62 | K15: =SUM(G15/I15) -> 1.283105 | L15: =SUM('Game Results'!L28+'Game Results'!L46+'Game Results'!L208+'Game Results'!L532+'Game Results'!L550+'Game Results'!L226+'Game Results'!L892+'Game Results'!L1252+'Game Results'!L1270+'Game Results'!L910+'Game Results'!L928+'Game Results'!L946+'Game Results'!L1666+'Game Results'!L1648) -> 15 | M15: =SUM('Game Results'!M28+'Game Results'!M46+'Game Results'!M208+'Game Results'!M532+'Game Results'!M550+'Game Results'!M226+'Game Results'!M892+'Game Results'!M1252+'Game Results'!M1270+'Game Results'!M910+'Game Results'!M928+'Game Results'!M946+'Game Results'!M1666+'Game Results'!M1648) -> 393 | N15: =SUM('Game Results'!N28+'Game Results'!N46+'Game Results'!N208+'Game Results'!N532+'Game Results'!N550+'Game Results'!N226+'Game Results'!N892+'Game Results'!N1252+'Game Results'!N1270+'Game Results'!N910+'Game Results'!N928+'Game Results'!N946+'Game Results'!N1666+'Game Results'!N1648) -> 1 | O15: =SUM('Game Results'!O28+'Game Results'!O46+'Game Results'!O208+'Game Results'!O532+'Game Results'!O550+'Game Results'!O226+'Game Results'!O892+'Game Results'!O1252+'Game Results'!O1270+'Game Results'!O910+'Game Results'!O928+'Game Results'!O946+'Game Results'!O1666+'Game Results'!O1648) -> 66 | P15: =SUM('Game Results'!P28+'Game Results'!P46+'Game Results'!P208+'Game Results'!P532+'Game Results'!P550+'Game Results'!P226+'Game Results'!P892+'Game Results'!P1252+'Game Results'!P1270+'Game Results'!P910+'Game Results'!P928+'Game Results'!P946+'Game Results'!P1666+'Game Results'!P1648) -> 7 | Q15: =SUM('Game Results'!Q28+'Game Results'!Q46+'Game Results'!Q208+'Game Results'!Q532+'Game Results'!Q550+'Game Results'!Q226+'Game Results'!Q892+'Game Results'!Q1252+'Game Results'!Q1270+'Game Results'!Q910+'Game Results'!Q928+'Game Results'!Q946+'Game Results'!Q1666+'Game Results'!Q1648) -> 11 | R15: =SUM('Game Results'!R28+'Game Results'!R46+'Game Results'!R208+'Game Results'!R532+'Game Results'!R550+'Game Results'!R226+'Game Results'!R892+'Game Results'!R1252+'Game Results'!R1270+'Game Results'!R910+'Game Results'!R928+'Game Results'!R946+'Game Results'!R1666+'Game Results'!R1648) -> 46 | S15: =SUM('Game Results'!S28+'Game Results'!S46+'Game Results'!S208+'Game Results'!S532+'Game Results'!S550+'Game Results'!S226+'Game Results'!S892+'Game Results'!S1252+'Game Results'!S1270+'Game Results'!S910+'Game Results'!S928+'Game Results'!S946+'Game Results'!S1666+'Game Results'!S1648) -> 6 | ... AH15: =SUM('Game Results'!AH28+'Game Results'!AH46+'Game Results'!AH208+'Game Results'!AH532+'Game Results'!AH550+'Game Results'!AH226+'Game Results'!AH892+'Game Results'!AH1252+'Game Results'!AH1270+'Game Results'!AH910+'Game Results'!AH928+'Game Results'!AH946+'Game Results'!AH1666+'Game Results'!AH1648) -> 0
A16: Totals: | C16: =SUM(C10:C15)/4 -> 13 | D16: =SUM(D10:D15)/4 -> 7 | E16: =SUM(E10:E15)/4 -> 442.55833 | F16: =SUM(F10:F15) -> 52 | G16: =SUM(G10:G15) -> 5616 | H16: =SUM(H10:H15) -> 25 | I16: =SUM(I10:I15) -> 6019 | J16: =SUM(J10:J15) -> -403 | K16: =SUM(G16/I16) -> 0.93304536 | L16: =SUM(L10:L15)/4 -> 205 | M16: =SUM(M10:M15) -> 7192 | N16: =SUM(N10:N15)/4 -> 13 | O16: =SUM(O9:O15) -> 3446.2333 | P16: =SUM(P10:P15) -> 197 | Q16: =SUM(Q10:Q15) -> 97 | R16: =SUM(R10:R15) -> 458 | S16: =SUM(S10:S15) -> 118 | T16: =SUM(T10:T15) -> 765 | U16: =SUM(U10:U15) -> 139 | V16: =SUM(V10:V15) -> 31 | W16: =SUM(W10:W15) -> 9 | ... AH16: =SUM(AH10:AH15) -> 1
A17: Junkyard Dogs | B17: nkotb4evah | C17: =SUM('Game Results'!C66+'Game Results'!C84+'Game Results'!C390+'Game Results'!C408+'Game Results'!C534+'Game Results'!C552+'Game Results'!C851+'Game Results'!C869+'Game Results'!C1038+'Game Results'!C1056+'Game Results'!C1056+'Game Results'!C1211+'Game Results'!C743+'Game Results'!C761+'Game Results'!C1463+'Game Results'!C1481+'Game Results'!C1787+'Game Results'!C1805) -> 18 | D17: =SUM('Game Results'!D66+'Game Results'!D84+'Game Results'!D390+'Game Results'!D408+'Game Results'!D534+'Game Results'!D552+'Game Results'!D851+'Game Results'!D869+'Game Results'!D1038+'Game Results'!D1056+'Game Results'!D1056+'Game Results'!D1211+'Game Results'!D743+'Game Results'!D761+'Game Results'!D1463+'Game Results'!D1481+'Game Results'!D1787+'Game Results'!D1805) -> 6 | E17: =SUM('Game Results'!E66+'Game Results'!E84+'Game Results'!E390+'Game Results'!E408+'Game Results'!E534+'Game Results'!E552+'Game Results'!E851+'Game Results'!E869+'Game Results'!E1038+'Game Results'!E1056+'Game Results'!E1056+'Game Results'!E1211+'Game Results'!E743+'Game Results'!E761+'Game Results'!E1463+'Game Results'!E1481+'Game Results'!E1787+'Game Results'!E1805) -> 528.05 | F17: =SUM('Game Results'!F66+'Game Results'!F84+'Game Results'!F390+'Game Results'!F408+'Game Results'!F534+'Game Results'!F552+'Game Results'!F851+'Game Results'!F869+'Game Results'!F1038+'Game Results'!F1056+'Game Results'!F1056+'Game Results'!F1211+'Game Results'!F743+'Game Results'!F761+'Game Results'!F1463+'Game Results'!F1481+'Game Results'!F1787+'Game Results'!F1805) -> 41 | G17: =SUM('Game Results'!G66+'Game Results'!G84+'Game Results'!G390+'Game Results'!G408+'Game Results'!G534+'Game Results'!G552+'Game Results'!G851+'Game Results'!G869+'Game Results'!G1038+'Game Results'!G1056+'Game Results'!G1056+'Game Results'!G1211+'Game Results'!G743+'Game Results'!G761+'Game Results'!G1463+'Game Results'!G1481+'Game Results'!G1787+'Game Results'!G1805) -> 1114 | H17: =SUM('Game Results'!H66+'Game Results'!H84+'Game Results'!H390+'Game Results'!H408+'Game Results'!H534+'Game Results'!H552+'Game Results'!H851+'Game Results'!H869+'Game Results'!H1038+'Game Results'!H1056+'Game Results'!H1056+'Game Results'!H1211+'Game Results'!H743+'Game Results'!H761+'Game Results'!H1463+'Game Results'!H1481+'Game Results'!H1787+'Game Results'!H1805) -> 9 | I17: =SUM('Game Results'!I66+'Game Results'!I84+'Game Results'!I390+'Game Results'!I408+'Game Results'!I534+'Game Results'!I552+'Game Results'!I851+'Game Results'!I869+'Game Results'!I1038+'Game Results'!I1056+'Game Results'!I1056+'Game Results'!I1211+'Game Results'!I743+'Game Results'!I761+'Game Results'!I1463+'Game Results'!I1481+'Game Results'!I1787+'Game Results'!I1805) -> 1599 | J17: =SUM('Game Results'!J66+'Game Results'!J84+'Game Results'!J390+'Game Results'!J408+'Game Results'!J534+'Game Results'!J552+'Game Results'!J851+'Game Results'!J869+'Game Results'!J1038+'Game Results'!J1056+'Game Results'!J1056+'Game Results'!J1211+'Game Results'!J743+'Game Results'!J761+'Game Results'!J1463+'Game Results'!J1481+'Game Results'!J1787+'Game Results'!J1805) -> -485 | K17: =SUM(G17/I17) -> 0.69668543 | L17: =SUM('Game Results'!L66+'Game Results'!L84+'Game Results'!L390+'Game Results'!L408+'Game Results'!L534+'Game Results'!L552+'Game Results'!L851+'Game Results'!L869+'Game Results'!L1038+'Game Results'!L1056+'Game Results'!L1056+'Game Results'!L1211+'Game Results'!L743+'Game Results'!L761+'Game Results'!L1463+'Game Results'!L1481+'Game Results'!L1787+'Game Results'!L1805) -> 330 | M17: =SUM('Game Results'!M66+'Game Results'!M84+'Game Results'!M390+'Game Results'!M408+'Game Results'!M534+'Game Results'!M552+'Game Results'!M851+'Game Results'!M869+'Game Results'!M1038+'Game Results'!M1056+'Game Results'!M1056+'Game Results'!M1211+'Game Results'!M743+'Game Results'!M761+'Game Results'!M1463+'Game Results'!M1481+'Game Results'!M1787+'Game Results'!M1805) -> 1454 | N17: =SUM('Game Results'!N66+'Game Results'!N84+'Game Results'!N390+'Game Results'!N408+'Game Results'!N534+'Game Results'!N552+'Game Results'!N851+'Game Results'!N869+'Game Results'!N1038+'Game Results'!N1056+'Game Results'!N1056+'Game Results'!N1211+'Game Results'!N743+'Game Results'!N761+'Game Results'!N1463+'Game Results'!N1481+'Game Results'!N1787+'Game Results'!N1805) -> 18 | O17: =SUM('Game Results'!O66+'Game Results'!O84+'Game Results'!O390+'Game Results'!O408+'Game Results'!O534+'Game Results'!O552+'Game Results'!O851+'Game Results'!O869+'Game Results'!O1038+'Game Results'!O1056+'Game Results'!O1056+'Game Results'!O1211+'Game Results'!O743+'Game Results'!O761+'Game Results'!O1463+'Game Results'!O1481+'Game Results'!O1787+'Game Results'!O1805) -> 528.05 | P17: =SUM('Game Results'!P66+'Game Results'!P84+'Game Results'!P390+'Game Results'!P408+'Game Results'!P534+'Game Results'!P552+'Game Results'!P851+'Game Results'!P869+'Game Results'!P1038+'Game Results'!P1056+'Game Results'!P1056+'Game Results'!P1211+'Game Results'!P743+'Game Results'!P761+'Game Results'!P1463+'Game Results'!P1481+'Game Results'!P1787+'Game Results'!P1805) -> 96 | Q17: =SUM('Game Results'!Q66+'Game Results'!Q84+'Game Results'!Q390+'Game Results'!Q408+'Game Results'!Q534+'Game Results'!Q552+'Game Results'!Q851+'Game Results'!Q869+'Game Results'!Q1038+'Game Results'!Q1056+'Game Results'!Q1056+'Game Results'!Q1211+'Game Results'!Q743+'Game Results'!Q761+'Game Results'!Q1463+'Game Results'!Q1481+'Game Results'!Q1787+'Game Results'!Q1805) -> 37 | R17: =SUM('Game Results'!R66+'Game Results'!R84+'Game Results'!R390+'Game Results'!R408+'Game Results'!R534+'Game Results'!R552+'Game Results'!R851+'Game Results'!R869+'Game Results'!R1038+'Game Results'!R1056+'Game Results'!R1056+'Game Results'!R1211+'Game Results'!R743+'Game Results'!R761+'Game Results'!R1463+'Game Results'!R1481+'Game Results'!R1787+'Game Results'!R1805) -> 42 | S17: =SUM('Game Results'!S66+'Game Results'!S84+'Game Results'!S390+'Game Results'!S408+'Game Results'!S534+'Game Results'!S552+'Game Results'!S851+'Game Results'!S869+'Game Results'!S1038+'Game Results'!S1056+'Game Results'!S1056+'Game Results'!S1211+'Game Results'!S743+'Game Results'!S761+'Game Results'!S1463+'Game Results'!S1481+'Game Results'!S1787+'Game Results'!S1805) -> 34 | ... AH17: =SUM('Game Results'!AH66+'Game Results'!AH84+'Game Results'!AH390+'Game Results'!AH408+'Game Results'!AH534+'Game Results'!AH552+'Game Results'!AH851+'Game Results'!AH869+'Game Results'!AH1038+'Game Results'!AH1056+'Game Results'!AH1056+'Game Results'!AH1211+'Game Results'!AH743+'Game Results'!AH761+'Game Results'!AH1463+'Game Results'!AH1481+'Game Results'!AH1787+'Game Results'!AH1805) -> 2
A18: Junkyard Dogs | B18: AJ DaJuiceMayne | C18: =SUM('Game Results'!C67+'Game Results'!C85+'Game Results'!C391+'Game Results'!C409+'Game Results'!C535+'Game Results'!C553+'Game Results'!C852+'Game Results'!C870+'Game Results'!C1039+'Game Results'!C1057+'Game Results'!C1057+'Game Results'!C1212+'Game Results'!C744+'Game Results'!C762+'Game Results'!C1464+'Game Results'!C1482+'Game Results'!C1788+'Game Results'!C1806) -> 16 | D18: =SUM('Game Results'!D67+'Game Results'!D85+'Game Results'!D391+'Game Results'!D409+'Game Results'!D535+'Game Results'!D553+'Game Results'!D852+'Game Results'!D870+'Game Results'!D1039+'Game Results'!D1057+'Game Results'!D1057+'Game Results'!D1212+'Game Results'!D744+'Game Results'!D762+'Game Results'!D1464+'Game Results'!D1482+'Game Results'!D1788+'Game Results'!D1806) -> 6 | E18: =SUM('Game Results'!E67+'Game Results'!E85+'Game Results'!E391+'Game Results'!E409+'Game Results'!E535+'Game Results'!E553+'Game Results'!E852+'Game Results'!E870+'Game Results'!E1039+'Game Results'!E1057+'Game Results'!E1057+'Game Results'!E1212+'Game Results'!E744+'Game Results'!E762+'Game Results'!E1464+'Game Results'!E1482+'Game Results'!E1788+'Game Results'!E1806) -> 490.13333 | F18: =SUM('Game Results'!F67+'Game Results'!F85+'Game Results'!F391+'Game Results'!F409+'Game Results'!F535+'Game Results'!F553+'Game Results'!F852+'Game Results'!F870+'Game Results'!F1039+'Game Results'!F1057+'Game Results'!F1057+'Game Results'!F1212+'Game Results'!F744+'Game Results'!F762+'Game Results'!F1464+'Game Results'!F1482+'Game Results'!F1788+'Game Results'!F1806) -> 5 | G18: =SUM('Game Results'!G67+'Game Results'!G85+'Game Results'!G391+'Game Results'!G409+'Game Results'!G535+'Game Results'!G553+'Game Results'!G852+'Game Results'!G870+'Game Results'!G1039+'Game Results'!G1057+'Game Results'!G1057+'Game Results'!G1212+'Game Results'!G744+'Game Results'!G762+'Game Results'!G1464+'Game Results'!G1482+'Game Results'!G1788+'Game Results'!G1806) -> 2238 | H18: =SUM('Game Results'!H67+'Game Results'!H85+'Game Results'!H391+'Game Results'!H409+'Game Results'!H535+'Game Results'!H553+'Game Results'!H852+'Game Results'!H870+'Game Results'!H1039+'Game Results'!H1057+'Game Results'!H1057+'Game Results'!H1212+'Game Results'!H744+'Game Results'!H762+'Game Results'!H1464+'Game Results'!H1482+'Game Results'!H1788+'Game Results'!H1806) -> 13 | I18: =SUM('Game Results'!I67+'Game Results'!I85+'Game Results'!I391+'Game Results'!I409+'Game Results'!I535+'Game Results'!I553+'Game Results'!I852+'Game Results'!I870+'Game Results'!I1039+'Game Results'!I1057+'Game Results'!I1057+'Game Results'!I1212+'Game Results'!I744+'Game Results'!I762+'Game Results'!I1464+'Game Results'!I1482+'Game Results'!I1788+'Game Results'!I1806) -> 1945 | J18: =SUM('Game Results'!J67+'Game Results'!J85+'Game Results'!J391+'Game Results'!J409+'Game Results'!J535+'Game Results'!J553+'Game Results'!J852+'Game Results'!J870+'Game Results'!J1039+'Game Results'!J1057+'Game Results'!J1057+'Game Results'!J1212+'Game Results'!J744+'Game Results'!J762+'Game Results'!J1464+'Game Results'!J1482+'Game Results'!J1788+'Game Results'!J1806) -> 293 | K18: =SUM(G18/I18) -> 1.1506427 | L18: =SUM('Game Results'!L67+'Game Results'!L85+'Game Results'!L391+'Game Results'!L409+'Game Results'!L535+'Game Results'!L553+'Game Results'!L852+'Game Results'!L870+'Game Results'!L1039+'Game Results'!L1057+'Game Results'!L1057+'Game Results'!L1212+'Game Results'!L744+'Game Results'!L762+'Game Results'!L1464+'Game Results'!L1482+'Game Results'!L1788+'Game Results'!L1806) -> 218 | M18: =SUM('Game Results'!M67+'Game Results'!M85+'Game Results'!M391+'Game Results'!M409+'Game Results'!M535+'Game Results'!M553+'Game Results'!M852+'Game Results'!M870+'Game Results'!M1039+'Game Results'!M1057+'Game Results'!M1057+'Game Results'!M1212+'Game Results'!M744+'Game Results'!M762+'Game Results'!M1464+'Game Results'!M1482+'Game Results'!M1788+'Game Results'!M1806) -> 2963 | N18: =SUM('Game Results'!N67+'Game Results'!N85+'Game Results'!N391+'Game Results'!N409+'Game Results'!N535+'Game Results'!N553+'Game Results'!N852+'Game Results'!N870+'Game Results'!N1039+'Game Results'!N1057+'Game Results'!N1057+'Game Results'!N1212+'Game Results'!N744+'Game Results'!N762+'Game Results'!N1464+'Game Results'!N1482+'Game Results'!N1788+'Game Results'!N1806) -> 16 | O18: =SUM('Game Results'!O67+'Game Results'!O85+'Game Results'!O391+'Game Results'!O409+'Game Results'!O535+'Game Results'!O553+'Game Results'!O852+'Game Results'!O870+'Game Results'!O1039+'Game Results'!O1057+'Game Results'!O1057+'Game Results'!O1212+'Game Results'!O744+'Game Results'!O762+'Game Results'!O1464+'Game Results'!O1482+'Game Results'!O1788+'Game Results'!O1806) -> 490.13333 | P18: =SUM('Game Results'!P67+'Game Results'!P85+'Game Results'!P391+'Game Results'!P409+'Game Results'!P535+'Game Results'!P553+'Game Results'!P852+'Game Results'!P870+'Game Results'!P1039+'Game Results'!P1057+'Game Results'!P1057+'Game Results'!P1212+'Game Results'!P744+'Game Results'!P762+'Game Results'!P1464+'Game Results'!P1482+'Game Results'!P1788+'Game Results'!P1806) -> 74 | Q18: =SUM('Game Results'!Q67+'Game Results'!Q85+'Game Results'!Q391+'Game Results'!Q409+'Game Results'!Q535+'Game Results'!Q553+'Game Results'!Q852+'Game Results'!Q870+'Game Results'!Q1039+'Game Results'!Q1057+'Game Results'!Q1057+'Game Results'!Q1212+'Game Results'!Q744+'Game Results'!Q762+'Game Results'!Q1464+'Game Results'!Q1482+'Game Results'!Q1788+'Game Results'!Q1806) -> 32 | R18: =SUM('Game Results'!R67+'Game Results'!R85+'Game Results'!R391+'Game Results'!R409+'Game Results'!R535+'Game Results'!R553+'Game Results'!R852+'Game Results'!R870+'Game Results'!R1039+'Game Results'!R1057+'Game Results'!R1057+'Game Results'!R1212+'Game Results'!R744+'Game Results'!R762+'Game Results'!R1464+'Game Results'!R1482+'Game Results'!R1788+'Game Results'!R1806) -> 147 | S18: =SUM('Game Results'!S67+'Game Results'!S85+'Game Results'!S391+'Game Results'!S409+'Game Results'!S535+'Game Results'!S553+'Game Results'!S852+'Game Results'!S870+'Game Results'!S1039+'Game Results'!S1057+'Game Results'!S1057+'Game Results'!S1212+'Game Results'!S744+'Game Results'!S762+'Game Results'!S1464+'Game Results'!S1482+'Game Results'!S1788+'Game Results'!S1806) -> 25 | ... AH18: =SUM('Game Results'!AH67+'Game Results'!AH85+'Game Results'!AH391+'Game Results'!AH409+'Game Results'!AH535+'Game Results'!AH553+'Game Results'!AH852+'Game Results'!AH870+'Game Results'!AH1039+'Game Results'!AH1057+'Game Results'!AH1057+'Game Results'!AH1212+'Game Results'!AH744+'Game Results'!AH762+'Game Results'!AH1464+'Game Results'!AH1482+'Game Results'!AH1788+'Game Results'!AH1806) -> 0
A19: Junkyard Dogs | B19: Gilded Grams | C19: =SUM('Game Results'!C68+'Game Results'!C86+'Game Results'!C392+'Game Results'!C410+'Game Results'!C536+'Game Results'!C554+'Game Results'!C853+'Game Results'!C871+'Game Results'!C1040+'Game Results'!C1058+'Game Results'!C1058+'Game Results'!C1213+'Game Results'!C745+'Game Results'!C763+'Game Results'!C1465+'Game Results'!C1483+'Game Results'!C1789+'Game Results'!C1807) -> 18 | D19: =SUM('Game Results'!D68+'Game Results'!D86+'Game Results'!D392+'Game Results'!D410+'Game Results'!D536+'Game Results'!D554+'Game Results'!D853+'Game Results'!D871+'Game Results'!D1040+'Game Results'!D1058+'Game Results'!D1058+'Game Results'!D1213+'Game Results'!D745+'Game Results'!D763+'Game Results'!D1465+'Game Results'!D1483+'Game Results'!D1789+'Game Results'!D1807) -> 6 | E19: =SUM('Game Results'!E68+'Game Results'!E86+'Game Results'!E392+'Game Results'!E410+'Game Results'!E536+'Game Results'!E554+'Game Results'!E853+'Game Results'!E871+'Game Results'!E1040+'Game Results'!E1058+'Game Results'!E1058+'Game Results'!E1213+'Game Results'!E745+'Game Results'!E763+'Game Results'!E1465+'Game Results'!E1483+'Game Results'!E1789+'Game Results'!E1807) -> 525.46667 | F19: =SUM('Game Results'!F68+'Game Results'!F86+'Game Results'!F392+'Game Results'!F410+'Game Results'!F536+'Game Results'!F554+'Game Results'!F853+'Game Results'!F871+'Game Results'!F1040+'Game Results'!F1058+'Game Results'!F1058+'Game Results'!F1213+'Game Results'!F745+'Game Results'!F763+'Game Results'!F1465+'Game Results'!F1483+'Game Results'!F1789+'Game Results'!F1807) -> 6 | G19: =SUM('Game Results'!G68+'Game Results'!G86+'Game Results'!G392+'Game Results'!G410+'Game Results'!G536+'Game Results'!G554+'Game Results'!G853+'Game Results'!G871+'Game Results'!G1040+'Game Results'!G1058+'Game Results'!G1058+'Game Results'!G1213+'Game Results'!G745+'Game Results'!G763+'Game Results'!G1465+'Game Results'!G1483+'Game Results'!G1789+'Game Results'!G1807) -> 2263 | H19: =SUM('Game Results'!H68+'Game Results'!H86+'Game Results'!H392+'Game Results'!H410+'Game Results'!H536+'Game Results'!H554+'Game Results'!H853+'Game Results'!H871+'Game Results'!H1040+'Game Results'!H1058+'Game Results'!H1058+'Game Results'!H1213+'Game Results'!H745+'Game Results'!H763+'Game Results'!H1465+'Game Results'!H1483+'Game Results'!H1789+'Game Results'!H1807) -> 7 | I19: =SUM('Game Results'!I68+'Game Results'!I86+'Game Results'!I392+'Game Results'!I410+'Game Results'!I536+'Game Results'!I554+'Game Results'!I853+'Game Results'!I871+'Game Results'!I1040+'Game Results'!I1058+'Game Results'!I1058+'Game Results'!I1213+'Game Results'!I745+'Game Results'!I763+'Game Results'!I1465+'Game Results'!I1483+'Game Results'!I1789+'Game Results'!I1807) -> 1972 | J19: =SUM('Game Results'!J68+'Game Results'!J86+'Game Results'!J392+'Game Results'!J410+'Game Results'!J536+'Game Results'!J554+'Game Results'!J853+'Game Results'!J871+'Game Results'!J1040+'Game Results'!J1058+'Game Results'!J1058+'Game Results'!J1213+'Game Results'!J745+'Game Results'!J763+'Game Results'!J1465+'Game Results'!J1483+'Game Results'!J1789+'Game Results'!J1807) -> 291 | K19: =SUM(G19/I19) -> 1.1475659 | L19: =SUM('Game Results'!L68+'Game Results'!L86+'Game Results'!L392+'Game Results'!L410+'Game Results'!L536+'Game Results'!L554+'Game Results'!L853+'Game Results'!L871+'Game Results'!L1040+'Game Results'!L1058+'Game Results'!L1058+'Game Results'!L1213+'Game Results'!L745+'Game Results'!L763+'Game Results'!L1465+'Game Results'!L1483+'Game Results'!L1789+'Game Results'!L1807) -> 253 | M19: =SUM('Game Results'!M68+'Game Results'!M86+'Game Results'!M392+'Game Results'!M410+'Game Results'!M536+'Game Results'!M554+'Game Results'!M853+'Game Results'!M871+'Game Results'!M1040+'Game Results'!M1058+'Game Results'!M1058+'Game Results'!M1213+'Game Results'!M745+'Game Results'!M763+'Game Results'!M1465+'Game Results'!M1483+'Game Results'!M1789+'Game Results'!M1807) -> 2928 | N19: =SUM('Game Results'!N68+'Game Results'!N86+'Game Results'!N392+'Game Results'!N410+'Game Results'!N536+'Game Results'!N554+'Game Results'!N853+'Game Results'!N871+'Game Results'!N1040+'Game Results'!N1058+'Game Results'!N1058+'Game Results'!N1213+'Game Results'!N745+'Game Results'!N763+'Game Results'!N1465+'Game Results'!N1483+'Game Results'!N1789+'Game Results'!N1807) -> 18 | O19: =SUM('Game Results'!O68+'Game Results'!O86+'Game Results'!O392+'Game Results'!O410+'Game Results'!O536+'Game Results'!O554+'Game Results'!O853+'Game Results'!O871+'Game Results'!O1040+'Game Results'!O1058+'Game Results'!O1058+'Game Results'!O1213+'Game Results'!O745+'Game Results'!O763+'Game Results'!O1465+'Game Results'!O1483+'Game Results'!O1789+'Game Results'!O1807) -> 525.46667 | P19: =SUM('Game Results'!P68+'Game Results'!P86+'Game Results'!P392+'Game Results'!P410+'Game Results'!P536+'Game Results'!P554+'Game Results'!P853+'Game Results'!P871+'Game Results'!P1040+'Game Results'!P1058+'Game Results'!P1058+'Game Results'!P1213+'Game Results'!P745+'Game Results'!P763+'Game Results'!P1465+'Game Results'!P1483+'Game Results'!P1789+'Game Results'!P1807) -> 83 | Q19: =SUM('Game Results'!Q68+'Game Results'!Q86+'Game Results'!Q392+'Game Results'!Q410+'Game Results'!Q536+'Game Results'!Q554+'Game Results'!Q853+'Game Results'!Q871+'Game Results'!Q1040+'Game Results'!Q1058+'Game Results'!Q1058+'Game Results'!Q1213+'Game Results'!Q745+'Game Results'!Q763+'Game Results'!Q1465+'Game Results'!Q1483+'Game Results'!Q1789+'Game Results'!Q1807) -> 74 | R19: =SUM('Game Results'!R68+'Game Results'!R86+'Game Results'!R392+'Game Results'!R410+'Game Results'!R536+'Game Results'!R554+'Game Results'!R853+'Game Results'!R871+'Game Results'!R1040+'Game Results'!R1058+'Game Results'!R1058+'Game Results'!R1213+'Game Results'!R745+'Game Results'!R763+'Game Results'!R1465+'Game Results'!R1483+'Game Results'!R1789+'Game Results'!R1807) -> 115 | S19: =SUM('Game Results'!S68+'Game Results'!S86+'Game Results'!S392+'Game Results'!S410+'Game Results'!S536+'Game Results'!S554+'Game Results'!S853+'Game Results'!S871+'Game Results'!S1040+'Game Results'!S1058+'Game Results'!S1058+'Game Results'!S1213+'Game Results'!S745+'Game Results'!S763+'Game Results'!S1465+'Game Results'!S1483+'Game Results'!S1789+'Game Results'!S1807) -> 36 | ... AH19: =SUM('Game Results'!AH68+'Game Results'!AH86+'Game Results'!AH392+'Game Results'!AH410+'Game Results'!AH536+'Game Results'!AH554+'Game Results'!AH853+'Game Results'!AH871+'Game Results'!AH1040+'Game Results'!AH1058+'Game Results'!AH1058+'Game Results'!AH1213+'Game Results'!AH745+'Game Results'!AH763+'Game Results'!AH1465+'Game Results'!AH1483+'Game Results'!AH1789+'Game Results'!AH1807) -> 9
A20: Junkyard Dogs | B20: PoisonxPoptart | C20: =SUM('Game Results'!C69+'Game Results'!C87+'Game Results'!C393+'Game Results'!C411+'Game Results'!C537+'Game Results'!C555+'Game Results'!C854+'Game Results'!C872+'Game Results'!C1041+'Game Results'!C1059+'Game Results'!C1059+'Game Results'!C1214+'Game Results'!C746+'Game Results'!C764+'Game Results'!C1466+'Game Results'!C1484+'Game Results'!C1790+'Game Results'!C1808) -> 16 | D20: =SUM('Game Results'!D69+'Game Results'!D87+'Game Results'!D393+'Game Results'!D411+'Game Results'!D537+'Game Results'!D555+'Game Results'!D854+'Game Results'!D872+'Game Results'!D1041+'Game Results'!D1059+'Game Results'!D1059+'Game Results'!D1214+'Game Results'!D746+'Game Results'!D764+'Game Results'!D1466+'Game Results'!D1484+'Game Results'!D1790+'Game Results'!D1808) -> 6 | E20: =SUM('Game Results'!E69+'Game Results'!E87+'Game Results'!E393+'Game Results'!E411+'Game Results'!E537+'Game Results'!E555+'Game Results'!E854+'Game Results'!E872+'Game Results'!E1041+'Game Results'!E1059+'Game Results'!E1059+'Game Results'!E1214+'Game Results'!E746+'Game Results'!E764+'Game Results'!E1466+'Game Results'!E1484+'Game Results'!E1790+'Game Results'!E1808) -> 490.43333 | F20: =SUM('Game Results'!F69+'Game Results'!F87+'Game Results'!F393+'Game Results'!F411+'Game Results'!F537+'Game Results'!F555+'Game Results'!F854+'Game Results'!F872+'Game Results'!F1041+'Game Results'!F1059+'Game Results'!F1059+'Game Results'!F1214+'Game Results'!F746+'Game Results'!F764+'Game Results'!F1466+'Game Results'!F1484+'Game Results'!F1790+'Game Results'!F1808) -> 5 | G20: =SUM('Game Results'!G69+'Game Results'!G87+'Game Results'!G393+'Game Results'!G411+'Game Results'!G537+'Game Results'!G555+'Game Results'!G854+'Game Results'!G872+'Game Results'!G1041+'Game Results'!G1059+'Game Results'!G1059+'Game Results'!G1214+'Game Results'!G746+'Game Results'!G764+'Game Results'!G1466+'Game Results'!G1484+'Game Results'!G1790+'Game Results'!G1808) -> 1559 | H20: =SUM('Game Results'!H69+'Game Results'!H87+'Game Results'!H393+'Game Results'!H411+'Game Results'!H537+'Game Results'!H555+'Game Results'!H854+'Game Results'!H872+'Game Results'!H1041+'Game Results'!H1059+'Game Results'!H1059+'Game Results'!H1214+'Game Results'!H746+'Game Results'!H764+'Game Results'!H1466+'Game Results'!H1484+'Game Results'!H1790+'Game Results'!H1808) -> 7 | I20: =SUM('Game Results'!I69+'Game Results'!I87+'Game Results'!I393+'Game Results'!I411+'Game Results'!I537+'Game Results'!I555+'Game Results'!I854+'Game Results'!I872+'Game Results'!I1041+'Game Results'!I1059+'Game Results'!I1059+'Game Results'!I1214+'Game Results'!I746+'Game Results'!I764+'Game Results'!I1466+'Game Results'!I1484+'Game Results'!I1790+'Game Results'!I1808) -> 1564 | J20: =SUM('Game Results'!J69+'Game Results'!J87+'Game Results'!J393+'Game Results'!J411+'Game Results'!J537+'Game Results'!J555+'Game Results'!J854+'Game Results'!J872+'Game Results'!J1041+'Game Results'!J1059+'Game Results'!J1059+'Game Results'!J1214+'Game Results'!J746+'Game Results'!J764+'Game Results'!J1466+'Game Results'!J1484+'Game Results'!J1790+'Game Results'!J1808) -> -5 | K20: =SUM(G20/I20) -> 0.99680307 | L20: =SUM('Game Results'!L69+'Game Results'!L87+'Game Results'!L393+'Game Results'!L411+'Game Results'!L537+'Game Results'!L555+'Game Results'!L854+'Game Results'!L872+'Game Results'!L1041+'Game Results'!L1059+'Game Results'!L1059+'Game Results'!L1214+'Game Results'!L746+'Game Results'!L764+'Game Results'!L1466+'Game Results'!L1484+'Game Results'!L1790+'Game Results'!L1808) -> 283 | M20: =SUM('Game Results'!M69+'Game Results'!M87+'Game Results'!M393+'Game Results'!M411+'Game Results'!M537+'Game Results'!M555+'Game Results'!M854+'Game Results'!M872+'Game Results'!M1041+'Game Results'!M1059+'Game Results'!M1059+'Game Results'!M1214+'Game Results'!M746+'Game Results'!M764+'Game Results'!M1466+'Game Results'!M1484+'Game Results'!M1790+'Game Results'!M1808) -> 1938 | N20: =SUM('Game Results'!N69+'Game Results'!N87+'Game Results'!N393+'Game Results'!N411+'Game Results'!N537+'Game Results'!N555+'Game Results'!N854+'Game Results'!N872+'Game Results'!N1041+'Game Results'!N1059+'Game Results'!N1059+'Game Results'!N1214+'Game Results'!N746+'Game Results'!N764+'Game Results'!N1466+'Game Results'!N1484+'Game Results'!N1790+'Game Results'!N1808) -> 16 | O20: =SUM('Game Results'!O69+'Game Results'!O87+'Game Results'!O393+'Game Results'!O411+'Game Results'!O537+'Game Results'!O555+'Game Results'!O854+'Game Results'!O872+'Game Results'!O1041+'Game Results'!O1059+'Game Results'!O1059+'Game Results'!O1214+'Game Results'!O746+'Game Results'!O764+'Game Results'!O1466+'Game Results'!O1484+'Game Results'!O1790+'Game Results'!O1808) -> 490.43333 | P20: =SUM('Game Results'!P69+'Game Results'!P87+'Game Results'!P393+'Game Results'!P411+'Game Results'!P537+'Game Results'!P555+'Game Results'!P854+'Game Results'!P872+'Game Results'!P1041+'Game Results'!P1059+'Game Results'!P1059+'Game Results'!P1214+'Game Results'!P746+'Game Results'!P764+'Game Results'!P1466+'Game Results'!P1484+'Game Results'!P1790+'Game Results'!P1808) -> 55 | Q20: =SUM('Game Results'!Q69+'Game Results'!Q87+'Game Results'!Q393+'Game Results'!Q411+'Game Results'!Q537+'Game Results'!Q555+'Game Results'!Q854+'Game Results'!Q872+'Game Results'!Q1041+'Game Results'!Q1059+'Game Results'!Q1059+'Game Results'!Q1214+'Game Results'!Q746+'Game Results'!Q764+'Game Results'!Q1466+'Game Results'!Q1484+'Game Results'!Q1790+'Game Results'!Q1808) -> 48 | R20: =SUM('Game Results'!R69+'Game Results'!R87+'Game Results'!R393+'Game Results'!R411+'Game Results'!R537+'Game Results'!R555+'Game Results'!R854+'Game Results'!R872+'Game Results'!R1041+'Game Results'!R1059+'Game Results'!R1059+'Game Results'!R1214+'Game Results'!R746+'Game Results'!R764+'Game Results'!R1466+'Game Results'!R1484+'Game Results'!R1790+'Game Results'!R1808) -> 104 | S20: =SUM('Game Results'!S69+'Game Results'!S87+'Game Results'!S393+'Game Results'!S411+'Game Results'!S537+'Game Results'!S555+'Game Results'!S854+'Game Results'!S872+'Game Results'!S1041+'Game Results'!S1059+'Game Results'!S1059+'Game Results'!S1214+'Game Results'!S746+'Game Results'!S764+'Game Results'!S1466+'Game Results'!S1484+'Game Results'!S1790+'Game Results'!S1808) -> 29 | ... AH20: =SUM('Game Results'!AH69+'Game Results'!AH87+'Game Results'!AH393+'Game Results'!AH411+'Game Results'!AH537+'Game Results'!AH555+'Game Results'!AH854+'Game Results'!AH872+'Game Results'!AH1041+'Game Results'!AH1059+'Game Results'!AH1059+'Game Results'!AH1214+'Game Results'!AH746+'Game Results'!AH764+'Game Results'!AH1466+'Game Results'!AH1484+'Game Results'!AH1790+'Game Results'!AH1808) -> 3
A21: Junkyard Dogs | B21: caleb loves you | C21: =SUM('Game Results'!C70+'Game Results'!C88+'Game Results'!C394+'Game Results'!C412+'Game Results'!C538+'Game Results'!C556+'Game Results'!C855+'Game Results'!C873+'Game Results'!C1042+'Game Results'!C1060+'Game Results'!C1060+'Game Results'!C1215+'Game Results'!C747+'Game Results'!C765+'Game Results'!C1467+'Game Results'!C1485+'Game Results'!C1791+'Game Results'!C1809) -> 2 | D21: =SUM('Game Results'!D70+'Game Results'!D88+'Game Results'!D394+'Game Results'!D412+'Game Results'!D538+'Game Results'!D556+'Game Results'!D855+'Game Results'!D873+'Game Results'!D1042+'Game Results'!D1060+'Game Results'!D1060+'Game Results'!D1215+'Game Results'!D747+'Game Results'!D765+'Game Results'!D1467+'Game Results'!D1485+'Game Results'!D1791+'Game Results'!D1809) -> 0 | E21: =SUM('Game Results'!E70+'Game Results'!E88+'Game Results'!E394+'Game Results'!E412+'Game Results'!E538+'Game Results'!E556+'Game Results'!E855+'Game Results'!E873+'Game Results'!E1042+'Game Results'!E1060+'Game Results'!E1060+'Game Results'!E1215+'Game Results'!E747+'Game Results'!E765+'Game Results'!E1467+'Game Results'!E1485+'Game Results'!E1791+'Game Results'!E1809) -> 36 | F21: =SUM('Game Results'!F70+'Game Results'!F88+'Game Results'!F394+'Game Results'!F412+'Game Results'!F538+'Game Results'!F556+'Game Results'!F855+'Game Results'!F873+'Game Results'!F1042+'Game Results'!F1060+'Game Results'!F1060+'Game Results'!F1215+'Game Results'!F747+'Game Results'!F765+'Game Results'!F1467+'Game Results'!F1485+'Game Results'!F1791+'Game Results'!F1809) -> 0 | G21: =SUM('Game Results'!G70+'Game Results'!G88+'Game Results'!G394+'Game Results'!G412+'Game Results'!G538+'Game Results'!G556+'Game Results'!G855+'Game Results'!G873+'Game Results'!G1042+'Game Results'!G1060+'Game Results'!G1060+'Game Results'!G1215+'Game Results'!G747+'Game Results'!G765+'Game Results'!G1467+'Game Results'!G1485+'Game Results'!G1791+'Game Results'!G1809) -> 109 | H21: =SUM('Game Results'!H70+'Game Results'!H88+'Game Results'!H394+'Game Results'!H412+'Game Results'!H538+'Game Results'!H556+'Game Results'!H855+'Game Results'!H873+'Game Results'!H1042+'Game Results'!H1060+'Game Results'!H1060+'Game Results'!H1215+'Game Results'!H747+'Game Results'!H765+'Game Results'!H1467+'Game Results'!H1485+'Game Results'!H1791+'Game Results'!H1809) -> 0 | I21: =SUM('Game Results'!I70+'Game Results'!I88+'Game Results'!I394+'Game Results'!I412+'Game Results'!I538+'Game Results'!I556+'Game Results'!I855+'Game Results'!I873+'Game Results'!I1042+'Game Results'!I1060+'Game Results'!I1060+'Game Results'!I1215+'Game Results'!I747+'Game Results'!I765+'Game Results'!I1467+'Game Results'!I1485+'Game Results'!I1791+'Game Results'!I1809) -> 115 | J21: =SUM('Game Results'!J70+'Game Results'!J88+'Game Results'!J394+'Game Results'!J412+'Game Results'!J538+'Game Results'!J556+'Game Results'!J855+'Game Results'!J873+'Game Results'!J1042+'Game Results'!J1060+'Game Results'!J1060+'Game Results'!J1215+'Game Results'!J747+'Game Results'!J765+'Game Results'!J1467+'Game Results'!J1485+'Game Results'!J1791+'Game Results'!J1809) -> -6 | K21: =SUM(G21/I21) -> 0.94782609 | L21: =SUM('Game Results'!L70+'Game Results'!L88+'Game Results'!L394+'Game Results'!L412+'Game Results'!L538+'Game Results'!L556+'Game Results'!L855+'Game Results'!L873+'Game Results'!L1042+'Game Results'!L1060+'Game Results'!L1060+'Game Results'!L1215+'Game Results'!L747+'Game Results'!L765+'Game Results'!L1467+'Game Results'!L1485+'Game Results'!L1791+'Game Results'!L1809) -> 31 | M21: =SUM('Game Results'!M70+'Game Results'!M88+'Game Results'!M394+'Game Results'!M412+'Game Results'!M538+'Game Results'!M556+'Game Results'!M855+'Game Results'!M873+'Game Results'!M1042+'Game Results'!M1060+'Game Results'!M1060+'Game Results'!M1215+'Game Results'!M747+'Game Results'!M765+'Game Results'!M1467+'Game Results'!M1485+'Game Results'!M1791+'Game Results'!M1809) -> 130 | N21: =SUM('Game Results'!N70+'Game Results'!N88+'Game Results'!N394+'Game Results'!N412+'Game Results'!N538+'Game Results'!N556+'Game Results'!N855+'Game Results'!N873+'Game Results'!N1042+'Game Results'!N1060+'Game Results'!N1060+'Game Results'!N1215+'Game Results'!N747+'Game Results'!N765+'Game Results'!N1467+'Game Results'!N1485+'Game Results'!N1791+'Game Results'!N1809) -> 2 | O21: =SUM('Game Results'!O70+'Game Results'!O88+'Game Results'!O394+'Game Results'!O412+'Game Results'!O538+'Game Results'!O556+'Game Results'!O855+'Game Results'!O873+'Game Results'!O1042+'Game Results'!O1060+'Game Results'!O1060+'Game Results'!O1215+'Game Results'!O747+'Game Results'!O765+'Game Results'!O1467+'Game Results'!O1485+'Game Results'!O1791+'Game Results'!O1809) -> 36 | P21: =SUM('Game Results'!P70+'Game Results'!P88+'Game Results'!P394+'Game Results'!P412+'Game Results'!P538+'Game Results'!P556+'Game Results'!P855+'Game Results'!P873+'Game Results'!P1042+'Game Results'!P1060+'Game Results'!P1060+'Game Results'!P1215+'Game Results'!P747+'Game Results'!P765+'Game Results'!P1467+'Game Results'!P1485+'Game Results'!P1791+'Game Results'!P1809) -> 2 | Q21: =SUM('Game Results'!Q70+'Game Results'!Q88+'Game Results'!Q394+'Game Results'!Q412+'Game Results'!Q538+'Game Results'!Q556+'Game Results'!Q855+'Game Results'!Q873+'Game Results'!Q1042+'Game Results'!Q1060+'Game Results'!Q1060+'Game Results'!Q1215+'Game Results'!Q747+'Game Results'!Q765+'Game Results'!Q1467+'Game Results'!Q1485+'Game Results'!Q1791+'Game Results'!Q1809) -> 2 | R21: =SUM('Game Results'!R70+'Game Results'!R88+'Game Results'!R394+'Game Results'!R412+'Game Results'!R538+'Game Results'!R556+'Game Results'!R855+'Game Results'!R873+'Game Results'!R1042+'Game Results'!R1060+'Game Results'!R1060+'Game Results'!R1215+'Game Results'!R747+'Game Results'!R765+'Game Results'!R1467+'Game Results'!R1485+'Game Results'!R1791+'Game Results'!R1809) -> 7 | S21: =SUM('Game Results'!S70+'Game Results'!S88+'Game Results'!S394+'Game Results'!S412+'Game Results'!S538+'Game Results'!S556+'Game Results'!S855+'Game Results'!S873+'Game Results'!S1042+'Game Results'!S1060+'Game Results'!S1060+'Game Results'!S1215+'Game Results'!S747+'Game Results'!S765+'Game Results'!S1467+'Game Results'!S1485+'Game Results'!S1791+'Game Results'!S1809) -> 2 | ... AH21: =SUM('Game Results'!AH70+'Game Results'!AH88+'Game Results'!AH394+'Game Results'!AH412+'Game Results'!AH538+'Game Results'!AH556+'Game Results'!AH855+'Game Results'!AH873+'Game Results'!AH1042+'Game Results'!AH1060+'Game Results'!AH1060+'Game Results'!AH1215+'Game Results'!AH747+'Game Results'!AH765+'Game Results'!AH1467+'Game Results'!AH1485+'Game Results'!AH1791+'Game Results'!AH1809) -> 0
A22: Junkyard Dogs | B22: Zeg/Priest | C22: =SUM('Game Results'!C71+'Game Results'!C89+'Game Results'!C395+'Game Results'!C413+'Game Results'!C539+'Game Results'!C557+'Game Results'!C856+'Game Results'!C874+'Game Results'!C1043+'Game Results'!C1061+'Game Results'!C1061+'Game Results'!C1216+'Game Results'!C748+'Game Results'!C766+'Game Results'!C1468+'Game Results'!C1486+'Game Results'!C1792+'Game Results'!C1810) -> 2 | D22: =SUM('Game Results'!D71+'Game Results'!D89+'Game Results'!D395+'Game Results'!D413+'Game Results'!D539+'Game Results'!D557+'Game Results'!D856+'Game Results'!D874+'Game Results'!D1043+'Game Results'!D1061+'Game Results'!D1061+'Game Results'!D1216+'Game Results'!D748+'Game Results'!D766+'Game Results'!D1468+'Game Results'!D1486+'Game Results'!D1792+'Game Results'!D1810) -> 0 | E22: =SUM('Game Results'!E71+'Game Results'!E89+'Game Results'!E395+'Game Results'!E413+'Game Results'!E539+'Game Results'!E557+'Game Results'!E856+'Game Results'!E874+'Game Results'!E1043+'Game Results'!E1061+'Game Results'!E1061+'Game Results'!E1216+'Game Results'!E748+'Game Results'!E766+'Game Results'!E1468+'Game Results'!E1486+'Game Results'!E1792+'Game Results'!E1810) -> 36 | F22: =SUM('Game Results'!F71+'Game Results'!F89+'Game Results'!F395+'Game Results'!F413+'Game Results'!F539+'Game Results'!F557+'Game Results'!F856+'Game Results'!F874+'Game Results'!F1043+'Game Results'!F1061+'Game Results'!F1061+'Game Results'!F1216+'Game Results'!F748+'Game Results'!F766+'Game Results'!F1468+'Game Results'!F1486+'Game Results'!F1792+'Game Results'!F1810) -> 0 | G22: =SUM('Game Results'!G71+'Game Results'!G89+'Game Results'!G395+'Game Results'!G413+'Game Results'!G539+'Game Results'!G557+'Game Results'!G856+'Game Results'!G874+'Game Results'!G1043+'Game Results'!G1061+'Game Results'!G1061+'Game Results'!G1216+'Game Results'!G748+'Game Results'!G766+'Game Results'!G1468+'Game Results'!G1486+'Game Results'!G1792+'Game Results'!G1810) -> 102 | H22: =SUM('Game Results'!H71+'Game Results'!H89+'Game Results'!H395+'Game Results'!H413+'Game Results'!H539+'Game Results'!H557+'Game Results'!H856+'Game Results'!H874+'Game Results'!H1043+'Game Results'!H1061+'Game Results'!H1061+'Game Results'!H1216+'Game Results'!H748+'Game Results'!H766+'Game Results'!H1468+'Game Results'!H1486+'Game Results'!H1792+'Game Results'!H1810) -> 3 | I22: =SUM('Game Results'!I71+'Game Results'!I89+'Game Results'!I395+'Game Results'!I413+'Game Results'!I539+'Game Results'!I557+'Game Results'!I856+'Game Results'!I874+'Game Results'!I1043+'Game Results'!I1061+'Game Results'!I1061+'Game Results'!I1216+'Game Results'!I748+'Game Results'!I766+'Game Results'!I1468+'Game Results'!I1486+'Game Results'!I1792+'Game Results'!I1810) -> 115 | J22: =SUM('Game Results'!J71+'Game Results'!J89+'Game Results'!J395+'Game Results'!J413+'Game Results'!J539+'Game Results'!J557+'Game Results'!J856+'Game Results'!J874+'Game Results'!J1043+'Game Results'!J1061+'Game Results'!J1061+'Game Results'!J1216+'Game Results'!J748+'Game Results'!J766+'Game Results'!J1468+'Game Results'!J1486+'Game Results'!J1792+'Game Results'!J1810) -> -13 | K22: =SUM(G22/I22) -> 0.88695652 | L22: =SUM('Game Results'!L71+'Game Results'!L89+'Game Results'!L395+'Game Results'!L413+'Game Results'!L539+'Game Results'!L557+'Game Results'!L856+'Game Results'!L874+'Game Results'!L1043+'Game Results'!L1061+'Game Results'!L1061+'Game Results'!L1216+'Game Results'!L748+'Game Results'!L766+'Game Results'!L1468+'Game Results'!L1486+'Game Results'!L1792+'Game Results'!L1810) -> 30 | M22: =SUM('Game Results'!M71+'Game Results'!M89+'Game Results'!M395+'Game Results'!M413+'Game Results'!M539+'Game Results'!M557+'Game Results'!M856+'Game Results'!M874+'Game Results'!M1043+'Game Results'!M1061+'Game Results'!M1061+'Game Results'!M1216+'Game Results'!M748+'Game Results'!M766+'Game Results'!M1468+'Game Results'!M1486+'Game Results'!M1792+'Game Results'!M1810) -> 138 | N22: =SUM('Game Results'!N71+'Game Results'!N89+'Game Results'!N395+'Game Results'!N413+'Game Results'!N539+'Game Results'!N557+'Game Results'!N856+'Game Results'!N874+'Game Results'!N1043+'Game Results'!N1061+'Game Results'!N1061+'Game Results'!N1216+'Game Results'!N748+'Game Results'!N766+'Game Results'!N1468+'Game Results'!N1486+'Game Results'!N1792+'Game Results'!N1810) -> 2 | O22: =SUM('Game Results'!O71+'Game Results'!O89+'Game Results'!O395+'Game Results'!O413+'Game Results'!O539+'Game Results'!O557+'Game Results'!O856+'Game Results'!O874+'Game Results'!O1043+'Game Results'!O1061+'Game Results'!O1061+'Game Results'!O1216+'Game Results'!O748+'Game Results'!O766+'Game Results'!O1468+'Game Results'!O1486+'Game Results'!O1792+'Game Results'!O1810) -> 36 | P22: =SUM('Game Results'!P71+'Game Results'!P89+'Game Results'!P395+'Game Results'!P413+'Game Results'!P539+'Game Results'!P557+'Game Results'!P856+'Game Results'!P874+'Game Results'!P1043+'Game Results'!P1061+'Game Results'!P1061+'Game Results'!P1216+'Game Results'!P748+'Game Results'!P766+'Game Results'!P1468+'Game Results'!P1486+'Game Results'!P1792+'Game Results'!P1810) -> 7 | Q22: =SUM('Game Results'!Q71+'Game Results'!Q89+'Game Results'!Q395+'Game Results'!Q413+'Game Results'!Q539+'Game Results'!Q557+'Game Results'!Q856+'Game Results'!Q874+'Game Results'!Q1043+'Game Results'!Q1061+'Game Results'!Q1061+'Game Results'!Q1216+'Game Results'!Q748+'Game Results'!Q766+'Game Results'!Q1468+'Game Results'!Q1486+'Game Results'!Q1792+'Game Results'!Q1810) -> 3 | R22: =SUM('Game Results'!R71+'Game Results'!R89+'Game Results'!R395+'Game Results'!R413+'Game Results'!R539+'Game Results'!R557+'Game Results'!R856+'Game Results'!R874+'Game Results'!R1043+'Game Results'!R1061+'Game Results'!R1061+'Game Results'!R1216+'Game Results'!R748+'Game Results'!R766+'Game Results'!R1468+'Game Results'!R1486+'Game Results'!R1792+'Game Results'!R1810) -> 2 | S22: =SUM('Game Results'!S71+'Game Results'!S89+'Game Results'!S395+'Game Results'!S413+'Game Results'!S539+'Game Results'!S557+'Game Results'!S856+'Game Results'!S874+'Game Results'!S1043+'Game Results'!S1061+'Game Results'!S1061+'Game Results'!S1216+'Game Results'!S748+'Game Results'!S766+'Game Results'!S1468+'Game Results'!S1486+'Game Results'!S1792+'Game Results'!S1810) -> 3 | ... AH22: =SUM('Game Results'!AH71+'Game Results'!AH89+'Game Results'!AH395+'Game Results'!AH413+'Game Results'!AH539+'Game Results'!AH557+'Game Results'!AH856+'Game Results'!AH874+'Game Results'!AH1043+'Game Results'!AH1061+'Game Results'!AH1061+'Game Results'!AH1216+'Game Results'!AH748+'Game Results'!AH766+'Game Results'!AH1468+'Game Results'!AH1486+'Game Results'!AH1792+'Game Results'!AH1810) -> 0
A23: Totals: | C23: =SUM(C17:C22)/4 -> 18 | D23: =SUM(D17:D22)/4 -> 6 | E23: =SUM(E17:E22)/4 -> 526.52083 | F23: =SUM(F17:F22) -> 57 | G23: =SUM(G17:G22) -> 7385 | H23: =SUM(H17:H22) -> 39 | I23: =SUM(I17:I22) -> 7310 | J23: =SUM(J17:J22) -> 75 | K23: =SUM(G23/I23) -> 1.0102599 | L23: =SUM(L17:L22)/4 -> 286.25 | M23: =SUM(M17:M22) -> 9551 | N23: =SUM(N17:N22)/4 -> 18 | O23: =SUM(O16:O22) -> 5552.3167 | P23: =SUM(P17:P22) -> 317 | Q23: =SUM(Q17:Q22) -> 196 | R23: =SUM(R17:R22) -> 417 | S23: =SUM(S17:S22) -> 129 | T23: =SUM(T17:T22) -> 1068 | U23: =SUM(U17:U22) -> 200 | V23: =SUM(V17:V22) -> 48 | W23: =SUM(W17:W22) -> 11 | ... AH23: =SUM(AH17:AH22) -> 14
A24: 9th Wonders | B24: x Zeg x | C24: =SUM('Game Results'!C167+'Game Results'!C192+'Game Results'!C239+'Game Results'!C383+'Game Results'!C401+'Game Results'!C570+'Game Results'!C588+'Game Results'!C815+'Game Results'!C833+'Game Results'!C1103+'Game Results'!C1121+'Game Results'!C1301+'Game Results'!C1283+'Game Results'!C1427+'Game Results'!C1445+'Game Results'!C1499+'Game Results'!C1517+'Game Results'!C264) -> 18 | D24: =SUM('Game Results'!D167+'Game Results'!D192+'Game Results'!D239+'Game Results'!D383+'Game Results'!D401+'Game Results'!D570+'Game Results'!D588+'Game Results'!D815+'Game Results'!D833+'Game Results'!D1103+'Game Results'!D1121+'Game Results'!D1301+'Game Results'!D1283+'Game Results'!D1427+'Game Results'!D1445+'Game Results'!D1499+'Game Results'!D1517+'Game Results'!D264) -> 10 | E24: =SUM('Game Results'!E167+'Game Results'!E192+'Game Results'!E239+'Game Results'!E383+'Game Results'!E401+'Game Results'!E570+'Game Results'!E588+'Game Results'!E815+'Game Results'!E833+'Game Results'!E1103+'Game Results'!E1121+'Game Results'!E1301+'Game Results'!E1283+'Game Results'!E1427+'Game Results'!E1445+'Game Results'!E1499+'Game Results'!E1517+'Game Results'!E264) -> 498.28333 | F24: =SUM('Game Results'!F167+'Game Results'!F192+'Game Results'!F239+'Game Results'!F383+'Game Results'!F401+'Game Results'!F570+'Game Results'!F588+'Game Results'!F815+'Game Results'!F833+'Game Results'!F1103+'Game Results'!F1121+'Game Results'!F1301+'Game Results'!F1283+'Game Results'!F1427+'Game Results'!F1445+'Game Results'!F1499+'Game Results'!F1517+'Game Results'!F264) -> 13 | G24: =SUM('Game Results'!G167+'Game Results'!G192+'Game Results'!G239+'Game Results'!G383+'Game Results'!G401+'Game Results'!G570+'Game Results'!G588+'Game Results'!G815+'Game Results'!G833+'Game Results'!G1103+'Game Results'!G1121+'Game Results'!G1301+'Game Results'!G1283+'Game Results'!G1427+'Game Results'!G1445+'Game Results'!G1499+'Game Results'!G1517+'Game Results'!G264) -> 1594 | H24: =SUM('Game Results'!H167+'Game Results'!H192+'Game Results'!H239+'Game Results'!H383+'Game Results'!H401+'Game Results'!H570+'Game Results'!H588+'Game Results'!H815+'Game Results'!H833+'Game Results'!H1103+'Game Results'!H1121+'Game Results'!H1301+'Game Results'!H1283+'Game Results'!H1427+'Game Results'!H1445+'Game Results'!H1499+'Game Results'!H1517+'Game Results'!H264) -> 12 | I24: =SUM('Game Results'!I167+'Game Results'!I192+'Game Results'!I239+'Game Results'!I383+'Game Results'!I401+'Game Results'!I570+'Game Results'!I588+'Game Results'!I815+'Game Results'!I833+'Game Results'!I1103+'Game Results'!I1121+'Game Results'!I1301+'Game Results'!I1283+'Game Results'!I1427+'Game Results'!I1445+'Game Results'!I1499+'Game Results'!I1517+'Game Results'!I264) -> 1585 | J24: =SUM('Game Results'!J167+'Game Results'!J192+'Game Results'!J239+'Game Results'!J383+'Game Results'!J401+'Game Results'!J570+'Game Results'!J588+'Game Results'!J815+'Game Results'!J833+'Game Results'!J1103+'Game Results'!J1121+'Game Results'!J1301+'Game Results'!J1283+'Game Results'!J1427+'Game Results'!J1445+'Game Results'!J1499+'Game Results'!J1517+'Game Results'!J264) -> 9 | K24: =SUM(G24/I24) -> 1.0056782 | L24: =SUM('Game Results'!L167+'Game Results'!L192+'Game Results'!L239+'Game Results'!L383+'Game Results'!L401+'Game Results'!L570+'Game Results'!L588+'Game Results'!L815+'Game Results'!L833+'Game Results'!L1103+'Game Results'!L1121+'Game Results'!L1301+'Game Results'!L1283+'Game Results'!L1427+'Game Results'!L1445+'Game Results'!L1499+'Game Results'!L1517+'Game Results'!L264) -> 302 | M24: =SUM('Game Results'!M167+'Game Results'!M192+'Game Results'!M239+'Game Results'!M383+'Game Results'!M401+'Game Results'!M570+'Game Results'!M588+'Game Results'!M815+'Game Results'!M833+'Game Results'!M1103+'Game Results'!M1121+'Game Results'!M1301+'Game Results'!M1283+'Game Results'!M1427+'Game Results'!M1445+'Game Results'!M1499+'Game Results'!M1517+'Game Results'!M264) -> 1845 | N24: =SUM('Game Results'!N167+'Game Results'!N192+'Game Results'!N239+'Game Results'!N383+'Game Results'!N401+'Game Results'!N570+'Game Results'!N588+'Game Results'!N815+'Game Results'!N833+'Game Results'!N1103+'Game Results'!N1121+'Game Results'!N1301+'Game Results'!N1283+'Game Results'!N1427+'Game Results'!N1445+'Game Results'!N1499+'Game Results'!N1517+'Game Results'!N264) -> 17 | O24: =SUM('Game Results'!O167+'Game Results'!O192+'Game Results'!O239+'Game Results'!O383+'Game Results'!O401+'Game Results'!O570+'Game Results'!O588+'Game Results'!O815+'Game Results'!O833+'Game Results'!O1103+'Game Results'!O1121+'Game Results'!O1301+'Game Results'!O1283+'Game Results'!O1427+'Game Results'!O1445+'Game Results'!O1499+'Game Results'!O1517+'Game Results'!O264) -> 498.28333 | P24: =SUM('Game Results'!P167+'Game Results'!P192+'Game Results'!P239+'Game Results'!P383+'Game Results'!P401+'Game Results'!P570+'Game Results'!P588+'Game Results'!P815+'Game Results'!P833+'Game Results'!P1103+'Game Results'!P1121+'Game Results'!P1301+'Game Results'!P1283+'Game Results'!P1427+'Game Results'!P1445+'Game Results'!P1499+'Game Results'!P1517+'Game Results'!P264) -> 54 | Q24: =SUM('Game Results'!Q167+'Game Results'!Q192+'Game Results'!Q239+'Game Results'!Q383+'Game Results'!Q401+'Game Results'!Q570+'Game Results'!Q588+'Game Results'!Q815+'Game Results'!Q833+'Game Results'!Q1103+'Game Results'!Q1121+'Game Results'!Q1301+'Game Results'!Q1283+'Game Results'!Q1427+'Game Results'!Q1445+'Game Results'!Q1499+'Game Results'!Q1517+'Game Results'!Q264) -> 22 | R24: =SUM('Game Results'!R167+'Game Results'!R192+'Game Results'!R239+'Game Results'!R383+'Game Results'!R401+'Game Results'!R570+'Game Results'!R588+'Game Results'!R815+'Game Results'!R833+'Game Results'!R1103+'Game Results'!R1121+'Game Results'!R1301+'Game Results'!R1283+'Game Results'!R1427+'Game Results'!R1445+'Game Results'!R1499+'Game Results'!R1517+'Game Results'!R264) -> 116 | S24: =SUM('Game Results'!S167+'Game Results'!S192+'Game Results'!S239+'Game Results'!S383+'Game Results'!S401+'Game Results'!S570+'Game Results'!S588+'Game Results'!S815+'Game Results'!S833+'Game Results'!S1103+'Game Results'!S1121+'Game Results'!S1301+'Game Results'!S1283+'Game Results'!S1427+'Game Results'!S1445+'Game Results'!S1499+'Game Results'!S1517+'Game Results'!S264) -> 35 | ... AH24: =SUM('Game Results'!AH167+'Game Results'!AH192+'Game Results'!AH239+'Game Results'!AH383+'Game Results'!AH401+'Game Results'!AH570+'Game Results'!AH588+'Game Results'!AH815+'Game Results'!AH833+'Game Results'!AH1103+'Game Results'!AH1121+'Game Results'!AH1301+'Game Results'!AH1283+'Game Results'!AH1427+'Game Results'!AH1445+'Game Results'!AH1499+'Game Results'!AH1517+'Game Results'!AH264) -> 0
A25: 9th Wonders | B25: T RICH DA KING | C25: =SUM('Game Results'!C168+'Game Results'!C193+'Game Results'!C240+'Game Results'!C384+'Game Results'!C402+'Game Results'!C571+'Game Results'!C589+'Game Results'!C816+'Game Results'!C834+'Game Results'!C1104+'Game Results'!C1122+'Game Results'!C1302+'Game Results'!C1284+'Game Results'!C1428+'Game Results'!C1446+'Game Results'!C1500+'Game Results'!C1518+'Game Results'!C265) -> 18 | D25: =SUM('Game Results'!D168+'Game Results'!D193+'Game Results'!D240+'Game Results'!D384+'Game Results'!D402+'Game Results'!D571+'Game Results'!D589+'Game Results'!D816+'Game Results'!D834+'Game Results'!D1104+'Game Results'!D1122+'Game Results'!D1302+'Game Results'!D1284+'Game Results'!D1428+'Game Results'!D1446+'Game Results'!D1500+'Game Results'!D1518+'Game Results'!D265) -> 10 | E25: =SUM('Game Results'!E168+'Game Results'!E193+'Game Results'!E240+'Game Results'!E384+'Game Results'!E402+'Game Results'!E571+'Game Results'!E589+'Game Results'!E816+'Game Results'!E834+'Game Results'!E1104+'Game Results'!E1122+'Game Results'!E1302+'Game Results'!E1284+'Game Results'!E1428+'Game Results'!E1446+'Game Results'!E1500+'Game Results'!E1518+'Game Results'!E265) -> 496.03333 | F25: =SUM('Game Results'!F168+'Game Results'!F193+'Game Results'!F240+'Game Results'!F384+'Game Results'!F402+'Game Results'!F571+'Game Results'!F589+'Game Results'!F816+'Game Results'!F834+'Game Results'!F1104+'Game Results'!F1122+'Game Results'!F1302+'Game Results'!F1284+'Game Results'!F1428+'Game Results'!F1446+'Game Results'!F1500+'Game Results'!F1518+'Game Results'!F265) -> 4 | G25: =SUM('Game Results'!G168+'Game Results'!G193+'Game Results'!G240+'Game Results'!G384+'Game Results'!G402+'Game Results'!G571+'Game Results'!G589+'Game Results'!G816+'Game Results'!G834+'Game Results'!G1104+'Game Results'!G1122+'Game Results'!G1302+'Game Results'!G1284+'Game Results'!G1428+'Game Results'!G1446+'Game Results'!G1500+'Game Results'!G1518+'Game Results'!G265) -> 1785 | H25: =SUM('Game Results'!H168+'Game Results'!H193+'Game Results'!H240+'Game Results'!H384+'Game Results'!H402+'Game Results'!H571+'Game Results'!H589+'Game Results'!H816+'Game Results'!H834+'Game Results'!H1104+'Game Results'!H1122+'Game Results'!H1302+'Game Results'!H1284+'Game Results'!H1428+'Game Results'!H1446+'Game Results'!H1500+'Game Results'!H1518+'Game Results'!H265) -> 9 | I25: =SUM('Game Results'!I168+'Game Results'!I193+'Game Results'!I240+'Game Results'!I384+'Game Results'!I402+'Game Results'!I571+'Game Results'!I589+'Game Results'!I816+'Game Results'!I834+'Game Results'!I1104+'Game Results'!I1122+'Game Results'!I1302+'Game Results'!I1284+'Game Results'!I1428+'Game Results'!I1446+'Game Results'!I1500+'Game Results'!I1518+'Game Results'!I265) -> 1524 | J25: =SUM('Game Results'!J168+'Game Results'!J193+'Game Results'!J240+'Game Results'!J384+'Game Results'!J402+'Game Results'!J571+'Game Results'!J589+'Game Results'!J816+'Game Results'!J834+'Game Results'!J1104+'Game Results'!J1122+'Game Results'!J1302+'Game Results'!J1284+'Game Results'!J1428+'Game Results'!J1446+'Game Results'!J1500+'Game Results'!J1518+'Game Results'!J265) -> 261 | K25: =SUM(G25/I25) -> 1.1712598 | L25: =SUM('Game Results'!L168+'Game Results'!L193+'Game Results'!L240+'Game Results'!L384+'Game Results'!L402+'Game Results'!L571+'Game Results'!L589+'Game Results'!L816+'Game Results'!L834+'Game Results'!L1104+'Game Results'!L1122+'Game Results'!L1302+'Game Results'!L1284+'Game Results'!L1428+'Game Results'!L1446+'Game Results'!L1500+'Game Results'!L1518+'Game Results'!L265) -> 285 | M25: =SUM('Game Results'!M168+'Game Results'!M193+'Game Results'!M240+'Game Results'!M384+'Game Results'!M402+'Game Results'!M571+'Game Results'!M589+'Game Results'!M816+'Game Results'!M834+'Game Results'!M1104+'Game Results'!M1122+'Game Results'!M1302+'Game Results'!M1284+'Game Results'!M1428+'Game Results'!M1446+'Game Results'!M1500+'Game Results'!M1518+'Game Results'!M265) -> 2091 | N25: =SUM('Game Results'!N168+'Game Results'!N193+'Game Results'!N240+'Game Results'!N384+'Game Results'!N402+'Game Results'!N571+'Game Results'!N589+'Game Results'!N816+'Game Results'!N834+'Game Results'!N1104+'Game Results'!N1122+'Game Results'!N1302+'Game Results'!N1284+'Game Results'!N1428+'Game Results'!N1446+'Game Results'!N1500+'Game Results'!N1518+'Game Results'!N265) -> 17 | O25: =SUM('Game Results'!O168+'Game Results'!O193+'Game Results'!O240+'Game Results'!O384+'Game Results'!O402+'Game Results'!O571+'Game Results'!O589+'Game Results'!O816+'Game Results'!O834+'Game Results'!O1104+'Game Results'!O1122+'Game Results'!O1302+'Game Results'!O1284+'Game Results'!O1428+'Game Results'!O1446+'Game Results'!O1500+'Game Results'!O1518+'Game Results'!O265) -> 496.03333 | P25: =SUM('Game Results'!P168+'Game Results'!P193+'Game Results'!P240+'Game Results'!P384+'Game Results'!P402+'Game Results'!P571+'Game Results'!P589+'Game Results'!P816+'Game Results'!P834+'Game Results'!P1104+'Game Results'!P1122+'Game Results'!P1302+'Game Results'!P1284+'Game Results'!P1428+'Game Results'!P1446+'Game Results'!P1500+'Game Results'!P1518+'Game Results'!P265) -> 73 | Q25: =SUM('Game Results'!Q168+'Game Results'!Q193+'Game Results'!Q240+'Game Results'!Q384+'Game Results'!Q402+'Game Results'!Q571+'Game Results'!Q589+'Game Results'!Q816+'Game Results'!Q834+'Game Results'!Q1104+'Game Results'!Q1122+'Game Results'!Q1302+'Game Results'!Q1284+'Game Results'!Q1428+'Game Results'!Q1446+'Game Results'!Q1500+'Game Results'!Q1518+'Game Results'!Q265) -> 59 | R25: =SUM('Game Results'!R168+'Game Results'!R193+'Game Results'!R240+'Game Results'!R384+'Game Results'!R402+'Game Results'!R571+'Game Results'!R589+'Game Results'!R816+'Game Results'!R834+'Game Results'!R1104+'Game Results'!R1122+'Game Results'!R1302+'Game Results'!R1284+'Game Results'!R1428+'Game Results'!R1446+'Game Results'!R1500+'Game Results'!R1518+'Game Results'!R265) -> 121 | S25: =SUM('Game Results'!S168+'Game Results'!S193+'Game Results'!S240+'Game Results'!S384+'Game Results'!S402+'Game Results'!S571+'Game Results'!S589+'Game Results'!S816+'Game Results'!S834+'Game Results'!S1104+'Game Results'!S1122+'Game Results'!S1302+'Game Results'!S1284+'Game Results'!S1428+'Game Results'!S1446+'Game Results'!S1500+'Game Results'!S1518+'Game Results'!S265) -> 29 | ... AH25: =SUM('Game Results'!AH168+'Game Results'!AH193+'Game Results'!AH240+'Game Results'!AH384+'Game Results'!AH402+'Game Results'!AH571+'Game Results'!AH589+'Game Results'!AH816+'Game Results'!AH834+'Game Results'!AH1104+'Game Results'!AH1122+'Game Results'!AH1302+'Game Results'!AH1284+'Game Results'!AH1428+'Game Results'!AH1446+'Game Results'!AH1500+'Game Results'!AH1518+'Game Results'!AH265) -> 1
A26: 9th Wonders | B26: oScet | C26: =SUM('Game Results'!C169+'Game Results'!C194+'Game Results'!C241+'Game Results'!C385+'Game Results'!C403+'Game Results'!C572+'Game Results'!C590+'Game Results'!C817+'Game Results'!C835+'Game Results'!C1105+'Game Results'!C1123+'Game Results'!C1303+'Game Results'!C1285+'Game Results'!C1429+'Game Results'!C1447+'Game Results'!C1501+'Game Results'!C1519+'Game Results'!C266) -> 18 | D26: =SUM('Game Results'!D169+'Game Results'!D194+'Game Results'!D241+'Game Results'!D385+'Game Results'!D403+'Game Results'!D572+'Game Results'!D590+'Game Results'!D817+'Game Results'!D835+'Game Results'!D1105+'Game Results'!D1123+'Game Results'!D1303+'Game Results'!D1285+'Game Results'!D1429+'Game Results'!D1447+'Game Results'!D1501+'Game Results'!D1519+'Game Results'!D266) -> 10 | E26: =SUM('Game Results'!E169+'Game Results'!E194+'Game Results'!E241+'Game Results'!E385+'Game Results'!E403+'Game Results'!E572+'Game Results'!E590+'Game Results'!E817+'Game Results'!E835+'Game Results'!E1105+'Game Results'!E1123+'Game Results'!E1303+'Game Results'!E1285+'Game Results'!E1429+'Game Results'!E1447+'Game Results'!E1501+'Game Results'!E1519+'Game Results'!E266) -> 496.6 | F26: =SUM('Game Results'!F169+'Game Results'!F194+'Game Results'!F241+'Game Results'!F385+'Game Results'!F403+'Game Results'!F572+'Game Results'!F590+'Game Results'!F817+'Game Results'!F835+'Game Results'!F1105+'Game Results'!F1123+'Game Results'!F1303+'Game Results'!F1285+'Game Results'!F1429+'Game Results'!F1447+'Game Results'!F1501+'Game Results'!F1519+'Game Results'!F266) -> 26 | G26: =SUM('Game Results'!G169+'Game Results'!G194+'Game Results'!G241+'Game Results'!G385+'Game Results'!G403+'Game Results'!G572+'Game Results'!G590+'Game Results'!G817+'Game Results'!G835+'Game Results'!G1105+'Game Results'!G1123+'Game Results'!G1303+'Game Results'!G1285+'Game Results'!G1429+'Game Results'!G1447+'Game Results'!G1501+'Game Results'!G1519+'Game Results'!G266) -> 1434 | H26: =SUM('Game Results'!H169+'Game Results'!H194+'Game Results'!H241+'Game Results'!H385+'Game Results'!H403+'Game Results'!H572+'Game Results'!H590+'Game Results'!H817+'Game Results'!H835+'Game Results'!H1105+'Game Results'!H1123+'Game Results'!H1303+'Game Results'!H1285+'Game Results'!H1429+'Game Results'!H1447+'Game Results'!H1501+'Game Results'!H1519+'Game Results'!H266) -> 5 | I26: =SUM('Game Results'!I169+'Game Results'!I194+'Game Results'!I241+'Game Results'!I385+'Game Results'!I403+'Game Results'!I572+'Game Results'!I590+'Game Results'!I817+'Game Results'!I835+'Game Results'!I1105+'Game Results'!I1123+'Game Results'!I1303+'Game Results'!I1285+'Game Results'!I1429+'Game Results'!I1447+'Game Results'!I1501+'Game Results'!I1519+'Game Results'!I266) -> 1439 | J26: =SUM('Game Results'!J169+'Game Results'!J194+'Game Results'!J241+'Game Results'!J385+'Game Results'!J403+'Game Results'!J572+'Game Results'!J590+'Game Results'!J817+'Game Results'!J835+'Game Results'!J1105+'Game Results'!J1123+'Game Results'!J1303+'Game Results'!J1285+'Game Results'!J1429+'Game Results'!J1447+'Game Results'!J1501+'Game Results'!J1519+'Game Results'!J266) -> -5 | K26: =SUM(G26/I26) -> 0.99652536 | L26: =SUM('Game Results'!L169+'Game Results'!L194+'Game Results'!L241+'Game Results'!L385+'Game Results'!L403+'Game Results'!L572+'Game Results'!L590+'Game Results'!L817+'Game Results'!L835+'Game Results'!L1105+'Game Results'!L1123+'Game Results'!L1303+'Game Results'!L1285+'Game Results'!L1429+'Game Results'!L1447+'Game Results'!L1501+'Game Results'!L1519+'Game Results'!L266) -> 311 | M26: =SUM('Game Results'!M169+'Game Results'!M194+'Game Results'!M241+'Game Results'!M385+'Game Results'!M403+'Game Results'!M572+'Game Results'!M590+'Game Results'!M817+'Game Results'!M835+'Game Results'!M1105+'Game Results'!M1123+'Game Results'!M1303+'Game Results'!M1285+'Game Results'!M1429+'Game Results'!M1447+'Game Results'!M1501+'Game Results'!M1519+'Game Results'!M266) -> 1741 | N26: =SUM('Game Results'!N169+'Game Results'!N194+'Game Results'!N241+'Game Results'!N385+'Game Results'!N403+'Game Results'!N572+'Game Results'!N590+'Game Results'!N817+'Game Results'!N835+'Game Results'!N1105+'Game Results'!N1123+'Game Results'!N1303+'Game Results'!N1285+'Game Results'!N1429+'Game Results'!N1447+'Game Results'!N1501+'Game Results'!N1519+'Game Results'!N266) -> 17 | O26: =SUM('Game Results'!O169+'Game Results'!O194+'Game Results'!O241+'Game Results'!O385+'Game Results'!O403+'Game Results'!O572+'Game Results'!O590+'Game Results'!O817+'Game Results'!O835+'Game Results'!O1105+'Game Results'!O1123+'Game Results'!O1303+'Game Results'!O1285+'Game Results'!O1429+'Game Results'!O1447+'Game Results'!O1501+'Game Results'!O1519+'Game Results'!O266) -> 496.6 | P26: =SUM('Game Results'!P169+'Game Results'!P194+'Game Results'!P241+'Game Results'!P385+'Game Results'!P403+'Game Results'!P572+'Game Results'!P590+'Game Results'!P817+'Game Results'!P835+'Game Results'!P1105+'Game Results'!P1123+'Game Results'!P1303+'Game Results'!P1285+'Game Results'!P1429+'Game Results'!P1447+'Game Results'!P1501+'Game Results'!P1519+'Game Results'!P266) -> 74 | Q26: =SUM('Game Results'!Q169+'Game Results'!Q194+'Game Results'!Q241+'Game Results'!Q385+'Game Results'!Q403+'Game Results'!Q572+'Game Results'!Q590+'Game Results'!Q817+'Game Results'!Q835+'Game Results'!Q1105+'Game Results'!Q1123+'Game Results'!Q1303+'Game Results'!Q1285+'Game Results'!Q1429+'Game Results'!Q1447+'Game Results'!Q1501+'Game Results'!Q1519+'Game Results'!Q266) -> 43 | R26: =SUM('Game Results'!R169+'Game Results'!R194+'Game Results'!R241+'Game Results'!R385+'Game Results'!R403+'Game Results'!R572+'Game Results'!R590+'Game Results'!R817+'Game Results'!R835+'Game Results'!R1105+'Game Results'!R1123+'Game Results'!R1303+'Game Results'!R1285+'Game Results'!R1429+'Game Results'!R1447+'Game Results'!R1501+'Game Results'!R1519+'Game Results'!R266) -> 93 | S26: =SUM('Game Results'!S169+'Game Results'!S194+'Game Results'!S241+'Game Results'!S385+'Game Results'!S403+'Game Results'!S572+'Game Results'!S590+'Game Results'!S817+'Game Results'!S835+'Game Results'!S1105+'Game Results'!S1123+'Game Results'!S1303+'Game Results'!S1285+'Game Results'!S1429+'Game Results'!S1447+'Game Results'!S1501+'Game Results'!S1519+'Game Results'!S266) -> 32 | ... AH26: =SUM('Game Results'!AH169+'Game Results'!AH194+'Game Results'!AH241+'Game Results'!AH385+'Game Results'!AH403+'Game Results'!AH572+'Game Results'!AH590+'Game Results'!AH817+'Game Results'!AH835+'Game Results'!AH1105+'Game Results'!AH1123+'Game Results'!AH1303+'Game Results'!AH1285+'Game Results'!AH1429+'Game Results'!AH1447+'Game Results'!AH1501+'Game Results'!AH1519+'Game Results'!AH266) -> 2
A27: 9th Wonders | B27: x Greenthumb | C27: =SUM('Game Results'!C170+'Game Results'!C195+'Game Results'!C242+'Game Results'!C386+'Game Results'!C404+'Game Results'!C573+'Game Results'!C591+'Game Results'!C818+'Game Results'!C836+'Game Results'!C1106+'Game Results'!C1124+'Game Results'!C1304+'Game Results'!C1286+'Game Results'!C1430+'Game Results'!C1448+'Game Results'!C1502+'Game Results'!C1520+'Game Results'!C267) -> 7 | D27: =SUM('Game Results'!D170+'Game Results'!D195+'Game Results'!D242+'Game Results'!D386+'Game Results'!D404+'Game Results'!D573+'Game Results'!D591+'Game Results'!D818+'Game Results'!D836+'Game Results'!D1106+'Game Results'!D1124+'Game Results'!D1304+'Game Results'!D1286+'Game Results'!D1430+'Game Results'!D1448+'Game Results'!D1502+'Game Results'!D1520+'Game Results'!D267) -> 4 | E27: =SUM('Game Results'!E170+'Game Results'!E195+'Game Results'!E242+'Game Results'!E386+'Game Results'!E404+'Game Results'!E573+'Game Results'!E591+'Game Results'!E818+'Game Results'!E836+'Game Results'!E1106+'Game Results'!E1124+'Game Results'!E1304+'Game Results'!E1286+'Game Results'!E1430+'Game Results'!E1448+'Game Results'!E1502+'Game Results'!E1520+'Game Results'!E267) -> 247.98333 | F27: =SUM('Game Results'!F170+'Game Results'!F195+'Game Results'!F242+'Game Results'!F386+'Game Results'!F404+'Game Results'!F573+'Game Results'!F591+'Game Results'!F818+'Game Results'!F836+'Game Results'!F1106+'Game Results'!F1124+'Game Results'!F1304+'Game Results'!F1286+'Game Results'!F1430+'Game Results'!F1448+'Game Results'!F1502+'Game Results'!F1520+'Game Results'!F267) -> 0 | G27: =SUM('Game Results'!G170+'Game Results'!G195+'Game Results'!G242+'Game Results'!G386+'Game Results'!G404+'Game Results'!G573+'Game Results'!G591+'Game Results'!G818+'Game Results'!G836+'Game Results'!G1106+'Game Results'!G1124+'Game Results'!G1304+'Game Results'!G1286+'Game Results'!G1430+'Game Results'!G1448+'Game Results'!G1502+'Game Results'!G1520+'Game Results'!G267) -> 701 | H27: =SUM('Game Results'!H170+'Game Results'!H195+'Game Results'!H242+'Game Results'!H386+'Game Results'!H404+'Game Results'!H573+'Game Results'!H591+'Game Results'!H818+'Game Results'!H836+'Game Results'!H1106+'Game Results'!H1124+'Game Results'!H1304+'Game Results'!H1286+'Game Results'!H1430+'Game Results'!H1448+'Game Results'!H1502+'Game Results'!H1520+'Game Results'!H267) -> 3 | I27: =SUM('Game Results'!I170+'Game Results'!I195+'Game Results'!I242+'Game Results'!I386+'Game Results'!I404+'Game Results'!I573+'Game Results'!I591+'Game Results'!I818+'Game Results'!I836+'Game Results'!I1106+'Game Results'!I1124+'Game Results'!I1304+'Game Results'!I1286+'Game Results'!I1430+'Game Results'!I1448+'Game Results'!I1502+'Game Results'!I1520+'Game Results'!I267) -> 834 | J27: =SUM('Game Results'!J170+'Game Results'!J195+'Game Results'!J242+'Game Results'!J386+'Game Results'!J404+'Game Results'!J573+'Game Results'!J591+'Game Results'!J818+'Game Results'!J836+'Game Results'!J1106+'Game Results'!J1124+'Game Results'!J1304+'Game Results'!J1286+'Game Results'!J1430+'Game Results'!J1448+'Game Results'!J1502+'Game Results'!J1520+'Game Results'!J267) -> -133 | K27: =SUM(G27/I27) -> 0.84052758 | L27: =SUM('Game Results'!L170+'Game Results'!L195+'Game Results'!L242+'Game Results'!L386+'Game Results'!L404+'Game Results'!L573+'Game Results'!L591+'Game Results'!L818+'Game Results'!L836+'Game Results'!L1106+'Game Results'!L1124+'Game Results'!L1304+'Game Results'!L1286+'Game Results'!L1430+'Game Results'!L1448+'Game Results'!L1502+'Game Results'!L1520+'Game Results'!L267) -> 85 | M27: =SUM('Game Results'!M170+'Game Results'!M195+'Game Results'!M242+'Game Results'!M386+'Game Results'!M404+'Game Results'!M573+'Game Results'!M591+'Game Results'!M818+'Game Results'!M836+'Game Results'!M1106+'Game Results'!M1124+'Game Results'!M1304+'Game Results'!M1286+'Game Results'!M1430+'Game Results'!M1448+'Game Results'!M1502+'Game Results'!M1520+'Game Results'!M267) -> 888 | N27: =SUM('Game Results'!N170+'Game Results'!N195+'Game Results'!N242+'Game Results'!N386+'Game Results'!N404+'Game Results'!N573+'Game Results'!N591+'Game Results'!N818+'Game Results'!N836+'Game Results'!N1106+'Game Results'!N1124+'Game Results'!N1304+'Game Results'!N1286+'Game Results'!N1430+'Game Results'!N1448+'Game Results'!N1502+'Game Results'!N1520+'Game Results'!N267) -> 8 | O27: =SUM('Game Results'!O170+'Game Results'!O195+'Game Results'!O242+'Game Results'!O386+'Game Results'!O404+'Game Results'!O573+'Game Results'!O591+'Game Results'!O818+'Game Results'!O836+'Game Results'!O1106+'Game Results'!O1124+'Game Results'!O1304+'Game Results'!O1286+'Game Results'!O1430+'Game Results'!O1448+'Game Results'!O1502+'Game Results'!O1520+'Game Results'!O267) -> 247.98333 | P27: =SUM('Game Results'!P170+'Game Results'!P195+'Game Results'!P242+'Game Results'!P386+'Game Results'!P404+'Game Results'!P573+'Game Results'!P591+'Game Results'!P818+'Game Results'!P836+'Game Results'!P1106+'Game Results'!P1124+'Game Results'!P1304+'Game Results'!P1286+'Game Results'!P1430+'Game Results'!P1448+'Game Results'!P1502+'Game Results'!P1520+'Game Results'!P267) -> 27 | Q27: =SUM('Game Results'!Q170+'Game Results'!Q195+'Game Results'!Q242+'Game Results'!Q386+'Game Results'!Q404+'Game Results'!Q573+'Game Results'!Q591+'Game Results'!Q818+'Game Results'!Q836+'Game Results'!Q1106+'Game Results'!Q1124+'Game Results'!Q1304+'Game Results'!Q1286+'Game Results'!Q1430+'Game Results'!Q1448+'Game Results'!Q1502+'Game Results'!Q1520+'Game Results'!Q267) -> 14 | R27: =SUM('Game Results'!R170+'Game Results'!R195+'Game Results'!R242+'Game Results'!R386+'Game Results'!R404+'Game Results'!R573+'Game Results'!R591+'Game Results'!R818+'Game Results'!R836+'Game Results'!R1106+'Game Results'!R1124+'Game Results'!R1304+'Game Results'!R1286+'Game Results'!R1430+'Game Results'!R1448+'Game Results'!R1502+'Game Results'!R1520+'Game Results'!R267) -> 54 | S27: =SUM('Game Results'!S170+'Game Results'!S195+'Game Results'!S242+'Game Results'!S386+'Game Results'!S404+'Game Results'!S573+'Game Results'!S591+'Game Results'!S818+'Game Results'!S836+'Game Results'!S1106+'Game Results'!S1124+'Game Results'!S1304+'Game Results'!S1286+'Game Results'!S1430+'Game Results'!S1448+'Game Results'!S1502+'Game Results'!S1520+'Game Results'!S267) -> 14 | ... AH27: =SUM('Game Results'!AH170+'Game Results'!AH195+'Game Results'!AH242+'Game Results'!AH386+'Game Results'!AH404+'Game Results'!AH573+'Game Results'!AH591+'Game Results'!AH818+'Game Results'!AH836+'Game Results'!AH1106+'Game Results'!AH1124+'Game Results'!AH1304+'Game Results'!AH1286+'Game Results'!AH1430+'Game Results'!AH1448+'Game Results'!AH1502+'Game Results'!AH1520+'Game Results'!AH267) -> 1
A28: 9th Wonders | B28: Yuhxi | C28: =SUM('Game Results'!C171+'Game Results'!C196+'Game Results'!C243+'Game Results'!C387+'Game Results'!C405+'Game Results'!C574+'Game Results'!C592+'Game Results'!C819+'Game Results'!C837+'Game Results'!C1107+'Game Results'!C1125+'Game Results'!C1305+'Game Results'!C1287+'Game Results'!C1431+'Game Results'!C1449+'Game Results'!C1503+'Game Results'!C1521+'Game Results'!C268) -> 11 | D28: =SUM('Game Results'!D171+'Game Results'!D196+'Game Results'!D243+'Game Results'!D387+'Game Results'!D405+'Game Results'!D574+'Game Results'!D592+'Game Results'!D819+'Game Results'!D837+'Game Results'!D1107+'Game Results'!D1125+'Game Results'!D1305+'Game Results'!D1287+'Game Results'!D1431+'Game Results'!D1449+'Game Results'!D1503+'Game Results'!D1521+'Game Results'!D268) -> 6 | E28: =SUM('Game Results'!E171+'Game Results'!E196+'Game Results'!E243+'Game Results'!E387+'Game Results'!E405+'Game Results'!E574+'Game Results'!E592+'Game Results'!E819+'Game Results'!E837+'Game Results'!E1107+'Game Results'!E1125+'Game Results'!E1305+'Game Results'!E1287+'Game Results'!E1431+'Game Results'!E1449+'Game Results'!E1503+'Game Results'!E1521+'Game Results'!E268) -> 244.33333 | F28: =SUM('Game Results'!F171+'Game Results'!F196+'Game Results'!F243+'Game Results'!F387+'Game Results'!F405+'Game Results'!F574+'Game Results'!F592+'Game Results'!F819+'Game Results'!F837+'Game Results'!F1107+'Game Results'!F1125+'Game Results'!F1305+'Game Results'!F1287+'Game Results'!F1431+'Game Results'!F1449+'Game Results'!F1503+'Game Results'!F1521+'Game Results'!F268) -> 17 | G28: =SUM('Game Results'!G171+'Game Results'!G196+'Game Results'!G243+'Game Results'!G387+'Game Results'!G405+'Game Results'!G574+'Game Results'!G592+'Game Results'!G819+'Game Results'!G837+'Game Results'!G1107+'Game Results'!G1125+'Game Results'!G1305+'Game Results'!G1287+'Game Results'!G1431+'Game Results'!G1449+'Game Results'!G1503+'Game Results'!G1521+'Game Results'!G268) -> 823 | H28: =SUM('Game Results'!H171+'Game Results'!H196+'Game Results'!H243+'Game Results'!H387+'Game Results'!H405+'Game Results'!H574+'Game Results'!H592+'Game Results'!H819+'Game Results'!H837+'Game Results'!H1107+'Game Results'!H1125+'Game Results'!H1305+'Game Results'!H1287+'Game Results'!H1431+'Game Results'!H1449+'Game Results'!H1503+'Game Results'!H1521+'Game Results'!H268) -> 3 | I28: =SUM('Game Results'!I171+'Game Results'!I196+'Game Results'!I243+'Game Results'!I387+'Game Results'!I405+'Game Results'!I574+'Game Results'!I592+'Game Results'!I819+'Game Results'!I837+'Game Results'!I1107+'Game Results'!I1125+'Game Results'!I1305+'Game Results'!I1287+'Game Results'!I1431+'Game Results'!I1449+'Game Results'!I1503+'Game Results'!I1521+'Game Results'!I268) -> 984 | J28: =SUM('Game Results'!J171+'Game Results'!J196+'Game Results'!J243+'Game Results'!J387+'Game Results'!J405+'Game Results'!J574+'Game Results'!J592+'Game Results'!J819+'Game Results'!J837+'Game Results'!J1107+'Game Results'!J1125+'Game Results'!J1305+'Game Results'!J1287+'Game Results'!J1431+'Game Results'!J1449+'Game Results'!J1503+'Game Results'!J1521+'Game Results'!J268) -> -161 | K28: =SUM(G28/I28) -> 0.83638211 | L28: =SUM('Game Results'!L171+'Game Results'!L196+'Game Results'!L243+'Game Results'!L387+'Game Results'!L405+'Game Results'!L574+'Game Results'!L592+'Game Results'!L819+'Game Results'!L837+'Game Results'!L1107+'Game Results'!L1125+'Game Results'!L1305+'Game Results'!L1287+'Game Results'!L1431+'Game Results'!L1449+'Game Results'!L1503+'Game Results'!L1521+'Game Results'!L268) -> 123 | M28: =SUM('Game Results'!M171+'Game Results'!M196+'Game Results'!M243+'Game Results'!M387+'Game Results'!M405+'Game Results'!M574+'Game Results'!M592+'Game Results'!M819+'Game Results'!M837+'Game Results'!M1107+'Game Results'!M1125+'Game Results'!M1305+'Game Results'!M1287+'Game Results'!M1431+'Game Results'!M1449+'Game Results'!M1503+'Game Results'!M1521+'Game Results'!M268) -> 867 | N28: =SUM('Game Results'!N171+'Game Results'!N196+'Game Results'!N243+'Game Results'!N387+'Game Results'!N405+'Game Results'!N574+'Game Results'!N592+'Game Results'!N819+'Game Results'!N837+'Game Results'!N1107+'Game Results'!N1125+'Game Results'!N1305+'Game Results'!N1287+'Game Results'!N1431+'Game Results'!N1449+'Game Results'!N1503+'Game Results'!N1521+'Game Results'!N268) -> 8 | O28: =SUM('Game Results'!O171+'Game Results'!O196+'Game Results'!O243+'Game Results'!O387+'Game Results'!O405+'Game Results'!O574+'Game Results'!O592+'Game Results'!O819+'Game Results'!O837+'Game Results'!O1107+'Game Results'!O1125+'Game Results'!O1305+'Game Results'!O1287+'Game Results'!O1431+'Game Results'!O1449+'Game Results'!O1503+'Game Results'!O1521+'Game Results'!O268) -> 226.33333 | P28: =SUM('Game Results'!P171+'Game Results'!P196+'Game Results'!P243+'Game Results'!P387+'Game Results'!P405+'Game Results'!P574+'Game Results'!P592+'Game Results'!P819+'Game Results'!P837+'Game Results'!P1107+'Game Results'!P1125+'Game Results'!P1305+'Game Results'!P1287+'Game Results'!P1431+'Game Results'!P1449+'Game Results'!P1503+'Game Results'!P1521+'Game Results'!P268) -> 31 | Q28: =SUM('Game Results'!Q171+'Game Results'!Q196+'Game Results'!Q243+'Game Results'!Q387+'Game Results'!Q405+'Game Results'!Q574+'Game Results'!Q592+'Game Results'!Q819+'Game Results'!Q837+'Game Results'!Q1107+'Game Results'!Q1125+'Game Results'!Q1305+'Game Results'!Q1287+'Game Results'!Q1431+'Game Results'!Q1449+'Game Results'!Q1503+'Game Results'!Q1521+'Game Results'!Q268) -> 9 | R28: =SUM('Game Results'!R171+'Game Results'!R196+'Game Results'!R243+'Game Results'!R387+'Game Results'!R405+'Game Results'!R574+'Game Results'!R592+'Game Results'!R819+'Game Results'!R837+'Game Results'!R1107+'Game Results'!R1125+'Game Results'!R1305+'Game Results'!R1287+'Game Results'!R1431+'Game Results'!R1449+'Game Results'!R1503+'Game Results'!R1521+'Game Results'!R268) -> 30 | S28: =SUM('Game Results'!S171+'Game Results'!S196+'Game Results'!S243+'Game Results'!S387+'Game Results'!S405+'Game Results'!S574+'Game Results'!S592+'Game Results'!S819+'Game Results'!S837+'Game Results'!S1107+'Game Results'!S1125+'Game Results'!S1305+'Game Results'!S1287+'Game Results'!S1431+'Game Results'!S1449+'Game Results'!S1503+'Game Results'!S1521+'Game Results'!S268) -> 14 | ... AH28: =SUM('Game Results'!AH171+'Game Results'!AH196+'Game Results'!AH243+'Game Results'!AH387+'Game Results'!AH405+'Game Results'!AH574+'Game Results'!AH592+'Game Results'!AH819+'Game Results'!AH837+'Game Results'!AH1107+'Game Results'!AH1125+'Game Results'!AH1305+'Game Results'!AH1287+'Game Results'!AH1431+'Game Results'!AH1449+'Game Results'!AH1503+'Game Results'!AH1521+'Game Results'!AH268) -> 0
A29: 9th Wonders | C29: =SUM('Game Results'!C172+'Game Results'!C197+'Game Results'!C244+'Game Results'!C388+'Game Results'!C406+'Game Results'!C575+'Game Results'!C593+'Game Results'!C820+'Game Results'!C838+'Game Results'!C1108+'Game Results'!C1126+'Game Results'!C1306+'Game Results'!C1288+'Game Results'!C1432+'Game Results'!C1450+'Game Results'!C1504+'Game Results'!C1522+'Game Results'!C269) -> 0 | D29: =SUM('Game Results'!D172+'Game Results'!D197+'Game Results'!D244+'Game Results'!D388+'Game Results'!D406+'Game Results'!D575+'Game Results'!D593+'Game Results'!D820+'Game Results'!D838+'Game Results'!D1108+'Game Results'!D1126+'Game Results'!D1306+'Game Results'!D1288+'Game Results'!D1432+'Game Results'!D1450+'Game Results'!D1504+'Game Results'!D1522+'Game Results'!D269) -> 0 | E29: =SUM('Game Results'!E172+'Game Results'!E197+'Game Results'!E244+'Game Results'!E388+'Game Results'!E406+'Game Results'!E575+'Game Results'!E593+'Game Results'!E820+'Game Results'!E838+'Game Results'!E1108+'Game Results'!E1126+'Game Results'!E1306+'Game Results'!E1288+'Game Results'!E1432+'Game Results'!E1450+'Game Results'!E1504+'Game Results'!E1522+'Game Results'!E269) -> 0 | F29: =SUM('Game Results'!F172+'Game Results'!F197+'Game Results'!F244+'Game Results'!F388+'Game Results'!F406+'Game Results'!F575+'Game Results'!F593+'Game Results'!F820+'Game Results'!F838+'Game Results'!F1108+'Game Results'!F1126+'Game Results'!F1306+'Game Results'!F1288+'Game Results'!F1432+'Game Results'!F1450+'Game Results'!F1504+'Game Results'!F1522+'Game Results'!F269) -> 0 | G29: =SUM('Game Results'!G172+'Game Results'!G197+'Game Results'!G244+'Game Results'!G388+'Game Results'!G406+'Game Results'!G575+'Game Results'!G593+'Game Results'!G820+'Game Results'!G838+'Game Results'!G1108+'Game Results'!G1126+'Game Results'!G1306+'Game Results'!G1288+'Game Results'!G1432+'Game Results'!G1450+'Game Results'!G1504+'Game Results'!G1522+'Game Results'!G269) -> 0 | H29: =SUM('Game Results'!H172+'Game Results'!H197+'Game Results'!H244+'Game Results'!H388+'Game Results'!H406+'Game Results'!H575+'Game Results'!H593+'Game Results'!H820+'Game Results'!H838+'Game Results'!H1108+'Game Results'!H1126+'Game Results'!H1306+'Game Results'!H1288+'Game Results'!H1432+'Game Results'!H1450+'Game Results'!H1504+'Game Results'!H1522+'Game Results'!H269) -> 0 | I29: =SUM('Game Results'!I172+'Game Results'!I197+'Game Results'!I244+'Game Results'!I388+'Game Results'!I406+'Game Results'!I575+'Game Results'!I593+'Game Results'!I820+'Game Results'!I838+'Game Results'!I1108+'Game Results'!I1126+'Game Results'!I1306+'Game Results'!I1288+'Game Results'!I1432+'Game Results'!I1450+'Game Results'!I1504+'Game Results'!I1522+'Game Results'!I269) -> 0 | J29: =SUM('Game Results'!J172+'Game Results'!J197+'Game Results'!J244+'Game Results'!J388+'Game Results'!J406+'Game Results'!J575+'Game Results'!J593+'Game Results'!J820+'Game Results'!J838+'Game Results'!J1108+'Game Results'!J1126+'Game Results'!J1306+'Game Results'!J1288+'Game Results'!J1432+'Game Results'!J1450+'Game Results'!J1504+'Game Results'!J1522+'Game Results'!J269) -> 0 | K29: =SUM(G29/I29) -> #DIV/0! | L29: =SUM('Game Results'!L172+'Game Results'!L197+'Game Results'!L244+'Game Results'!L388+'Game Results'!L406+'Game Results'!L575+'Game Results'!L593+'Game Results'!L820+'Game Results'!L838+'Game Results'!L1108+'Game Results'!L1126+'Game Results'!L1306+'Game Results'!L1288+'Game Results'!L1432+'Game Results'!L1450+'Game Results'!L1504+'Game Results'!L1522+'Game Results'!L269) -> 15 | M29: =SUM('Game Results'!M172+'Game Results'!M197+'Game Results'!M244+'Game Results'!M388+'Game Results'!M406+'Game Results'!M575+'Game Results'!M593+'Game Results'!M820+'Game Results'!M838+'Game Results'!M1108+'Game Results'!M1126+'Game Results'!M1306+'Game Results'!M1288+'Game Results'!M1432+'Game Results'!M1450+'Game Results'!M1504+'Game Results'!M1522+'Game Results'!M269) -> 47 | N29: =SUM('Game Results'!N172+'Game Results'!N197+'Game Results'!N244+'Game Results'!N388+'Game Results'!N406+'Game Results'!N575+'Game Results'!N593+'Game Results'!N820+'Game Results'!N838+'Game Results'!N1108+'Game Results'!N1126+'Game Results'!N1306+'Game Results'!N1288+'Game Results'!N1432+'Game Results'!N1450+'Game Results'!N1504+'Game Results'!N1522+'Game Results'!N269) -> 1 | O29: =SUM('Game Results'!O172+'Game Results'!O197+'Game Results'!O244+'Game Results'!O388+'Game Results'!O406+'Game Results'!O575+'Game Results'!O593+'Game Results'!O820+'Game Results'!O838+'Game Results'!O1108+'Game Results'!O1126+'Game Results'!O1306+'Game Results'!O1288+'Game Results'!O1432+'Game Results'!O1450+'Game Results'!O1504+'Game Results'!O1522+'Game Results'!O269) -> 0 | P29: =SUM('Game Results'!P172+'Game Results'!P197+'Game Results'!P244+'Game Results'!P388+'Game Results'!P406+'Game Results'!P575+'Game Results'!P593+'Game Results'!P820+'Game Results'!P838+'Game Results'!P1108+'Game Results'!P1126+'Game Results'!P1306+'Game Results'!P1288+'Game Results'!P1432+'Game Results'!P1450+'Game Results'!P1504+'Game Results'!P1522+'Game Results'!P269) -> 0 | Q29: =SUM('Game Results'!Q172+'Game Results'!Q197+'Game Results'!Q244+'Game Results'!Q388+'Game Results'!Q406+'Game Results'!Q575+'Game Results'!Q593+'Game Results'!Q820+'Game Results'!Q838+'Game Results'!Q1108+'Game Results'!Q1126+'Game Results'!Q1306+'Game Results'!Q1288+'Game Results'!Q1432+'Game Results'!Q1450+'Game Results'!Q1504+'Game Results'!Q1522+'Game Results'!Q269) -> 0 | R29: =SUM('Game Results'!R172+'Game Results'!R197+'Game Results'!R244+'Game Results'!R388+'Game Results'!R406+'Game Results'!R575+'Game Results'!R593+'Game Results'!R820+'Game Results'!R838+'Game Results'!R1108+'Game Results'!R1126+'Game Results'!R1306+'Game Results'!R1288+'Game Results'!R1432+'Game Results'!R1450+'Game Results'!R1504+'Game Results'!R1522+'Game Results'!R269) -> 0 | S29: =SUM('Game Results'!S172+'Game Results'!S197+'Game Results'!S244+'Game Results'!S388+'Game Results'!S406+'Game Results'!S575+'Game Results'!S593+'Game Results'!S820+'Game Results'!S838+'Game Results'!S1108+'Game Results'!S1126+'Game Results'!S1306+'Game Results'!S1288+'Game Results'!S1432+'Game Results'!S1450+'Game Results'!S1504+'Game Results'!S1522+'Game Results'!S269) -> 0 | ... AH29: =SUM('Game Results'!AH172+'Game Results'!AH197+'Game Results'!AH244+'Game Results'!AH388+'Game Results'!AH406+'Game Results'!AH575+'Game Results'!AH593+'Game Results'!AH820+'Game Results'!AH838+'Game Results'!AH1108+'Game Results'!AH1126+'Game Results'!AH1306+'Game Results'!AH1288+'Game Results'!AH1432+'Game Results'!AH1450+'Game Results'!AH1504+'Game Results'!AH1522+'Game Results'!AH269) -> 0
A30: Totals: | C30: =SUM(C24:C29)/4 -> 18 | D30: =SUM(D24:D29)/4 -> 10 | E30: =SUM(E24:E29)/4 -> 495.80833 | F30: =SUM(F24:F29) -> 60 | G30: =SUM(G24:G29) -> 6337 | H30: =SUM(H24:H29) -> 32 | I30: =SUM(I24:I29) -> 6366 | J30: =SUM(J24:J29) -> -29 | K30: =SUM(G30/I30) -> 0.99544455 | L30: =SUM(L24:L29)/4 -> 280.25 | M30: =SUM(M24:M29) -> 7479 | N30: =SUM(N24:N29)/4 -> 17 | O30: =SUM(O23:O29) -> 7517.55 | P30: =SUM(P24:P29) -> 259 | Q30: =SUM(Q24:Q29) -> 147 | R30: =SUM(R24:R29) -> 414 | S30: =SUM(S24:S29) -> 124 | T30: =SUM(T24:T29) -> 843 | U30: =SUM(U24:U29) -> 159 | V30: =SUM(V24:V29) -> 29 | W30: =SUM(W24:W29) -> 11 | ... AH30: =SUM(AH24:AH29) -> 4
A31: Truthless and the Truthlessettes | B31: Truthless IHero | C31: =SUM('Game Results'!C102+'Game Results'!C120+'Game Results'!C599+'Game Results'!C617+'Game Results'!C642+'Game Results'!C660+'Game Results'!C894+'Game Results'!C1193+'Game Results'!C1175+'Game Results'!C1308+'Game Results'!C1290+'Game Results'!C912+'Game Results'!C1409+'Game Results'!C1391+'Game Results'!C480) -> 15 | D31: =SUM('Game Results'!D102+'Game Results'!D120+'Game Results'!D599+'Game Results'!D617+'Game Results'!D642+'Game Results'!D660+'Game Results'!D894+'Game Results'!D1193+'Game Results'!D1175+'Game Results'!D1308+'Game Results'!D1290+'Game Results'!D912+'Game Results'!D1409+'Game Results'!D1391+'Game Results'!D480) -> 3 | E31: =SUM('Game Results'!E102+'Game Results'!E120+'Game Results'!E599+'Game Results'!E617+'Game Results'!E642+'Game Results'!E660+'Game Results'!E894+'Game Results'!E1193+'Game Results'!E1175+'Game Results'!E1308+'Game Results'!E1290+'Game Results'!E912+'Game Results'!E1409+'Game Results'!E1391+'Game Results'!E480) -> 319.13333 | F31: =SUM('Game Results'!F102+'Game Results'!F120+'Game Results'!F599+'Game Results'!F617+'Game Results'!F642+'Game Results'!F660+'Game Results'!F894+'Game Results'!F1193+'Game Results'!F1175+'Game Results'!F1308+'Game Results'!F1290+'Game Results'!F912+'Game Results'!F1409+'Game Results'!F1391+'Game Results'!F480) -> 3 | G31: =SUM('Game Results'!G102+'Game Results'!G120+'Game Results'!G599+'Game Results'!G617+'Game Results'!G642+'Game Results'!G660+'Game Results'!G894+'Game Results'!G1193+'Game Results'!G1175+'Game Results'!G1308+'Game Results'!G1290+'Game Results'!G912+'Game Results'!G1409+'Game Results'!G1391+'Game Results'!G480) -> 1274 | H31: =SUM('Game Results'!H102+'Game Results'!H120+'Game Results'!H599+'Game Results'!H617+'Game Results'!H642+'Game Results'!H660+'Game Results'!H894+'Game Results'!H1193+'Game Results'!H1175+'Game Results'!H1308+'Game Results'!H1290+'Game Results'!H912+'Game Results'!H1409+'Game Results'!H1391+'Game Results'!H480) -> 5 | I31: =SUM('Game Results'!I102+'Game Results'!I120+'Game Results'!I599+'Game Results'!I617+'Game Results'!I642+'Game Results'!I660+'Game Results'!I894+'Game Results'!I1193+'Game Results'!I1175+'Game Results'!I1308+'Game Results'!I1290+'Game Results'!I912+'Game Results'!I1409+'Game Results'!I1391+'Game Results'!I480) -> 1274 | J31: =SUM('Game Results'!J102+'Game Results'!J120+'Game Results'!J599+'Game Results'!J617+'Game Results'!J642+'Game Results'!J660+'Game Results'!J894+'Game Results'!J1193+'Game Results'!J1175+'Game Results'!J1308+'Game Results'!J1290+'Game Results'!J912+'Game Results'!J1409+'Game Results'!J1391+'Game Results'!J480) -> 0 | K31: =SUM(G31/I31) -> 1 | L31: =SUM('Game Results'!L102+'Game Results'!L120+'Game Results'!L599+'Game Results'!L617+'Game Results'!L642+'Game Results'!L660+'Game Results'!L894+'Game Results'!L1193+'Game Results'!L1175+'Game Results'!L1308+'Game Results'!L1290+'Game Results'!L912+'Game Results'!L1409+'Game Results'!L1391+'Game Results'!L480) -> 185 | M31: =SUM('Game Results'!M102+'Game Results'!M120+'Game Results'!M599+'Game Results'!M617+'Game Results'!M642+'Game Results'!M660+'Game Results'!M894+'Game Results'!M1193+'Game Results'!M1175+'Game Results'!M1308+'Game Results'!M1290+'Game Results'!M912+'Game Results'!M1409+'Game Results'!M1391+'Game Results'!M480) -> 1656 | N31: =SUM('Game Results'!N102+'Game Results'!N120+'Game Results'!N599+'Game Results'!N617+'Game Results'!N642+'Game Results'!N660+'Game Results'!N894+'Game Results'!N1193+'Game Results'!N1175+'Game Results'!N1308+'Game Results'!N1290+'Game Results'!N912+'Game Results'!N1409+'Game Results'!N1391+'Game Results'!N480) -> 15 | O31: =SUM('Game Results'!O102+'Game Results'!O120+'Game Results'!O599+'Game Results'!O617+'Game Results'!O642+'Game Results'!O660+'Game Results'!O894+'Game Results'!O1193+'Game Results'!O1175+'Game Results'!O1308+'Game Results'!O1290+'Game Results'!O912+'Game Results'!O1409+'Game Results'!O1391+'Game Results'!O480) -> 319.13333 | P31: =SUM('Game Results'!P102+'Game Results'!P120+'Game Results'!P599+'Game Results'!P617+'Game Results'!P642+'Game Results'!P660+'Game Results'!P894+'Game Results'!P1193+'Game Results'!P1175+'Game Results'!P1308+'Game Results'!P1290+'Game Results'!P912+'Game Results'!P1409+'Game Results'!P1391+'Game Results'!P480) -> 50 | Q31: =SUM('Game Results'!Q102+'Game Results'!Q120+'Game Results'!Q599+'Game Results'!Q617+'Game Results'!Q642+'Game Results'!Q660+'Game Results'!Q894+'Game Results'!Q1193+'Game Results'!Q1175+'Game Results'!Q1308+'Game Results'!Q1290+'Game Results'!Q912+'Game Results'!Q1409+'Game Results'!Q1391+'Game Results'!Q480) -> 22 | R31: =SUM('Game Results'!R102+'Game Results'!R120+'Game Results'!R599+'Game Results'!R617+'Game Results'!R642+'Game Results'!R660+'Game Results'!R894+'Game Results'!R1193+'Game Results'!R1175+'Game Results'!R1308+'Game Results'!R1290+'Game Results'!R912+'Game Results'!R1409+'Game Results'!R1391+'Game Results'!R480) -> 57 | S31: =SUM('Game Results'!S102+'Game Results'!S120+'Game Results'!S599+'Game Results'!S617+'Game Results'!S642+'Game Results'!S660+'Game Results'!S894+'Game Results'!S1193+'Game Results'!S1175+'Game Results'!S1308+'Game Results'!S1290+'Game Results'!S912+'Game Results'!S1409+'Game Results'!S1391+'Game Results'!S480) -> 31 | ... AH31: =SUM('Game Results'!AH102+'Game Results'!AH120+'Game Results'!AH599+'Game Results'!AH617+'Game Results'!AH642+'Game Results'!AH660+'Game Results'!AH894+'Game Results'!AH1193+'Game Results'!AH1175+'Game Results'!AH1308+'Game Results'!AH1290+'Game Results'!AH912+'Game Results'!AH1409+'Game Results'!AH1391+'Game Results'!AH480) -> 1
A32: Truthless and the Truthlessettes | B32: El Diablo x230x | C32: =SUM('Game Results'!C103+'Game Results'!C121+'Game Results'!C600+'Game Results'!C618+'Game Results'!C643+'Game Results'!C661+'Game Results'!C895+'Game Results'!C1194+'Game Results'!C1176+'Game Results'!C1309+'Game Results'!C1291+'Game Results'!C913+'Game Results'!C1410+'Game Results'!C1392+'Game Results'!C481) -> 15 | D32: =SUM('Game Results'!D103+'Game Results'!D121+'Game Results'!D600+'Game Results'!D618+'Game Results'!D643+'Game Results'!D661+'Game Results'!D895+'Game Results'!D1194+'Game Results'!D1176+'Game Results'!D1309+'Game Results'!D1291+'Game Results'!D913+'Game Results'!D1410+'Game Results'!D1392+'Game Results'!D481) -> 3 | E32: =SUM('Game Results'!E103+'Game Results'!E121+'Game Results'!E600+'Game Results'!E618+'Game Results'!E643+'Game Results'!E661+'Game Results'!E895+'Game Results'!E1194+'Game Results'!E1176+'Game Results'!E1309+'Game Results'!E1291+'Game Results'!E913+'Game Results'!E1410+'Game Results'!E1392+'Game Results'!E481) -> 321.01667 | F32: =SUM('Game Results'!F103+'Game Results'!F121+'Game Results'!F600+'Game Results'!F618+'Game Results'!F643+'Game Results'!F661+'Game Results'!F895+'Game Results'!F1194+'Game Results'!F1176+'Game Results'!F1309+'Game Results'!F1291+'Game Results'!F913+'Game Results'!F1410+'Game Results'!F1392+'Game Results'!F481) -> 4 | G32: =SUM('Game Results'!G103+'Game Results'!G121+'Game Results'!G600+'Game Results'!G618+'Game Results'!G643+'Game Results'!G661+'Game Results'!G895+'Game Results'!G1194+'Game Results'!G1176+'Game Results'!G1309+'Game Results'!G1291+'Game Results'!G913+'Game Results'!G1410+'Game Results'!G1392+'Game Results'!G481) -> 1214 | H32: =SUM('Game Results'!H103+'Game Results'!H121+'Game Results'!H600+'Game Results'!H618+'Game Results'!H643+'Game Results'!H661+'Game Results'!H895+'Game Results'!H1194+'Game Results'!H1176+'Game Results'!H1309+'Game Results'!H1291+'Game Results'!H913+'Game Results'!H1410+'Game Results'!H1392+'Game Results'!H481) -> 11 | I32: =SUM('Game Results'!I103+'Game Results'!I121+'Game Results'!I600+'Game Results'!I618+'Game Results'!I643+'Game Results'!I661+'Game Results'!I895+'Game Results'!I1194+'Game Results'!I1176+'Game Results'!I1309+'Game Results'!I1291+'Game Results'!I913+'Game Results'!I1410+'Game Results'!I1392+'Game Results'!I481) -> 1249 | J32: =SUM('Game Results'!J103+'Game Results'!J121+'Game Results'!J600+'Game Results'!J618+'Game Results'!J643+'Game Results'!J661+'Game Results'!J895+'Game Results'!J1194+'Game Results'!J1176+'Game Results'!J1309+'Game Results'!J1291+'Game Results'!J913+'Game Results'!J1410+'Game Results'!J1392+'Game Results'!J481) -> -35 | K32: =SUM(G32/I32) -> 0.97197758 | L32: =SUM('Game Results'!L103+'Game Results'!L121+'Game Results'!L600+'Game Results'!L618+'Game Results'!L643+'Game Results'!L661+'Game Results'!L895+'Game Results'!L1194+'Game Results'!L1176+'Game Results'!L1309+'Game Results'!L1291+'Game Results'!L913+'Game Results'!L1410+'Game Results'!L1392+'Game Results'!L481) -> 195 | M32: =SUM('Game Results'!M103+'Game Results'!M121+'Game Results'!M600+'Game Results'!M618+'Game Results'!M643+'Game Results'!M661+'Game Results'!M895+'Game Results'!M1194+'Game Results'!M1176+'Game Results'!M1309+'Game Results'!M1291+'Game Results'!M913+'Game Results'!M1410+'Game Results'!M1392+'Game Results'!M481) -> 1516 | N32: =SUM('Game Results'!N103+'Game Results'!N121+'Game Results'!N600+'Game Results'!N618+'Game Results'!N643+'Game Results'!N661+'Game Results'!N895+'Game Results'!N1194+'Game Results'!N1176+'Game Results'!N1309+'Game Results'!N1291+'Game Results'!N913+'Game Results'!N1410+'Game Results'!N1392+'Game Results'!N481) -> 15 | O32: =SUM('Game Results'!O103+'Game Results'!O121+'Game Results'!O600+'Game Results'!O618+'Game Results'!O643+'Game Results'!O661+'Game Results'!O895+'Game Results'!O1194+'Game Results'!O1176+'Game Results'!O1309+'Game Results'!O1291+'Game Results'!O913+'Game Results'!O1410+'Game Results'!O1392+'Game Results'!O481) -> 321.01667 | P32: =SUM('Game Results'!P103+'Game Results'!P121+'Game Results'!P600+'Game Results'!P618+'Game Results'!P643+'Game Results'!P661+'Game Results'!P895+'Game Results'!P1194+'Game Results'!P1176+'Game Results'!P1309+'Game Results'!P1291+'Game Results'!P913+'Game Results'!P1410+'Game Results'!P1392+'Game Results'!P481) -> 36 | Q32: =SUM('Game Results'!Q103+'Game Results'!Q121+'Game Results'!Q600+'Game Results'!Q618+'Game Results'!Q643+'Game Results'!Q661+'Game Results'!Q895+'Game Results'!Q1194+'Game Results'!Q1176+'Game Results'!Q1309+'Game Results'!Q1291+'Game Results'!Q913+'Game Results'!Q1410+'Game Results'!Q1392+'Game Results'!Q481) -> 24 | R32: =SUM('Game Results'!R103+'Game Results'!R121+'Game Results'!R600+'Game Results'!R618+'Game Results'!R643+'Game Results'!R661+'Game Results'!R895+'Game Results'!R1194+'Game Results'!R1176+'Game Results'!R1309+'Game Results'!R1291+'Game Results'!R913+'Game Results'!R1410+'Game Results'!R1392+'Game Results'!R481) -> 88 | S32: =SUM('Game Results'!S103+'Game Results'!S121+'Game Results'!S600+'Game Results'!S618+'Game Results'!S643+'Game Results'!S661+'Game Results'!S895+'Game Results'!S1194+'Game Results'!S1176+'Game Results'!S1309+'Game Results'!S1291+'Game Results'!S913+'Game Results'!S1410+'Game Results'!S1392+'Game Results'!S481) -> 20 | ... AH32: =SUM('Game Results'!AH103+'Game Results'!AH121+'Game Results'!AH600+'Game Results'!AH618+'Game Results'!AH643+'Game Results'!AH661+'Game Results'!AH895+'Game Results'!AH1194+'Game Results'!AH1176+'Game Results'!AH1309+'Game Results'!AH1291+'Game Results'!AH913+'Game Results'!AH1410+'Game Results'!AH1392+'Game Results'!AH481) -> 0
A33: Truthless and the Truthlessettes | B33: TwitchTvSnipezz | C33: =SUM('Game Results'!C104+'Game Results'!C122+'Game Results'!C601+'Game Results'!C619+'Game Results'!C644+'Game Results'!C662+'Game Results'!C896+'Game Results'!C1195+'Game Results'!C1177+'Game Results'!C1310+'Game Results'!C1292+'Game Results'!C914+'Game Results'!C1411+'Game Results'!C1393+'Game Results'!C482) -> 8 | D33: =SUM('Game Results'!D104+'Game Results'!D122+'Game Results'!D601+'Game Results'!D619+'Game Results'!D644+'Game Results'!D662+'Game Results'!D896+'Game Results'!D1195+'Game Results'!D1177+'Game Results'!D1310+'Game Results'!D1292+'Game Results'!D914+'Game Results'!D1411+'Game Results'!D1393+'Game Results'!D482) -> 1 | E33: =SUM('Game Results'!E104+'Game Results'!E122+'Game Results'!E601+'Game Results'!E619+'Game Results'!E644+'Game Results'!E662+'Game Results'!E896+'Game Results'!E1195+'Game Results'!E1177+'Game Results'!E1310+'Game Results'!E1292+'Game Results'!E914+'Game Results'!E1411+'Game Results'!E1393+'Game Results'!E482) -> 169.53333 | F33: =SUM('Game Results'!F104+'Game Results'!F122+'Game Results'!F601+'Game Results'!F619+'Game Results'!F644+'Game Results'!F662+'Game Results'!F896+'Game Results'!F1195+'Game Results'!F1177+'Game Results'!F1310+'Game Results'!F1292+'Game Results'!F914+'Game Results'!F1411+'Game Results'!F1393+'Game Results'!F482) -> 2 | G33: =SUM('Game Results'!G104+'Game Results'!G122+'Game Results'!G601+'Game Results'!G619+'Game Results'!G644+'Game Results'!G662+'Game Results'!G896+'Game Results'!G1195+'Game Results'!G1177+'Game Results'!G1310+'Game Results'!G1292+'Game Results'!G914+'Game Results'!G1411+'Game Results'!G1393+'Game Results'!G482) -> 671 | H33: =SUM('Game Results'!H104+'Game Results'!H122+'Game Results'!H601+'Game Results'!H619+'Game Results'!H644+'Game Results'!H662+'Game Results'!H896+'Game Results'!H1195+'Game Results'!H1177+'Game Results'!H1310+'Game Results'!H1292+'Game Results'!H914+'Game Results'!H1411+'Game Results'!H1393+'Game Results'!H482) -> 3 | I33: =SUM('Game Results'!I104+'Game Results'!I122+'Game Results'!I601+'Game Results'!I619+'Game Results'!I644+'Game Results'!I662+'Game Results'!I896+'Game Results'!I1195+'Game Results'!I1177+'Game Results'!I1310+'Game Results'!I1292+'Game Results'!I914+'Game Results'!I1411+'Game Results'!I1393+'Game Results'!I482) -> 635 | J33: =SUM('Game Results'!J104+'Game Results'!J122+'Game Results'!J601+'Game Results'!J619+'Game Results'!J644+'Game Results'!J662+'Game Results'!J896+'Game Results'!J1195+'Game Results'!J1177+'Game Results'!J1310+'Game Results'!J1292+'Game Results'!J914+'Game Results'!J1411+'Game Results'!J1393+'Game Results'!J482) -> 36 | K33: =SUM(G33/I33) -> 1.0566929 | L33: =SUM('Game Results'!L104+'Game Results'!L122+'Game Results'!L601+'Game Results'!L619+'Game Results'!L644+'Game Results'!L662+'Game Results'!L896+'Game Results'!L1195+'Game Results'!L1177+'Game Results'!L1310+'Game Results'!L1292+'Game Results'!L914+'Game Results'!L1411+'Game Results'!L1393+'Game Results'!L482) -> 108 | M33: =SUM('Game Results'!M104+'Game Results'!M122+'Game Results'!M601+'Game Results'!M619+'Game Results'!M644+'Game Results'!M662+'Game Results'!M896+'Game Results'!M1195+'Game Results'!M1177+'Game Results'!M1310+'Game Results'!M1292+'Game Results'!M914+'Game Results'!M1411+'Game Results'!M1393+'Game Results'!M482) -> 877 | N33: =SUM('Game Results'!N104+'Game Results'!N122+'Game Results'!N601+'Game Results'!N619+'Game Results'!N644+'Game Results'!N662+'Game Results'!N896+'Game Results'!N1195+'Game Results'!N1177+'Game Results'!N1310+'Game Results'!N1292+'Game Results'!N914+'Game Results'!N1411+'Game Results'!N1393+'Game Results'!N482) -> 8 | O33: =SUM('Game Results'!O104+'Game Results'!O122+'Game Results'!O601+'Game Results'!O619+'Game Results'!O644+'Game Results'!O662+'Game Results'!O896+'Game Results'!O1195+'Game Results'!O1177+'Game Results'!O1310+'Game Results'!O1292+'Game Results'!O914+'Game Results'!O1411+'Game Results'!O1393+'Game Results'!O482) -> 169.53333 | P33: =SUM('Game Results'!P104+'Game Results'!P122+'Game Results'!P601+'Game Results'!P619+'Game Results'!P644+'Game Results'!P662+'Game Results'!P896+'Game Results'!P1195+'Game Results'!P1177+'Game Results'!P1310+'Game Results'!P1292+'Game Results'!P914+'Game Results'!P1411+'Game Results'!P1393+'Game Results'!P482) -> 23 | Q33: =SUM('Game Results'!Q104+'Game Results'!Q122+'Game Results'!Q601+'Game Results'!Q619+'Game Results'!Q644+'Game Results'!Q662+'Game Results'!Q896+'Game Results'!Q1195+'Game Results'!Q1177+'Game Results'!Q1310+'Game Results'!Q1292+'Game Results'!Q914+'Game Results'!Q1411+'Game Results'!Q1393+'Game Results'!Q482) -> 7 | R33: =SUM('Game Results'!R104+'Game Results'!R122+'Game Results'!R601+'Game Results'!R619+'Game Results'!R644+'Game Results'!R662+'Game Results'!R896+'Game Results'!R1195+'Game Results'!R1177+'Game Results'!R1310+'Game Results'!R1292+'Game Results'!R914+'Game Results'!R1411+'Game Results'!R1393+'Game Results'!R482) -> 35 | S33: =SUM('Game Results'!S104+'Game Results'!S122+'Game Results'!S601+'Game Results'!S619+'Game Results'!S644+'Game Results'!S662+'Game Results'!S896+'Game Results'!S1195+'Game Results'!S1177+'Game Results'!S1310+'Game Results'!S1292+'Game Results'!S914+'Game Results'!S1411+'Game Results'!S1393+'Game Results'!S482) -> 13 | ... AH33: =SUM('Game Results'!AH104+'Game Results'!AH122+'Game Results'!AH601+'Game Results'!AH619+'Game Results'!AH644+'Game Results'!AH662+'Game Results'!AH896+'Game Results'!AH1195+'Game Results'!AH1177+'Game Results'!AH1310+'Game Results'!AH1292+'Game Results'!AH914+'Game Results'!AH1411+'Game Results'!AH1393+'Game Results'!AH482) -> 0
A34: Truthless and the Truthlessettes | B34: Myst The Cold | C34: =SUM('Game Results'!C105+'Game Results'!C123+'Game Results'!C602+'Game Results'!C620+'Game Results'!C645+'Game Results'!C663+'Game Results'!C897+'Game Results'!C1196+'Game Results'!C1178+'Game Results'!C1311+'Game Results'!C1293+'Game Results'!C915+'Game Results'!C1412+'Game Results'!C1394+'Game Results'!C483) -> 7 | D34: =SUM('Game Results'!D105+'Game Results'!D123+'Game Results'!D602+'Game Results'!D620+'Game Results'!D645+'Game Results'!D663+'Game Results'!D897+'Game Results'!D1196+'Game Results'!D1178+'Game Results'!D1311+'Game Results'!D1293+'Game Results'!D915+'Game Results'!D1412+'Game Results'!D1394+'Game Results'!D483) -> 2 | E34: =SUM('Game Results'!E105+'Game Results'!E123+'Game Results'!E602+'Game Results'!E620+'Game Results'!E645+'Game Results'!E663+'Game Results'!E897+'Game Results'!E1196+'Game Results'!E1178+'Game Results'!E1311+'Game Results'!E1293+'Game Results'!E915+'Game Results'!E1412+'Game Results'!E1394+'Game Results'!E483) -> 157.31667 | F34: =SUM('Game Results'!F105+'Game Results'!F123+'Game Results'!F602+'Game Results'!F620+'Game Results'!F645+'Game Results'!F663+'Game Results'!F897+'Game Results'!F1196+'Game Results'!F1178+'Game Results'!F1311+'Game Results'!F1293+'Game Results'!F915+'Game Results'!F1412+'Game Results'!F1394+'Game Results'!F483) -> 2 | G34: =SUM('Game Results'!G105+'Game Results'!G123+'Game Results'!G602+'Game Results'!G620+'Game Results'!G645+'Game Results'!G663+'Game Results'!G897+'Game Results'!G1196+'Game Results'!G1178+'Game Results'!G1311+'Game Results'!G1293+'Game Results'!G915+'Game Results'!G1412+'Game Results'!G1394+'Game Results'!G483) -> 521 | H34: =SUM('Game Results'!H105+'Game Results'!H123+'Game Results'!H602+'Game Results'!H620+'Game Results'!H645+'Game Results'!H663+'Game Results'!H897+'Game Results'!H1196+'Game Results'!H1178+'Game Results'!H1311+'Game Results'!H1293+'Game Results'!H915+'Game Results'!H1412+'Game Results'!H1394+'Game Results'!H483) -> 4 | I34: =SUM('Game Results'!I105+'Game Results'!I123+'Game Results'!I602+'Game Results'!I620+'Game Results'!I645+'Game Results'!I663+'Game Results'!I897+'Game Results'!I1196+'Game Results'!I1178+'Game Results'!I1311+'Game Results'!I1293+'Game Results'!I915+'Game Results'!I1412+'Game Results'!I1394+'Game Results'!I483) -> 583 | J34: =SUM('Game Results'!J105+'Game Results'!J123+'Game Results'!J602+'Game Results'!J620+'Game Results'!J645+'Game Results'!J663+'Game Results'!J897+'Game Results'!J1196+'Game Results'!J1178+'Game Results'!J1311+'Game Results'!J1293+'Game Results'!J915+'Game Results'!J1412+'Game Results'!J1394+'Game Results'!J483) -> -62 | K34: =SUM(G34/I34) -> 0.89365352 | L34: =SUM('Game Results'!L105+'Game Results'!L123+'Game Results'!L602+'Game Results'!L620+'Game Results'!L645+'Game Results'!L663+'Game Results'!L897+'Game Results'!L1196+'Game Results'!L1178+'Game Results'!L1311+'Game Results'!L1293+'Game Results'!L915+'Game Results'!L1412+'Game Results'!L1394+'Game Results'!L483) -> 125 | M34: =SUM('Game Results'!M105+'Game Results'!M123+'Game Results'!M602+'Game Results'!M620+'Game Results'!M645+'Game Results'!M663+'Game Results'!M897+'Game Results'!M1196+'Game Results'!M1178+'Game Results'!M1311+'Game Results'!M1293+'Game Results'!M915+'Game Results'!M1412+'Game Results'!M1394+'Game Results'!M483) -> 640 | N34: =SUM('Game Results'!N105+'Game Results'!N123+'Game Results'!N602+'Game Results'!N620+'Game Results'!N645+'Game Results'!N663+'Game Results'!N897+'Game Results'!N1196+'Game Results'!N1178+'Game Results'!N1311+'Game Results'!N1293+'Game Results'!N915+'Game Results'!N1412+'Game Results'!N1394+'Game Results'!N483) -> 7 | O34: =SUM('Game Results'!O105+'Game Results'!O123+'Game Results'!O602+'Game Results'!O620+'Game Results'!O645+'Game Results'!O663+'Game Results'!O897+'Game Results'!O1196+'Game Results'!O1178+'Game Results'!O1311+'Game Results'!O1293+'Game Results'!O915+'Game Results'!O1412+'Game Results'!O1394+'Game Results'!O483) -> 157.31667 | P34: =SUM('Game Results'!P105+'Game Results'!P123+'Game Results'!P602+'Game Results'!P620+'Game Results'!P645+'Game Results'!P663+'Game Results'!P897+'Game Results'!P1196+'Game Results'!P1178+'Game Results'!P1311+'Game Results'!P1293+'Game Results'!P915+'Game Results'!P1412+'Game Results'!P1394+'Game Results'!P483) -> 17 | Q34: =SUM('Game Results'!Q105+'Game Results'!Q123+'Game Results'!Q602+'Game Results'!Q620+'Game Results'!Q645+'Game Results'!Q663+'Game Results'!Q897+'Game Results'!Q1196+'Game Results'!Q1178+'Game Results'!Q1311+'Game Results'!Q1293+'Game Results'!Q915+'Game Results'!Q1412+'Game Results'!Q1394+'Game Results'!Q483) -> 11 | R34: =SUM('Game Results'!R105+'Game Results'!R123+'Game Results'!R602+'Game Results'!R620+'Game Results'!R645+'Game Results'!R663+'Game Results'!R897+'Game Results'!R1196+'Game Results'!R1178+'Game Results'!R1311+'Game Results'!R1293+'Game Results'!R915+'Game Results'!R1412+'Game Results'!R1394+'Game Results'!R483) -> 28 | S34: =SUM('Game Results'!S105+'Game Results'!S123+'Game Results'!S602+'Game Results'!S620+'Game Results'!S645+'Game Results'!S663+'Game Results'!S897+'Game Results'!S1196+'Game Results'!S1178+'Game Results'!S1311+'Game Results'!S1293+'Game Results'!S915+'Game Results'!S1412+'Game Results'!S1394+'Game Results'!S483) -> 15 | ... AH34: =SUM('Game Results'!AH105+'Game Results'!AH123+'Game Results'!AH602+'Game Results'!AH620+'Game Results'!AH645+'Game Results'!AH663+'Game Results'!AH897+'Game Results'!AH1196+'Game Results'!AH1178+'Game Results'!AH1311+'Game Results'!AH1293+'Game Results'!AH915+'Game Results'!AH1412+'Game Results'!AH1394+'Game Results'!AH483) -> 0
A35: Truthless and the Truthlessettes | B35: Molotov Ghost | C35: =SUM('Game Results'!C106+'Game Results'!C124+'Game Results'!C603+'Game Results'!C621+'Game Results'!C646+'Game Results'!C664+'Game Results'!C898+'Game Results'!C1197+'Game Results'!C1179+'Game Results'!C1312+'Game Results'!C1294+'Game Results'!C916+'Game Results'!C1413+'Game Results'!C1395+'Game Results'!C484) -> 13 | D35: =SUM('Game Results'!D106+'Game Results'!D124+'Game Results'!D603+'Game Results'!D621+'Game Results'!D646+'Game Results'!D664+'Game Results'!D898+'Game Results'!D1197+'Game Results'!D1179+'Game Results'!D1312+'Game Results'!D1294+'Game Results'!D916+'Game Results'!D1413+'Game Results'!D1395+'Game Results'!D484) -> 3 | E35: =SUM('Game Results'!E106+'Game Results'!E124+'Game Results'!E603+'Game Results'!E621+'Game Results'!E646+'Game Results'!E664+'Game Results'!E898+'Game Results'!E1197+'Game Results'!E1179+'Game Results'!E1312+'Game Results'!E1294+'Game Results'!E916+'Game Results'!E1413+'Game Results'!E1395+'Game Results'!E484) -> 295.46667 | F35: =SUM('Game Results'!F106+'Game Results'!F124+'Game Results'!F603+'Game Results'!F621+'Game Results'!F646+'Game Results'!F664+'Game Results'!F898+'Game Results'!F1197+'Game Results'!F1179+'Game Results'!F1312+'Game Results'!F1294+'Game Results'!F916+'Game Results'!F1413+'Game Results'!F1395+'Game Results'!F484) -> 16 | G35: =SUM('Game Results'!G106+'Game Results'!G124+'Game Results'!G603+'Game Results'!G621+'Game Results'!G646+'Game Results'!G664+'Game Results'!G898+'Game Results'!G1197+'Game Results'!G1179+'Game Results'!G1312+'Game Results'!G1294+'Game Results'!G916+'Game Results'!G1413+'Game Results'!G1395+'Game Results'!G484) -> 480 | H35: =SUM('Game Results'!H106+'Game Results'!H124+'Game Results'!H603+'Game Results'!H621+'Game Results'!H646+'Game Results'!H664+'Game Results'!H898+'Game Results'!H1197+'Game Results'!H1179+'Game Results'!H1312+'Game Results'!H1294+'Game Results'!H916+'Game Results'!H1413+'Game Results'!H1395+'Game Results'!H484) -> 3 | I35: =SUM('Game Results'!I106+'Game Results'!I124+'Game Results'!I603+'Game Results'!I621+'Game Results'!I646+'Game Results'!I664+'Game Results'!I898+'Game Results'!I1197+'Game Results'!I1179+'Game Results'!I1312+'Game Results'!I1294+'Game Results'!I916+'Game Results'!I1413+'Game Results'!I1395+'Game Results'!I484) -> 843 | J35: =SUM('Game Results'!J106+'Game Results'!J124+'Game Results'!J603+'Game Results'!J621+'Game Results'!J646+'Game Results'!J664+'Game Results'!J898+'Game Results'!J1197+'Game Results'!J1179+'Game Results'!J1312+'Game Results'!J1294+'Game Results'!J916+'Game Results'!J1413+'Game Results'!J1395+'Game Results'!J484) -> -363 | K35: =SUM(G35/I35) -> 0.56939502 | L35: =SUM('Game Results'!L106+'Game Results'!L124+'Game Results'!L603+'Game Results'!L621+'Game Results'!L646+'Game Results'!L664+'Game Results'!L898+'Game Results'!L1197+'Game Results'!L1179+'Game Results'!L1312+'Game Results'!L1294+'Game Results'!L916+'Game Results'!L1413+'Game Results'!L1395+'Game Results'!L484) -> 222 | M35: =SUM('Game Results'!M106+'Game Results'!M124+'Game Results'!M603+'Game Results'!M621+'Game Results'!M646+'Game Results'!M664+'Game Results'!M898+'Game Results'!M1197+'Game Results'!M1179+'Game Results'!M1312+'Game Results'!M1294+'Game Results'!M916+'Game Results'!M1413+'Game Results'!M1395+'Game Results'!M484) -> 575 | N35: =SUM('Game Results'!N106+'Game Results'!N124+'Game Results'!N603+'Game Results'!N621+'Game Results'!N646+'Game Results'!N664+'Game Results'!N898+'Game Results'!N1197+'Game Results'!N1179+'Game Results'!N1312+'Game Results'!N1294+'Game Results'!N916+'Game Results'!N1413+'Game Results'!N1395+'Game Results'!N484) -> 13 | O35: =SUM('Game Results'!O106+'Game Results'!O124+'Game Results'!O603+'Game Results'!O621+'Game Results'!O646+'Game Results'!O664+'Game Results'!O898+'Game Results'!O1197+'Game Results'!O1179+'Game Results'!O1312+'Game Results'!O1294+'Game Results'!O916+'Game Results'!O1413+'Game Results'!O1395+'Game Results'!O484) -> 295.46667 | P35: =SUM('Game Results'!P106+'Game Results'!P124+'Game Results'!P603+'Game Results'!P621+'Game Results'!P646+'Game Results'!P664+'Game Results'!P898+'Game Results'!P1197+'Game Results'!P1179+'Game Results'!P1312+'Game Results'!P1294+'Game Results'!P916+'Game Results'!P1413+'Game Results'!P1395+'Game Results'!P484) -> 28 | Q35: =SUM('Game Results'!Q106+'Game Results'!Q124+'Game Results'!Q603+'Game Results'!Q621+'Game Results'!Q646+'Game Results'!Q664+'Game Results'!Q898+'Game Results'!Q1197+'Game Results'!Q1179+'Game Results'!Q1312+'Game Results'!Q1294+'Game Results'!Q916+'Game Results'!Q1413+'Game Results'!Q1395+'Game Results'!Q484) -> 24 | R35: =SUM('Game Results'!R106+'Game Results'!R124+'Game Results'!R603+'Game Results'!R621+'Game Results'!R646+'Game Results'!R664+'Game Results'!R898+'Game Results'!R1197+'Game Results'!R1179+'Game Results'!R1312+'Game Results'!R1294+'Game Results'!R916+'Game Results'!R1413+'Game Results'!R1395+'Game Results'!R484) -> 9 | S35: =SUM('Game Results'!S106+'Game Results'!S124+'Game Results'!S603+'Game Results'!S621+'Game Results'!S646+'Game Results'!S664+'Game Results'!S898+'Game Results'!S1197+'Game Results'!S1179+'Game Results'!S1312+'Game Results'!S1294+'Game Results'!S916+'Game Results'!S1413+'Game Results'!S1395+'Game Results'!S484) -> 15 | ... AH35: =SUM('Game Results'!AH106+'Game Results'!AH124+'Game Results'!AH603+'Game Results'!AH621+'Game Results'!AH646+'Game Results'!AH664+'Game Results'!AH898+'Game Results'!AH1197+'Game Results'!AH1179+'Game Results'!AH1312+'Game Results'!AH1294+'Game Results'!AH916+'Game Results'!AH1413+'Game Results'!AH1395+'Game Results'!AH484) -> 0
A36: Truthless and the Truthlessettes | B36: Zeg/nkot | C36: =SUM('Game Results'!C107+'Game Results'!C125+'Game Results'!C604+'Game Results'!C622+'Game Results'!C647+'Game Results'!C665+'Game Results'!C899+'Game Results'!C1198+'Game Results'!C1180+'Game Results'!C1313+'Game Results'!C1295+'Game Results'!C917+'Game Results'!C1414+'Game Results'!C1396+'Game Results'!C485) -> 2 | D36: =SUM('Game Results'!D107+'Game Results'!D125+'Game Results'!D604+'Game Results'!D622+'Game Results'!D647+'Game Results'!D665+'Game Results'!D899+'Game Results'!D1198+'Game Results'!D1180+'Game Results'!D1313+'Game Results'!D1295+'Game Results'!D917+'Game Results'!D1414+'Game Results'!D1396+'Game Results'!D485) -> 0 | E36: =SUM('Game Results'!E107+'Game Results'!E125+'Game Results'!E604+'Game Results'!E622+'Game Results'!E647+'Game Results'!E665+'Game Results'!E899+'Game Results'!E1198+'Game Results'!E1180+'Game Results'!E1313+'Game Results'!E1295+'Game Results'!E917+'Game Results'!E1414+'Game Results'!E1396+'Game Results'!E485) -> 18 | F36: =SUM('Game Results'!F107+'Game Results'!F125+'Game Results'!F604+'Game Results'!F622+'Game Results'!F647+'Game Results'!F665+'Game Results'!F899+'Game Results'!F1198+'Game Results'!F1180+'Game Results'!F1313+'Game Results'!F1295+'Game Results'!F917+'Game Results'!F1414+'Game Results'!F1396+'Game Results'!F485) -> 0 | G36: =SUM('Game Results'!G107+'Game Results'!G125+'Game Results'!G604+'Game Results'!G622+'Game Results'!G647+'Game Results'!G665+'Game Results'!G899+'Game Results'!G1198+'Game Results'!G1180+'Game Results'!G1313+'Game Results'!G1295+'Game Results'!G917+'Game Results'!G1414+'Game Results'!G1396+'Game Results'!G485) -> 45 | H36: =SUM('Game Results'!H107+'Game Results'!H125+'Game Results'!H604+'Game Results'!H622+'Game Results'!H647+'Game Results'!H665+'Game Results'!H899+'Game Results'!H1198+'Game Results'!H1180+'Game Results'!H1313+'Game Results'!H1295+'Game Results'!H917+'Game Results'!H1414+'Game Results'!H1396+'Game Results'!H485) -> 0 | I36: =SUM('Game Results'!I107+'Game Results'!I125+'Game Results'!I604+'Game Results'!I622+'Game Results'!I647+'Game Results'!I665+'Game Results'!I899+'Game Results'!I1198+'Game Results'!I1180+'Game Results'!I1313+'Game Results'!I1295+'Game Results'!I917+'Game Results'!I1414+'Game Results'!I1396+'Game Results'!I485) -> 64 | J36: =SUM('Game Results'!J107+'Game Results'!J125+'Game Results'!J604+'Game Results'!J622+'Game Results'!J647+'Game Results'!J665+'Game Results'!J899+'Game Results'!J1198+'Game Results'!J1180+'Game Results'!J1313+'Game Results'!J1295+'Game Results'!J917+'Game Results'!J1414+'Game Results'!J1396+'Game Results'!J485) -> -19 | K36: =SUM(G36/I36) -> 0.703125 | L36: =SUM('Game Results'!L107+'Game Results'!L125+'Game Results'!L604+'Game Results'!L622+'Game Results'!L647+'Game Results'!L665+'Game Results'!L899+'Game Results'!L1198+'Game Results'!L1180+'Game Results'!L1313+'Game Results'!L1295+'Game Results'!L917+'Game Results'!L1414+'Game Results'!L1396+'Game Results'!L485) -> 14 | M36: =SUM('Game Results'!M107+'Game Results'!M125+'Game Results'!M604+'Game Results'!M622+'Game Results'!M647+'Game Results'!M665+'Game Results'!M899+'Game Results'!M1198+'Game Results'!M1180+'Game Results'!M1313+'Game Results'!M1295+'Game Results'!M917+'Game Results'!M1414+'Game Results'!M1396+'Game Results'!M485) -> 53 | N36: =SUM('Game Results'!N107+'Game Results'!N125+'Game Results'!N604+'Game Results'!N622+'Game Results'!N647+'Game Results'!N665+'Game Results'!N899+'Game Results'!N1198+'Game Results'!N1180+'Game Results'!N1313+'Game Results'!N1295+'Game Results'!N917+'Game Results'!N1414+'Game Results'!N1396+'Game Results'!N485) -> 1 | O36: =SUM('Game Results'!O107+'Game Results'!O125+'Game Results'!O604+'Game Results'!O622+'Game Results'!O647+'Game Results'!O665+'Game Results'!O899+'Game Results'!O1198+'Game Results'!O1180+'Game Results'!O1313+'Game Results'!O1295+'Game Results'!O917+'Game Results'!O1414+'Game Results'!O1396+'Game Results'!O485) -> 18 | P36: =SUM('Game Results'!P107+'Game Results'!P125+'Game Results'!P604+'Game Results'!P622+'Game Results'!P647+'Game Results'!P665+'Game Results'!P899+'Game Results'!P1198+'Game Results'!P1180+'Game Results'!P1313+'Game Results'!P1295+'Game Results'!P917+'Game Results'!P1414+'Game Results'!P1396+'Game Results'!P485) -> 2 | Q36: =SUM('Game Results'!Q107+'Game Results'!Q125+'Game Results'!Q604+'Game Results'!Q622+'Game Results'!Q647+'Game Results'!Q665+'Game Results'!Q899+'Game Results'!Q1198+'Game Results'!Q1180+'Game Results'!Q1313+'Game Results'!Q1295+'Game Results'!Q917+'Game Results'!Q1414+'Game Results'!Q1396+'Game Results'!Q485) -> 0 | R36: =SUM('Game Results'!R107+'Game Results'!R125+'Game Results'!R604+'Game Results'!R622+'Game Results'!R647+'Game Results'!R665+'Game Results'!R899+'Game Results'!R1198+'Game Results'!R1180+'Game Results'!R1313+'Game Results'!R1295+'Game Results'!R917+'Game Results'!R1414+'Game Results'!R1396+'Game Results'!R485) -> 1 | S36: =SUM('Game Results'!S107+'Game Results'!S125+'Game Results'!S604+'Game Results'!S622+'Game Results'!S647+'Game Results'!S665+'Game Results'!S899+'Game Results'!S1198+'Game Results'!S1180+'Game Results'!S1313+'Game Results'!S1295+'Game Results'!S917+'Game Results'!S1414+'Game Results'!S1396+'Game Results'!S485) -> 3 | ... AH36: =SUM('Game Results'!AH107+'Game Results'!AH125+'Game Results'!AH604+'Game Results'!AH622+'Game Results'!AH647+'Game Results'!AH665+'Game Results'!AH899+'Game Results'!AH1198+'Game Results'!AH1180+'Game Results'!AH1313+'Game Results'!AH1295+'Game Results'!AH917+'Game Results'!AH1414+'Game Results'!AH1396+'Game Results'!AH485) -> 0
A37: Totals: | C37: =SUM(C31:C36)/4 -> 15 | D37: =SUM(D31:D36)/4 -> 3 | E37: =SUM(E31:E36)/4 -> 320.11667 | F37: =SUM(F31:F36) -> 27 | G37: =SUM(G31:G36) -> 4205 | H37: =SUM(H31:H36) -> 26 | I37: =SUM(I31:I36) -> 4648 | J37: =SUM(J31:J36) -> -443 | K37: =SUM(G37/I37) -> 0.90469019 | L37: =SUM(L31:L36)/4 -> 212.25 | M37: =SUM(M31:M36) -> 5317 | N37: =SUM(N31:N36)/4 -> 14.75 | O37: =SUM(O30:O36) -> 8798.0167 | P37: =SUM(P31:P36) -> 156 | Q37: =SUM(Q31:Q36) -> 88 | R37: =SUM(R31:R36) -> 218 | S37: =SUM(S31:S36) -> 97 | T37: =SUM(T31:T36) -> 557 | U37: =SUM(U31:U36) -> 114 | V37: =SUM(V31:V36) -> 35 | W37: =SUM(W31:W36) -> 6 | ... AH37: =SUM(AH31:AH36) -> 1
A38: On the Fence | B38: Juc | C38: =SUM('Game Results'!C174+'Game Results'!C185+'Game Results'!C498+'Game Results'!C516+'Game Results'!C707+'Game Results'!C725+'Game Results'!C1020+'Game Results'!C1002+'Game Results'!C347+'Game Results'!C365+'Game Results'!C1733+'Game Results'!C1715+'Game Results'!C1488+'Game Results'!C1470) -> 12 | D38: =SUM('Game Results'!D174+'Game Results'!D185+'Game Results'!D498+'Game Results'!D516+'Game Results'!D707+'Game Results'!D725+'Game Results'!D1020+'Game Results'!D1002+'Game Results'!D347+'Game Results'!D365+'Game Results'!D1733+'Game Results'!D1715+'Game Results'!D1488+'Game Results'!D1470) -> 1 | E38: =SUM('Game Results'!E174+'Game Results'!E185+'Game Results'!E498+'Game Results'!E516+'Game Results'!E707+'Game Results'!E725+'Game Results'!E1020+'Game Results'!E1002+'Game Results'!E347+'Game Results'!E365+'Game Results'!E1733+'Game Results'!E1715+'Game Results'!E1488+'Game Results'!E1470) -> 248.26667 | F38: =SUM('Game Results'!F174+'Game Results'!F185+'Game Results'!F498+'Game Results'!F516+'Game Results'!F707+'Game Results'!F725+'Game Results'!F1020+'Game Results'!F1002+'Game Results'!F347+'Game Results'!F365+'Game Results'!F1733+'Game Results'!F1715+'Game Results'!F1488+'Game Results'!F1470) -> 3 | G38: =SUM('Game Results'!G174+'Game Results'!G185+'Game Results'!G498+'Game Results'!G516+'Game Results'!G707+'Game Results'!G725+'Game Results'!G1020+'Game Results'!G1002+'Game Results'!G347+'Game Results'!G365+'Game Results'!G1733+'Game Results'!G1715+'Game Results'!G1488+'Game Results'!G1470) -> 830 | H38: =SUM('Game Results'!H174+'Game Results'!H185+'Game Results'!H498+'Game Results'!H516+'Game Results'!H707+'Game Results'!H725+'Game Results'!H1020+'Game Results'!H1002+'Game Results'!H347+'Game Results'!H365+'Game Results'!H1733+'Game Results'!H1715+'Game Results'!H1488+'Game Results'!H1470) -> 7 | I38: =SUM('Game Results'!I174+'Game Results'!I185+'Game Results'!I498+'Game Results'!I516+'Game Results'!I707+'Game Results'!I725+'Game Results'!I1020+'Game Results'!I1002+'Game Results'!I347+'Game Results'!I365+'Game Results'!I1733+'Game Results'!I1715+'Game Results'!I1488+'Game Results'!I1470) -> 1060 | J38: =SUM('Game Results'!J174+'Game Results'!J185+'Game Results'!J498+'Game Results'!J516+'Game Results'!J707+'Game Results'!J725+'Game Results'!J1020+'Game Results'!J1002+'Game Results'!J347+'Game Results'!J365+'Game Results'!J1733+'Game Results'!J1715+'Game Results'!J1488+'Game Results'!J1470) -> -230 | K38: =SUM(G38/I38) -> 0.78301887 | L38: =SUM('Game Results'!L174+'Game Results'!L185+'Game Results'!L498+'Game Results'!L516+'Game Results'!L707+'Game Results'!L725+'Game Results'!L1020+'Game Results'!L1002+'Game Results'!L347+'Game Results'!L365+'Game Results'!L1733+'Game Results'!L1715+'Game Results'!L1488+'Game Results'!L1470) -> 130 | M38: =SUM('Game Results'!M174+'Game Results'!M185+'Game Results'!M498+'Game Results'!M516+'Game Results'!M707+'Game Results'!M725+'Game Results'!M1020+'Game Results'!M1002+'Game Results'!M347+'Game Results'!M365+'Game Results'!M1733+'Game Results'!M1715+'Game Results'!M1488+'Game Results'!M1470) -> 1053 | N38: =SUM('Game Results'!N174+'Game Results'!N185+'Game Results'!N498+'Game Results'!N516+'Game Results'!N707+'Game Results'!N725+'Game Results'!N1020+'Game Results'!N1002+'Game Results'!N347+'Game Results'!N365+'Game Results'!N1733+'Game Results'!N1715+'Game Results'!N1488+'Game Results'!N1470) -> 12 | O38: =SUM('Game Results'!O174+'Game Results'!O185+'Game Results'!O498+'Game Results'!O516+'Game Results'!O707+'Game Results'!O725+'Game Results'!O1020+'Game Results'!O1002+'Game Results'!O347+'Game Results'!O365+'Game Results'!O1733+'Game Results'!O1715+'Game Results'!O1488+'Game Results'!O1470) -> 248.26667 | P38: =SUM('Game Results'!P174+'Game Results'!P185+'Game Results'!P498+'Game Results'!P516+'Game Results'!P707+'Game Results'!P725+'Game Results'!P1020+'Game Results'!P1002+'Game Results'!P347+'Game Results'!P365+'Game Results'!P1733+'Game Results'!P1715+'Game Results'!P1488+'Game Results'!P1470) -> 27 | Q38: =SUM('Game Results'!Q174+'Game Results'!Q185+'Game Results'!Q498+'Game Results'!Q516+'Game Results'!Q707+'Game Results'!Q725+'Game Results'!Q1020+'Game Results'!Q1002+'Game Results'!Q347+'Game Results'!Q365+'Game Results'!Q1733+'Game Results'!Q1715+'Game Results'!Q1488+'Game Results'!Q1470) -> 19 | R38: =SUM('Game Results'!R174+'Game Results'!R185+'Game Results'!R498+'Game Results'!R516+'Game Results'!R707+'Game Results'!R725+'Game Results'!R1020+'Game Results'!R1002+'Game Results'!R347+'Game Results'!R365+'Game Results'!R1733+'Game Results'!R1715+'Game Results'!R1488+'Game Results'!R1470) -> 40 | S38: =SUM('Game Results'!S174+'Game Results'!S185+'Game Results'!S498+'Game Results'!S516+'Game Results'!S707+'Game Results'!S725+'Game Results'!S1020+'Game Results'!S1002+'Game Results'!S347+'Game Results'!S365+'Game Results'!S1733+'Game Results'!S1715+'Game Results'!S1488+'Game Results'!S1470) -> 14 | ... AH38: =SUM('Game Results'!AH174+'Game Results'!AH185+'Game Results'!AH498+'Game Results'!AH516+'Game Results'!AH707+'Game Results'!AH725+'Game Results'!AH1020+'Game Results'!AH1002+'Game Results'!AH347+'Game Results'!AH365+'Game Results'!AH1733+'Game Results'!AH1715+'Game Results'!AH1488+'Game Results'!AH1470) -> 0
