Workbook

Sheet Schedule
A1: f | B1: Sunday | D1: Monday | F1: Tuesday | H1: Wednesday | J1: Thursday | L1: Friday | N1: Saturday
A3: Date | B3: 43127 | D3: 43128 | F3: 43129 | H3: 43130 | J3: 43131 | L3: 43132 | N3: 43133 | P3: Date
A4: 8:00pm est | D4: Tuna (5) @ CD (2) | J4: SR (5) @ Knights (2) | K4: TBD (0) @ RBB (5) | P4: 8:00pm est | Q4: Team Name | R4: Abb. | S4: Wins | T4: Losses | U4: Goals | V4: Goals Against | W4: Goal Eff
A5: 8:00pm est | F5: NLG (0) @ Str8 (5) | J5: Str8 (5) @ Pls (4) | P5: 8:00pm est | Q5: Str8 Griffin | R5: Str8 | S5: 21 | T5: 1 | U5: 87 | V5: 24 | W5: =U5/(U5+V5) -> 0.78378378
A6: 9:00pm est | B6: Standings to the right of Calendar | D6: CD (5) @ PW (0) | G6: TBD (3) @ Tuna (5) | H6: RBB (5) @ Tuna (0) | I6: Ninja (5) @ PW (3) | J6: TBD (2) @ SR (5) | K6: RBB (5) @ Knights (1) | P6: 9:00pm est | Q6: We Respect Hoez | R6: Pls | S6: 18 | T6: 4 | U6: 82 | V6: 42 | W6: =U6/(U6+V6) -> 0.66129032
A7: 9:00pm est | F7: Str8 (5) @ WTF (3) | G7: NLG (5) @ SPU (1) | J7: SPU (FF L) @ Str8 (FF W) | K7: NLG (5) @ Ninja (0) | P7: 9:00pm est | Q7: Way To Fail | R7: WTF | S7: 15 | T7: 7 | U7: 78 | V7: 44 | W7: =U7/(U7+V7) -> 0.63934426
A8: 10:00pm est | F8: Tuna (5) @ Knights (0) | G8: TBD (5) @ SML08 (4) | H8: SML08 (1) @ Tuna (5) | I8: SR (0) @ RBB (5) | J8: WTF (5) @ Ninja (0) | K8: Pork @ NLG (FF W) | P8: 10:00pm est | Q8: Never Let Go | R8: NLG | S8: 14 | T8: 8 | U8: 68 | V8: 49 | W8: =U8/(U8+V8) -> 0.58119658
A9: 10:00pm est | F9: WTF (5) @ SPU (2) | G9: Ninja (0) @ Ncro (5) | P9: 10:00pm est | Q9: Collateral Damage | R9: CD | S9: 8 | T9: 14 | U9: 22 | V9: 59 | W9: =U9/(U9+V9) -> 0.27160494
A10: 11:00pm est | F10: SML08 (5) @ Knights (2) | G10: Ncro (5) @ Pork (0) | H10: SML08 (2) @ SR (5) | J10: Pork (1) @ WTF (5) | P10: 11:00pm est | Q10: Paradox Warriors | R10: PW | S10: 6 | T10: 16 | U10: 8 | V10: 80 | W10: =U10/(U10+V10) -> 0.090909091
A11: 11:00pm est | P11: 11:00pm est | Q11: NecroBonk | R11: Ncro | S11: 3 | T11: 19 | U11: 15 | V11: 23 | W11: =U11/(U11+V11) -> 0.39473684
Q12: Stat Padders United | R12: SPU | S12: 0 | T12: 22 | U12: 3 | V12: 15 | W12: =U12/(U12+V12) -> 0.16666667
A13: Date | B13: 43134 | D13: 43135 | F13: 43136 | H13: 43137 | J13: 43138 | L13: 43139 | N13: 43140 | P13: Date
A14: 8:00pm est | F14: Ninja (5) @ Pork (2) | G14: TBD (5) @ Knights (2) | H14: Ninja (0) @ SR (5) | I14: RBB (5) @ Pork (0) | J14: NLG (5) @ PW (0) | P14: 8:00pm est | Q14: Team Name | R14: Abb. | S14: Wins | T14: Losses | U14: Goals | V14: Goals Against | W14: Goal Eff
A15: 8:00pm est | H15: NLG (5) @ CD (0) | J15: RBB (4) @ Str8 (5) | P15: 8:00pm est | Q15: Rooster Bux to Blow | R15: RBB | S15: 20 | T15: 2 | U15: 96 | V15: 22 | W15: =U15/(U15+V15) -> 0.81355932
A16: 9:00pm est | F16: Knights (5) @ Ninja (2) | G16: TBD (FF W) @ Pork | H16: RBB (5) @ Ninja (0) | I16: Pork (2) @ SR (5) | J16: Pls (3) @ NLG (5) | K16: WTF (5) @ PW (1) | P16: 9:00pm est | Q16: Shadow Realm | R16: SR | S16: 16 | T16: 6 | U16: 72 | V16: 50 | W16: =U16/(U16+V16) -> 0.59016393
A17: 9:00pm est | H17: PW (1) @ Knights (5) | L17: Str8 (5) @ PW (0) | P17: 9:00pm est | Q17: Our Lady Tuna | R17: Tuna | S17: 14 | T17: 8 | U17: 67 | V17: 54 | W17: =U17/(U17+V17) -> 0.55371901
A18: 10:00pm est | D18: CD (FF W) @ SPU (FF L) | E18: Pls (5) @ SML08 (0) | G18: SPU (0) @ Pls (5) | J18: Pls (5) @ WTF (3) | P18: 10:00pm est | Q18: SML08 All Stars and Kazink | R18: SML08 | S18: 12 | T18: 10 | U18: 62 | V18: 65 | W18: =U18/(U18+V18) -> 0.48818898
A19: 10:00pm est | D19: Ncro (0) @ RBB (5) | F19: Ncro (0) @ WTF (5) | G19: SML08 (1) @ Str8 (5) | L19: Ncro (0) @ Str8 (5) | P19: 10:00pm est | Q19: Lumbridge White Knights | R19: Knights | S19: 12 | T19: 10 | U19: 62 | V19: 65 | W19: =U19/(U19+V19) -> 0.48818898
A20: 11:00pm est | D20: Ncro @ SPU (DBL FF) | E20: SR (5) @ CD (0) | F20: SML08 (5) @ WTF (4) | P20: 11:00pm est | Q20: TBD | R20: TBD | S20: 9 | T20: 13 | U20: 49 | V20: 74 | W20: =U20/(U20+V20) -> 0.39837398
A21: 11:00pm est | F21: Ncro (5) @ Pls (3) | L21: NLG (5) @ Ncro (0) | P21: 11:00pm est | Q21: Team Ninja | R21: Ninja | S21: 5 | T21: 17 | U21: 26 | V21: 86 | W21: =U21/(U21+V21) -> 0.23214286
Q22: PORKCHOP SANDWICHES | R22: Pork | S22: 1 | T22: 21 | U22: 10 | V22: 55 | W22: =U22/(U22+V22) -> 0.15384615
A23: Date | B23: 43141 | D23: 43142 | F23: 43143 | H23: 43144 | J23: 43145 | L23: 43146 | N23: 43147 | P23: Date | S23: =SUM(S5:S12,S15:S22) -> 174 | T23: =SUM(T5:T12,T15:T22) -> 178 | U23: =SUM(U5:U12,U15:U22) -> 807 | V23: =SUM(V5:V12,V15:V22) -> 807
A24: 8:00pm est | F24: TBD (5) @ Ninja (1) | H24: Tuna (5) @ Ninja (1) | J24: TBD (5) @ PW (0) | P24: 8:00pm est | Q24: Color=Rescheduled | T24: 2 DBL FF
A25: 8:00pm est | F25: Knights (0) @ Str8 (5) | H25: SML08 (5) @ NLG (3) | J25: NLG (2) @ SR (5) | P25: 8:00pm est
A26: 9:00pm est | B26: Str8 (5) @ CD (0) | D26: Pls (5) @ PW (1) | F26: Str8 (5) @ TBD (0) | G26: SPU (FF L)@ Tuna (FF W) | H26: SR (5) @ Tuna (1) | I26: CD (1) @ Knights (5) | J26: TBD (0) @ Pls (5) | K26: PW (0) @ SML08 (5) | P26: 9:00pm est | Q26: Wild Card Standings | R26: Abb. | S26: Wins | T26: Losses | U26: Goals | V26: Goals Against | W26: Goal Eff
A27: 9:00pm est | J27: NLG (5) @ WTF (0) | K27: SR (2) @ Pls (5) | P27: 9:00pm est | Q27: We Respect Hoez | R27: Pls | S27: 18 | T27: 4 | U27: 82 | V27: 42 | W27: =U27/(U27+V27) -> 0.66129032
A28: 10:00pm est | D28: CD (2) @ Pls (5) | E28: Ncro @ PW (FF W) | F28: SML08 (5) @ Ninja (2) | G28: Pork (0) @ Tuna (5) | H28: RBB (5) @ SML08 (2) | I28: SR (5) @ PW (0) | J28: SML08 (FF W) @ SPU (FF L) | P28: 10:00pm est | Q28: Shadow Realm | R28: SR | S28: 16 | T28: 6 | U28: 72 | V28: 50 | W28: =U28/(U28+V28) -> 0.59016393
A29: 10:00pm est | F29: Knights (FF W) @ SPU | H29: Knights (5) @ Pork (1) | I29: WTF (5) @ CD (0) | P29: 10:00pm est | Q29: Way To Fail | R29: WTF | S29: 15 | T29: 7 | U29: 78 | V29: 44 | W29: =U29/(U29+V29) -> 0.63934426
A30: 11:00pm est | D30: CD (FF W) @ Ncro (FF L) | F30: SML08 (5) @ Pork (1) | H30: RBB (5) @ WTF (2) | P30: 11:00pm est | Q30: Never Let Go | R30: NLG | S30: 14 | T30: 8 | U30: 68 | V30: 49 | W30: =U30/(U30+V30) -> 0.58119658
A31: 11:00pm est | P31: 11:00pm est | Q31: Our Lady Tuna | R31: Tuna | S31: 14 | T31: 8 | U31: 67 | V31: 54 | W31: =U31/(U31+V31) -> 0.55371901
Q32: SML08 All Stars and Kazink | R32: SML08 | S32: 12 | T32: 10 | U32: 62 | V32: 65 | W32: =U32/(U32+V32) -> 0.48818898
A33: Date | B33: 43148 | D33: 43149 | F33: 43150 | H33: 43151 | J33: 43152 | L33: 43153 | N33: 43154 | P33: Date | Q33: Lumbridge White Knights | R33: Knights | S33: 12 | T33: 10 | U33: 62 | V33: 65 | W33: =U33/(U33+V33) -> 0.48818898
A34: 8:00pm est | F34: Pork (1) @ Ninja (5) | G34: Knights (5) @ TBD (2) | H34: SR (5) @ Ninja (1) | I34: Pork @ RBB (FF W) | J34: PW (FF W) @ Pork | P34: 8:00pm est | Q34: TBD | R34: TBD | S34: 9 | T34: 13 | U34: 49 | V34: 74 | W34: =U34/(U34+V34) -> 0.39837398
A35: 8:00pm est | F35: Str8 (5) @ NLG (0) | H35: NLG (5) @ TBD (3) | J35: Str8 (FF W) @ SPU (L) | K35: Pls (2) @ RBB (5) | P35: 8:00pm est | Q35: Collateral Damage | R35: CD | S35: 8 | T35: 14 | U35: 22 | V35: 59 | W35: =U35/(U35+V35) -> 0.27160494
A36: 9:00pm est | D36: Pork (FF W) @ SPU (FF L) | E36: Tuna (4) @ Pls (5) | F36: Ninja (3) @ Knights (5) | G36: Pork (1) @ TBD (5) | H36: Ninja (0) @ RBB (5) | I36: SR (FF W) @ Pork | J36: Knights (5) @ NLG (2) | K36: PW (FF W) @ SPU (L) | P36: 9:00pm est | Q36: Paradox Warriors | R36: PW | S36: 6 | T36: 16 | U36: 8 | V36: 80 | W36: =U36/(U36+V36) -> 0.090909091
A37: 9:00pm est | F37: WTF (1) @ Str8 (5) | G37: SPU (L) @ NLG (FF W) | H37: Tuna (5) @ PW (0) | J37: Pls (5) @ Str8 (2) | K37: CD (1) @ RBB (5) | P37: 9:00pm est | Q37: Team Ninja | R37: Ninja | S37: 5 | T37: 17 | U37: 26 | V37: 86 | W37: =U37/(U37+V37) -> 0.23214286
A38: 10:00pm est | D38: Ncro (FF L) @ SML08 (FF W) | E38: CD (FF W) @ Pork | I38: WTF (5) @ TBD (1) | K38: NLG (5) @ Tuna (2) | P38: 10:00pm est | Q38: NecroBonk | R38: Ncro | S38: 3 | T38: 19 | U38: 15 | V38: 23 | W38: =U38/(U38+V38) -> 0.39473684
A39: 10:00pm est | D39: Pls (5) @ Knights (3) | F39: SPU (L) @ WTF (FF W) | P39: 10:00pm est | Q39: PORKCHOP SANDWICHES | R39: Pork | S39: 1 | T39: 21 | U39: 10 | V39: 55 | W39: =U39/(U39+V39) -> 0.15384615
A40: 11:00pm est | D40: CD (5) @ SML08 (2) | E40: Ncro @ Knights (FF W) | F40: SR (FF W) @ Ncro (L) | H40: WTF (5) @ Tuna (0) | P40: 11:00pm est | Q40: Stat Padders United | R40: SPU | S40: 0 | T40: 22 | U40: 3 | V40: 15 | W40: =U40/(U40+V40) -> 0.16666667
A41: 11:00pm est | P41: 11:00pm est | S41: =SUM(S27:S40)+S5+S15 -> 174 | T41: =SUM(T27:T40)+T5+T15 -> 178 | U41: =SUM(U27:U40)+U5+U15 -> 807 | V41: =SUM(V27:V40)+V5+V15 -> 807
A43: Date | B43: 43155 | D43: 43156 | F43: 43157 | H43: 43158 | J43: 43159 | L43: 43160 | N43: 43161 | P43: Date
A44: 8:00pm est | J44: Knights (4) @ SR (5) | K44: RBB (5) @ TBD (1) | P44: 8:00pm est
A45: 8:00pm est | H45: CD (0) @ NLG (5) | J45: PW (0) @ NLG (5) | P45: 8:00pm est
A46: 9:00pm est | B46: CD (1) @ Str8 (5) | D46: PW (FF W) @ CD | F46: Str8 (5) @ Ninja (0) | G46: Tuna (5) @ TBD (3) | H46: Tuna (0) @ RBB (5) | J46: SR (5) @ TBD (1) | K46: Knights (1) @ RBB (5) | P46: 9:00pm est
A47: 9:00pm est | H47: Ninja (FF W) @ CD | J47: PW (1) @ WTF (5) | K47: NLG (4) @ Pls (5) | P47: 9:00pm est
A48: 10:00pm est | D48: SPU @ CD (FF W) | E48: (FF W) Tuna @ Ncro | F48: Knights (5) @ Tuna (1) | G48: SML08 (5) @ TBD (1) | H48: Tuna (5) @ SML08 (1) | I48: RBB (5) @ SR (1) | J48: Pork @ Str8 (FF W) | P48: 10:00pm est
A49: 10:00pm est | F49: Pls (FF W) @ Ncro | G49: SPU @ Ninja (FF W) | J49: WTF (0) @ Pls (5) | P49: 10:00pm est
A50: 11:00pm est | D50: SPU @ Ncro (DBL FF) | F50: Knights (5) @ SML08 (2) | H50: SR (5) @ SML08 (2) | P50: 11:00pm est
A51: 11:00pm est | F51: Pls (FF W) @ SPU | G51: WTF (FF W) @ Ncro | P51: 11:00pm est
A53: Date | B53: 43162 | D53: 43163 | F53: 43164 | H53: 43165 | J53: 43166 | L53: 43167 | N53: 43168 | P53: Date
A54: 8:00pm est | H54: TBD (2) @ CD (5) | I54: Ninja (1) @ Tuna (5) | J54: Str8 (5) @ Tuna (4) | L54: PW (0) @ Str8 (5) | P54: 8:00pm est
A55: 8:00pm est | H55: Ninja (0) @ Pls (5) | J55: RBB (5) @ NLG (1) | P55: 8:00pm est
A56: 9:00pm est | D56: PW (1) @ Pls (5) | F56: Ninja (1) @ TBD (5) | H56: Tuna (5) @ SR (2) | I56: Pork @ Knights (FF W) | J56: Str8 (5) @ SR (1) | K56: RBB (FF W) @ SPU | L56: SPU @ PW (FF W) | P56: 9:00pm est
A57: 9:00pm est | H57: CD (0) @ WTF (5) | I57: PW (0) @ RBB (5) | J57: WTF (5) @ NLG (0) | P57: 9:00pm est
A58: 10:00pm est | D58: Pls (FF W) @ CD | E58: PW (FF W) @ Ncro | F58: Ninja (0) @ SML08 (5) | G58: Tuna (FF W) @ Pork | H58: SML08 (5) @ RBB (2) | I58: WTF (5) @ SR (1) | J58: SPU @ SR (FF W) | L58: SPU @ TBD (FF W) | P58: 10:00pm est
A59: 10:00pm est | F59: TBD (FF W) @ Ncro | H59: Pls (FF W) @ Pork | J59: Knights (2) @ WTF (5) | L59: Str8 (FF W) @ Ncro | P59: 10:00pm est
A60: 11:00pm est | D60: Ncro @ CD (FF W) | F60: Pork @ SML08 (FF W) | P60: 11:00pm est
A61: 11:00pm est | L61: Ncro @ NLG (FF W) | P61: 11:00pm est

Sheet Team and Player Stats
A1: AGLA WL19 Rosters and Regular Season Statistics
A2: Team | B2: Player | C2: Games Played | D2: Wins | E2: Minutes | F2: Goals | G2: Kills | H2: Assists | I2: Deaths | J2: Spread | K2: K/D Ratio | L2: Average Life | M2: Medals | N2: Games with Medals | O2: Minutes | P2: Carrier Kills | Q2: Beatdown | R2: Bulltrue | S2: Killjoys | T2: Double Kill | U2: Triple Kill | V2: Overkill | W2: Killtacular | X2: Killtrocity | Y2: Killmanjaro | Z2: Killpocalypse | AA2: Killtastrophe | AB2: Killionaire | AC2: Killing Spree | AD2: Killing Frenzy | AE2: Running Riot | AF2: Rampage | AG2: Extermination | AH2: Sword Spree
A3: Never Let Go | B3: AtoneMilitant (c) | C3: =SUM('Game Results'!C70+'Game Results'!C118+'Game Results'!C449+'Game Results'!C809+'Game Results'!C887+'Game Results'!C926+'Game Results'!C1020+'Game Results'!C2584+'Game Results'!C1535+'Game Results'!C2162+'Game Results'!C1763+'Game Results'!C1921+'Game Results'!C1311+'Game Results'!C2097+'Game Results'!C1484+'Game Results'!C2670+'Game Results'!C2435+'Game Results'!C3099+'Game Results'!C3153) -> 17 | D3: =SUM('Game Results'!D70+'Game Results'!D118+'Game Results'!D449+'Game Results'!D809+'Game Results'!D887+'Game Results'!D926+'Game Results'!D1020+'Game Results'!D2584+'Game Results'!D1535+'Game Results'!D2162+'Game Results'!D1763+'Game Results'!D1921+'Game Results'!D1311+'Game Results'!D2097+'Game Results'!D1484+'Game Results'!D2670+'Game Results'!D2435+'Game Results'!D3099+'Game Results'!D3153) -> 9 | E3: =SUM('Game Results'!E70+'Game Results'!E118+'Game Results'!E449+'Game Results'!E809+'Game Results'!E887+'Game Results'!E926+'Game Results'!E1020+'Game Results'!E2584+'Game Results'!E1535+'Game Results'!E2162+'Game Results'!E1763+'Game Results'!E1921+'Game Results'!E1311+'Game Results'!E2097+'Game Results'!E1484+'Game Results'!E2670+'Game Results'!E2435+'Game Results'!E3099+'Game Results'!E3153) -> 203.51667 | F3: =SUM('Game Results'!F70+'Game Results'!F118+'Game Results'!F449+'Game Results'!F809+'Game Results'!F887+'Game Results'!F926+'Game Results'!F1020+'Game Results'!F2584+'Game Results'!F1535+'Game Results'!F2162+'Game Results'!F1763+'Game Results'!F1921+'Game Results'!F1311+'Game Results'!F2097+'Game Results'!F1484+'Game Results'!F2670+'Game Results'!F2435+'Game Results'!F3099+'Game Results'!F3153) -> 10 | G3: =SUM('Game Results'!G70+'Game Results'!G118+'Game Results'!G449+'Game Results'!G809+'Game Results'!G887+'Game Results'!G926+'Game Results'!G1020+'Game Results'!G2584+'Game Results'!G1535+'Game Results'!G2162+'Game Results'!G1763+'Game Results'!G1921+'Game Results'!G1311+'Game Results'!G2097+'Game Results'!G1484+'Game Results'!G2670+'Game Results'!G2435+'Game Results'!G3099+'Game Results'!G3153) -> 853 | H3: =SUM('Game Results'!H70+'Game Results'!H118+'Game Results'!H449+'Game Results'!H809+'Game Results'!H887+'Game Results'!H926+'Game Results'!H1020+'Game Results'!H2584+'Game Results'!H1535+'Game Results'!H2162+'Game Results'!H1763+'Game Results'!H1921+'Game Results'!H1311+'Game Results'!H2097+'Game Results'!H1484+'Game Results'!H2670+'Game Results'!H2435+'Game Results'!H3099+'Game Results'!H3153) -> 2 | I3: =SUM('Game Results'!I70+'Game Results'!I118+'Game Results'!I449+'Game Results'!I809+'Game Results'!I887+'Game Results'!I926+'Game Results'!I1020+'Game Results'!I2584+'Game Results'!I1535+'Game Results'!I2162+'Game Results'!I1763+'Game Results'!I1921+'Game Results'!I1311+'Game Results'!I2097+'Game Results'!I1484+'Game Results'!I2670+'Game Results'!I2435+'Game Results'!I3099+'Game Results'!I3153) -> 908 | J3: =SUM('Game Results'!J70+'Game Results'!J118+'Game Results'!J449+'Game Results'!J809+'Game Results'!J887+'Game Results'!J926+'Game Results'!J1020+'Game Results'!J2584+'Game Results'!J1535+'Game Results'!J2162+'Game Results'!J1763+'Game Results'!J1921+'Game Results'!J1311+'Game Results'!J2097+'Game Results'!J1484+'Game Results'!J2670+'Game Results'!J2435+'Game Results'!J3099+'Game Results'!J3153) -> -55 | K3: =SUM(G3/I3) -> 0.93942731 | L3: =SUM(E3*60)/I3 -> 13.448238 | M3: =SUM('Game Results'!M70+'Game Results'!M118+'Game Results'!M449+'Game Results'!M809+'Game Results'!M887+'Game Results'!M926+'Game Results'!M1020+'Game Results'!M2584+'Game Results'!M1535+'Game Results'!M2162+'Game Results'!M1763+'Game Results'!M1921+'Game Results'!M1311+'Game Results'!M2097+'Game Results'!M1484+'Game Results'!M2670+'Game Results'!M2435+'Game Results'!M3099+'Game Results'!M3153) -> 1029 | N3: =SUM('Game Results'!N70+'Game Results'!N118+'Game Results'!N449+'Game Results'!N809+'Game Results'!N887+'Game Results'!N926+'Game Results'!N1020+'Game Results'!N2584+'Game Results'!N1535+'Game Results'!N2162+'Game Results'!N1763+'Game Results'!N1921+'Game Results'!N1311+'Game Results'!N2097+'Game Results'!N1484+'Game Results'!N2670+'Game Results'!N2435+'Game Results'!N3099+'Game Results'!N3153) -> 17 | O3: =SUM('Game Results'!O70+'Game Results'!O118+'Game Results'!O449+'Game Results'!O809+'Game Results'!O887+'Game Results'!O926+'Game Results'!O1020+'Game Results'!O2584+'Game Results'!O1535+'Game Results'!O2162+'Game Results'!O1763+'Game Results'!O1921+'Game Results'!O1311+'Game Results'!O2097+'Game Results'!O1484+'Game Results'!O2670+'Game Results'!O2435+'Game Results'!O3099+'Game Results'!O3153) -> 196.08333 | P3: =SUM('Game Results'!P70+'Game Results'!P118+'Game Results'!P449+'Game Results'!P809+'Game Results'!P887+'Game Results'!P926+'Game Results'!P1020+'Game Results'!P2584+'Game Results'!P1535+'Game Results'!P2162+'Game Results'!P1763+'Game Results'!P1921+'Game Results'!P1311+'Game Results'!P2097+'Game Results'!P1484+'Game Results'!P2670+'Game Results'!P2435+'Game Results'!P3099+'Game Results'!P3153) -> 30 | Q3: =SUM('Game Results'!Q70+'Game Results'!Q118+'Game Results'!Q449+'Game Results'!Q809+'Game Results'!Q887+'Game Results'!Q926+'Game Results'!Q1020+'Game Results'!Q2584+'Game Results'!Q1535+'Game Results'!Q2162+'Game Results'!Q1763+'Game Results'!Q1921+'Game Results'!Q1311+'Game Results'!Q2097+'Game Results'!Q1484+'Game Results'!Q2670+'Game Results'!Q2435+'Game Results'!Q3099+'Game Results'!Q3153) -> 14 | R3: =SUM('Game Results'!R70+'Game Results'!R118+'Game Results'!R449+'Game Results'!R809+'Game Results'!R887+'Game Results'!R926+'Game Results'!R1020+'Game Results'!R2584+'Game Results'!R1535+'Game Results'!R2162+'Game Results'!R1763+'Game Results'!R1921+'Game Results'!R1311+'Game Results'!R2097+'Game Results'!R1484+'Game Results'!R2670+'Game Results'!R2435+'Game Results'!R3099+'Game Results'!R3153) -> 63 | S3: =SUM('Game Results'!S70+'Game Results'!S118+'Game Results'!S449+'Game Results'!S809+'Game Results'!S887+'Game Results'!S926+'Game Results'!S1020+'Game Results'!S2584+'Game Results'!S1535+'Game Results'!S2162+'Game Results'!S1763+'Game Results'!S1921+'Game Results'!S1311+'Game Results'!S2097+'Game Results'!S1484+'Game Results'!S2670+'Game Results'!S2435+'Game Results'!S3099+'Game Results'!S3153) -> 19 | T3: =SUM('Game Results'!T70+'Game Results'!T118+'Game Results'!T449+'Game Results'!T809+'Game Results'!T887+'Game Results'!T926+'Game Results'!T1020+'Game Results'!T2584+'Game Results'!T1535+'Game Results'!T2162+'Game Results'!T1763+'Game Results'!T1921+'Game Results'!T1311+'Game Results'!T2097+'Game Results'!T1484+'Game Results'!T2670+'Game Results'!T2435+'Game Results'!T3099+'Game Results'!T3153) -> 114 | ... AH3: =SUM('Game Results'!AH70+'Game Results'!AH118+'Game Results'!AH449+'Game Results'!AH809+'Game Results'!AH887+'Game Results'!AH926+'Game Results'!AH1020+'Game Results'!AH2584+'Game Results'!AH1535+'Game Results'!AH2162+'Game Results'!AH1763+'Game Results'!AH1921+'Game Results'!AH1311+'Game Results'!AH2097+'Game Results'!AH1484+'Game Results'!AH2670+'Game Results'!AH2435+'Game Results'!AH3099+'Game Results'!AH3153) -> 0
A4: Never Let Go | B4: Melvishdon | C4: =SUM('Game Results'!C71+'Game Results'!C119+'Game Results'!C450+'Game Results'!C810+'Game Results'!C888+'Game Results'!C927+'Game Results'!C1021+'Game Results'!C2585+'Game Results'!C1536+'Game Results'!C2163+'Game Results'!C1764+'Game Results'!C1922+'Game Results'!C1312+'Game Results'!C2098+'Game Results'!C1485+'Game Results'!C2671+'Game Results'!C2436+'Game Results'!C3100+'Game Results'!C3154) -> 12 | D4: =SUM('Game Results'!D71+'Game Results'!D119+'Game Results'!D450+'Game Results'!D810+'Game Results'!D888+'Game Results'!D927+'Game Results'!D1021+'Game Results'!D2585+'Game Results'!D1536+'Game Results'!D2163+'Game Results'!D1764+'Game Results'!D1922+'Game Results'!D1312+'Game Results'!D2098+'Game Results'!D1485+'Game Results'!D2671+'Game Results'!D2436+'Game Results'!D3100+'Game Results'!D3154) -> 8 | E4: =SUM('Game Results'!E71+'Game Results'!E119+'Game Results'!E450+'Game Results'!E810+'Game Results'!E888+'Game Results'!E927+'Game Results'!E1021+'Game Results'!E2585+'Game Results'!E1536+'Game Results'!E2163+'Game Results'!E1764+'Game Results'!E1922+'Game Results'!E1312+'Game Results'!E2098+'Game Results'!E1485+'Game Results'!E2671+'Game Results'!E2436+'Game Results'!E3100+'Game Results'!E3154) -> 121.83333 | F4: =SUM('Game Results'!F71+'Game Results'!F119+'Game Results'!F450+'Game Results'!F810+'Game Results'!F888+'Game Results'!F927+'Game Results'!F1021+'Game Results'!F2585+'Game Results'!F1536+'Game Results'!F2163+'Game Results'!F1764+'Game Results'!F1922+'Game Results'!F1312+'Game Results'!F2098+'Game Results'!F1485+'Game Results'!F2671+'Game Results'!F2436+'Game Results'!F3100+'Game Results'!F3154) -> 12 | G4: =SUM('Game Results'!G71+'Game Results'!G119+'Game Results'!G450+'Game Results'!G810+'Game Results'!G888+'Game Results'!G927+'Game Results'!G1021+'Game Results'!G2585+'Game Results'!G1536+'Game Results'!G2163+'Game Results'!G1764+'Game Results'!G1922+'Game Results'!G1312+'Game Results'!G2098+'Game Results'!G1485+'Game Results'!G2671+'Game Results'!G2436+'Game Results'!G3100+'Game Results'!G3154) -> 469 | H4: =SUM('Game Results'!H71+'Game Results'!H119+'Game Results'!H450+'Game Results'!H810+'Game Results'!H888+'Game Results'!H927+'Game Results'!H1021+'Game Results'!H2585+'Game Results'!H1536+'Game Results'!H2163+'Game Results'!H1764+'Game Results'!H1922+'Game Results'!H1312+'Game Results'!H2098+'Game Results'!H1485+'Game Results'!H2671+'Game Results'!H2436+'Game Results'!H3100+'Game Results'!H3154) -> 2 | I4: =SUM('Game Results'!I71+'Game Results'!I119+'Game Results'!I450+'Game Results'!I810+'Game Results'!I888+'Game Results'!I927+'Game Results'!I1021+'Game Results'!I2585+'Game Results'!I1536+'Game Results'!I2163+'Game Results'!I1764+'Game Results'!I1922+'Game Results'!I1312+'Game Results'!I2098+'Game Results'!I1485+'Game Results'!I2671+'Game Results'!I2436+'Game Results'!I3100+'Game Results'!I3154) -> 551 | J4: =SUM('Game Results'!J71+'Game Results'!J119+'Game Results'!J450+'Game Results'!J810+'Game Results'!J888+'Game Results'!J927+'Game Results'!J1021+'Game Results'!J2585+'Game Results'!J1536+'Game Results'!J2163+'Game Results'!J1764+'Game Results'!J1922+'Game Results'!J1312+'Game Results'!J2098+'Game Results'!J1485+'Game Results'!J2671+'Game Results'!J2436+'Game Results'!J3100+'Game Results'!J3154) -> -82 | K4: =SUM(G4/I4) -> 0.85117967 | L4: =SUM(E4*60)/I4 -> 13.266788 | M4: =SUM('Game Results'!M71+'Game Results'!M119+'Game Results'!M450+'Game Results'!M810+'Game Results'!M888+'Game Results'!M927+'Game Results'!M1021+'Game Results'!M2585+'Game Results'!M1536+'Game Results'!M2163+'Game Results'!M1764+'Game Results'!M1922+'Game Results'!M1312+'Game Results'!M2098+'Game Results'!M1485+'Game Results'!M2671+'Game Results'!M2436+'Game Results'!M3100+'Game Results'!M3154) -> 641 | N4: =SUM('Game Results'!N71+'Game Results'!N119+'Game Results'!N450+'Game Results'!N810+'Game Results'!N888+'Game Results'!N927+'Game Results'!N1021+'Game Results'!N2585+'Game Results'!N1536+'Game Results'!N2163+'Game Results'!N1764+'Game Results'!N1922+'Game Results'!N1312+'Game Results'!N2098+'Game Results'!N1485+'Game Results'!N2671+'Game Results'!N2436+'Game Results'!N3100+'Game Results'!N3154) -> 12 | O4: =SUM('Game Results'!O71+'Game Results'!O119+'Game Results'!O450+'Game Results'!O810+'Game Results'!O888+'Game Results'!O927+'Game Results'!O1021+'Game Results'!O2585+'Game Results'!O1536+'Game Results'!O2163+'Game Results'!O1764+'Game Results'!O1922+'Game Results'!O1312+'Game Results'!O2098+'Game Results'!O1485+'Game Results'!O2671+'Game Results'!O2436+'Game Results'!O3100+'Game Results'!O3154) -> 121.83333 | P4: =SUM('Game Results'!P71+'Game Results'!P119+'Game Results'!P450+'Game Results'!P810+'Game Results'!P888+'Game Results'!P927+'Game Results'!P1021+'Game Results'!P2585+'Game Results'!P1536+'Game Results'!P2163+'Game Results'!P1764+'Game Results'!P1922+'Game Results'!P1312+'Game Results'!P2098+'Game Results'!P1485+'Game Results'!P2671+'Game Results'!P2436+'Game Results'!P3100+'Game Results'!P3154) -> 24 | Q4: =SUM('Game Results'!Q71+'Game Results'!Q119+'Game Results'!Q450+'Game Results'!Q810+'Game Results'!Q888+'Game Results'!Q927+'Game Results'!Q1021+'Game Results'!Q2585+'Game Results'!Q1536+'Game Results'!Q2163+'Game Results'!Q1764+'Game Results'!Q1922+'Game Results'!Q1312+'Game Results'!Q2098+'Game Results'!Q1485+'Game Results'!Q2671+'Game Results'!Q2436+'Game Results'!Q3100+'Game Results'!Q3154) -> 12 | R4: =SUM('Game Results'!R71+'Game Results'!R119+'Game Results'!R450+'Game Results'!R810+'Game Results'!R888+'Game Results'!R927+'Game Results'!R1021+'Game Results'!R2585+'Game Results'!R1536+'Game Results'!R2163+'Game Results'!R1764+'Game Results'!R1922+'Game Results'!R1312+'Game Results'!R2098+'Game Results'!R1485+'Game Results'!R2671+'Game Results'!R2436+'Game Results'!R3100+'Game Results'!R3154) -> 27 | S4: =SUM('Game Results'!S71+'Game Results'!S119+'Game Results'!S450+'Game Results'!S810+'Game Results'!S888+'Game Results'!S927+'Game Results'!S1021+'Game Results'!S2585+'Game Results'!S1536+'Game Results'!S2163+'Game Results'!S1764+'Game Results'!S1922+'Game Results'!S1312+'Game Results'!S2098+'Game Results'!S1485+'Game Results'!S2671+'Game Results'!S2436+'Game Results'!S3100+'Game Results'!S3154) -> 7 | T4: =SUM('Game Results'!T71+'Game Results'!T119+'Game Results'!T450+'Game Results'!T810+'Game Results'!T888+'Game Results'!T927+'Game Results'!T1021+'Game Results'!T2585+'Game Results'!T1536+'Game Results'!T2163+'Game Results'!T1764+'Game Results'!T1922+'Game Results'!T1312+'Game Results'!T2098+'Game Results'!T1485+'Game Results'!T2671+'Game Results'!T2436+'Game Results'!T3100+'Game Results'!T3154) -> 80 | ... AH4: =SUM('Game Results'!AH71+'Game Results'!AH119+'Game Results'!AH450+'Game Results'!AH810+'Game Results'!AH888+'Game Results'!AH927+'Game Results'!AH1021+'Game Results'!AH2585+'Game Results'!AH1536+'Game Results'!AH2163+'Game Results'!AH1764+'Game Results'!AH1922+'Game Results'!AH1312+'Game Results'!AH2098+'Game Results'!AH1485+'Game Results'!AH2671+'Game Results'!AH2436+'Game Results'!AH3100+'Game Results'!AH3154) -> 0
A5: Never Let Go | B5: Blootzy | C5: =SUM('Game Results'!C72+'Game Results'!C120+'Game Results'!C451+'Game Results'!C811+'Game Results'!C889+'Game Results'!C928+'Game Results'!C1022+'Game Results'!C2586+'Game Results'!C1537+'Game Results'!C2164+'Game Results'!C1765+'Game Results'!C1923+'Game Results'!C1313+'Game Results'!C2099+'Game Results'!C1486+'Game Results'!C2672+'Game Results'!C2437+'Game Results'!C3101+'Game Results'!C3155) -> 18 | D5: =SUM('Game Results'!D72+'Game Results'!D120+'Game Results'!D451+'Game Results'!D811+'Game Results'!D889+'Game Results'!D928+'Game Results'!D1022+'Game Results'!D2586+'Game Results'!D1537+'Game Results'!D2164+'Game Results'!D1765+'Game Results'!D1923+'Game Results'!D1313+'Game Results'!D2099+'Game Results'!D1486+'Game Results'!D2672+'Game Results'!D2437+'Game Results'!D3101+'Game Results'!D3155) -> 9 | E5: =SUM('Game Results'!E72+'Game Results'!E120+'Game Results'!E451+'Game Results'!E811+'Game Results'!E889+'Game Results'!E928+'Game Results'!E1022+'Game Results'!E2586+'Game Results'!E1537+'Game Results'!E2164+'Game Results'!E1765+'Game Results'!E1923+'Game Results'!E1313+'Game Results'!E2099+'Game Results'!E1486+'Game Results'!E2672+'Game Results'!E2437+'Game Results'!E3101+'Game Results'!E3155) -> 216.13333 | F5: =SUM('Game Results'!F72+'Game Results'!F120+'Game Results'!F451+'Game Results'!F811+'Game Results'!F889+'Game Results'!F928+'Game Results'!F1022+'Game Results'!F2586+'Game Results'!F1537+'Game Results'!F2164+'Game Results'!F1765+'Game Results'!F1923+'Game Results'!F1313+'Game Results'!F2099+'Game Results'!F1486+'Game Results'!F2672+'Game Results'!F2437+'Game Results'!F3101+'Game Results'!F3155) -> 9 | G5: =SUM('Game Results'!G72+'Game Results'!G120+'Game Results'!G451+'Game Results'!G811+'Game Results'!G889+'Game Results'!G928+'Game Results'!G1022+'Game Results'!G2586+'Game Results'!G1537+'Game Results'!G2164+'Game Results'!G1765+'Game Results'!G1923+'Game Results'!G1313+'Game Results'!G2099+'Game Results'!G1486+'Game Results'!G2672+'Game Results'!G2437+'Game Results'!G3101+'Game Results'!G3155) -> 1147 | H5: =SUM('Game Results'!H72+'Game Results'!H120+'Game Results'!H451+'Game Results'!H811+'Game Results'!H889+'Game Results'!H928+'Game Results'!H1022+'Game Results'!H2586+'Game Results'!H1537+'Game Results'!H2164+'Game Results'!H1765+'Game Results'!H1923+'Game Results'!H1313+'Game Results'!H2099+'Game Results'!H1486+'Game Results'!H2672+'Game Results'!H2437+'Game Results'!H3101+'Game Results'!H3155) -> 8 | I5: =SUM('Game Results'!I72+'Game Results'!I120+'Game Results'!I451+'Game Results'!I811+'Game Results'!I889+'Game Results'!I928+'Game Results'!I1022+'Game Results'!I2586+'Game Results'!I1537+'Game Results'!I2164+'Game Results'!I1765+'Game Results'!I1923+'Game Results'!I1313+'Game Results'!I2099+'Game Results'!I1486+'Game Results'!I2672+'Game Results'!I2437+'Game Results'!I3101+'Game Results'!I3155) -> 997 | J5: =SUM('Game Results'!J72+'Game Results'!J120+'Game Results'!J451+'Game Results'!J811+'Game Results'!J889+'Game Results'!J928+'Game Results'!J1022+'Game Results'!J2586+'Game Results'!J1537+'Game Results'!J2164+'Game Results'!J1765+'Game Results'!J1923+'Game Results'!J1313+'Game Results'!J2099+'Game Results'!J1486+'Game Results'!J2672+'Game Results'!J2437+'Game Results'!J3101+'Game Results'!J3155) -> 150 | K5: =SUM(G5/I5) -> 1.1504514 | L5: =SUM(E5*60)/I5 -> 13.007021 | M5: =SUM('Game Results'!M72+'Game Results'!M120+'Game Results'!M451+'Game Results'!M811+'Game Results'!M889+'Game Results'!M928+'Game Results'!M1022+'Game Results'!M2586+'Game Results'!M1537+'Game Results'!M2164+'Game Results'!M1765+'Game Results'!M1923+'Game Results'!M1313+'Game Results'!M2099+'Game Results'!M1486+'Game Results'!M2672+'Game Results'!M2437+'Game Results'!M3101+'Game Results'!M3155) -> 1470 | N5: =SUM('Game Results'!N72+'Game Results'!N120+'Game Results'!N451+'Game Results'!N811+'Game Results'!N889+'Game Results'!N928+'Game Results'!N1022+'Game Results'!N2586+'Game Results'!N1537+'Game Results'!N2164+'Game Results'!N1765+'Game Results'!N1923+'Game Results'!N1313+'Game Results'!N2099+'Game Results'!N1486+'Game Results'!N2672+'Game Results'!N2437+'Game Results'!N3101+'Game Results'!N3155) -> 17 | O5: =SUM('Game Results'!O72+'Game Results'!O120+'Game Results'!O451+'Game Results'!O811+'Game Results'!O889+'Game Results'!O928+'Game Results'!O1022+'Game Results'!O2586+'Game Results'!O1537+'Game Results'!O2164+'Game Results'!O1765+'Game Results'!O1923+'Game Results'!O1313+'Game Results'!O2099+'Game Results'!O1486+'Game Results'!O2672+'Game Results'!O2437+'Game Results'!O3101+'Game Results'!O3155) -> 210.43333 | P5: =SUM('Game Results'!P72+'Game Results'!P120+'Game Results'!P451+'Game Results'!P811+'Game Results'!P889+'Game Results'!P928+'Game Results'!P1022+'Game Results'!P2586+'Game Results'!P1537+'Game Results'!P2164+'Game Results'!P1765+'Game Results'!P1923+'Game Results'!P1313+'Game Results'!P2099+'Game Results'!P1486+'Game Results'!P2672+'Game Results'!P2437+'Game Results'!P3101+'Game Results'!P3155) -> 34 | Q5: =SUM('Game Results'!Q72+'Game Results'!Q120+'Game Results'!Q451+'Game Results'!Q811+'Game Results'!Q889+'Game Results'!Q928+'Game Results'!Q1022+'Game Results'!Q2586+'Game Results'!Q1537+'Game Results'!Q2164+'Game Results'!Q1765+'Game Results'!Q1923+'Game Results'!Q1313+'Game Results'!Q2099+'Game Results'!Q1486+'Game Results'!Q2672+'Game Results'!Q2437+'Game Results'!Q3101+'Game Results'!Q3155) -> 23 | R5: =SUM('Game Results'!R72+'Game Results'!R120+'Game Results'!R451+'Game Results'!R811+'Game Results'!R889+'Game Results'!R928+'Game Results'!R1022+'Game Results'!R2586+'Game Results'!R1537+'Game Results'!R2164+'Game Results'!R1765+'Game Results'!R1923+'Game Results'!R1313+'Game Results'!R2099+'Game Results'!R1486+'Game Results'!R2672+'Game Results'!R2437+'Game Results'!R3101+'Game Results'!R3155) -> 66 | S5: =SUM('Game Results'!S72+'Game Results'!S120+'Game Results'!S451+'Game Results'!S811+'Game Results'!S889+'Game Results'!S928+'Game Results'!S1022+'Game Results'!S2586+'Game Results'!S1537+'Game Results'!S2164+'Game Results'!S1765+'Game Results'!S1923+'Game Results'!S1313+'Game Results'!S2099+'Game Results'!S1486+'Game Results'!S2672+'Game Results'!S2437+'Game Results'!S3101+'Game Results'!S3155) -> 18 | T5: =SUM('Game Results'!T72+'Game Results'!T120+'Game Results'!T451+'Game Results'!T811+'Game Results'!T889+'Game Results'!T928+'Game Results'!T1022+'Game Results'!T2586+'Game Results'!T1537+'Game Results'!T2164+'Game Results'!T1765+'Game Results'!T1923+'Game Results'!T1313+'Game Results'!T2099+'Game Results'!T1486+'Game Results'!T2672+'Game Results'!T2437+'Game Results'!T3101+'Game Results'!T3155) -> 164 | ... AH5: =SUM('Game Results'!AH72+'Game Results'!AH120+'Game Results'!AH451+'Game Results'!AH811+'Game Results'!AH889+'Game Results'!AH928+'Game Results'!AH1022+'Game Results'!AH2586+'Game Results'!AH1537+'Game Results'!AH2164+'Game Results'!AH1765+'Game Results'!AH1923+'Game Results'!AH1313+'Game Results'!AH2099+'Game Results'!AH1486+'Game Results'!AH2672+'Game Results'!AH2437+'Game Results'!AH3101+'Game Results'!AH3155) -> 0
A6: Never Let Go | B6: TITAN MAN23 | C6: =SUM('Game Results'!C73+'Game Results'!C121+'Game Results'!C452+'Game Results'!C812+'Game Results'!C890+'Game Results'!C929+'Game Results'!C1023+'Game Results'!C2587+'Game Results'!C1538+'Game Results'!C2165+'Game Results'!C1766+'Game Results'!C1924+'Game Results'!C1314+'Game Results'!C2100+'Game Results'!C1487+'Game Results'!C2673+'Game Results'!C2438+'Game Results'!C3102+'Game Results'!C3156) -> 10 | D6: =SUM('Game Results'!D73+'Game Results'!D121+'Game Results'!D452+'Game Results'!D812+'Game Results'!D890+'Game Results'!D929+'Game Results'!D1023+'Game Results'!D2587+'Game Results'!D1538+'Game Results'!D2165+'Game Results'!D1766+'Game Results'!D1924+'Game Results'!D1314+'Game Results'!D2100+'Game Results'!D1487+'Game Results'!D2673+'Game Results'!D2438+'Game Results'!D3102+'Game Results'!D3156) -> 7 | E6: =SUM('Game Results'!E73+'Game Results'!E121+'Game Results'!E452+'Game Results'!E812+'Game Results'!E890+'Game Results'!E929+'Game Results'!E1023+'Game Results'!E2587+'Game Results'!E1538+'Game Results'!E2165+'Game Results'!E1766+'Game Results'!E1924+'Game Results'!E1314+'Game Results'!E2100+'Game Results'!E1487+'Game Results'!E2673+'Game Results'!E2438+'Game Results'!E3102+'Game Results'!E3156) -> 141.75 | F6: =SUM('Game Results'!F73+'Game Results'!F121+'Game Results'!F452+'Game Results'!F812+'Game Results'!F890+'Game Results'!F929+'Game Results'!F1023+'Game Results'!F2587+'Game Results'!F1538+'Game Results'!F2165+'Game Results'!F1766+'Game Results'!F1924+'Game Results'!F1314+'Game Results'!F2100+'Game Results'!F1487+'Game Results'!F2673+'Game Results'!F2438+'Game Results'!F3102+'Game Results'!F3156) -> 29 | G6: =SUM('Game Results'!G73+'Game Results'!G121+'Game Results'!G452+'Game Results'!G812+'Game Results'!G890+'Game Results'!G929+'Game Results'!G1023+'Game Results'!G2587+'Game Results'!G1538+'Game Results'!G2165+'Game Results'!G1766+'Game Results'!G1924+'Game Results'!G1314+'Game Results'!G2100+'Game Results'!G1487+'Game Results'!G2673+'Game Results'!G2438+'Game Results'!G3102+'Game Results'!G3156) -> 355 | H6: =SUM('Game Results'!H73+'Game Results'!H121+'Game Results'!H452+'Game Results'!H812+'Game Results'!H890+'Game Results'!H929+'Game Results'!H1023+'Game Results'!H2587+'Game Results'!H1538+'Game Results'!H2165+'Game Results'!H1766+'Game Results'!H1924+'Game Results'!H1314+'Game Results'!H2100+'Game Results'!H1487+'Game Results'!H2673+'Game Results'!H2438+'Game Results'!H3102+'Game Results'!H3156) -> 2 | I6: =SUM('Game Results'!I73+'Game Results'!I121+'Game Results'!I452+'Game Results'!I812+'Game Results'!I890+'Game Results'!I929+'Game Results'!I1023+'Game Results'!I2587+'Game Results'!I1538+'Game Results'!I2165+'Game Results'!I1766+'Game Results'!I1924+'Game Results'!I1314+'Game Results'!I2100+'Game Results'!I1487+'Game Results'!I2673+'Game Results'!I2438+'Game Results'!I3102+'Game Results'!I3156) -> 541 | J6: =SUM('Game Results'!J73+'Game Results'!J121+'Game Results'!J452+'Game Results'!J812+'Game Results'!J890+'Game Results'!J929+'Game Results'!J1023+'Game Results'!J2587+'Game Results'!J1538+'Game Results'!J2165+'Game Results'!J1766+'Game Results'!J1924+'Game Results'!J1314+'Game Results'!J2100+'Game Results'!J1487+'Game Results'!J2673+'Game Results'!J2438+'Game Results'!J3102+'Game Results'!J3156) -> -186 | K6: =SUM(G6/I6) -> 0.65619224 | L6: =SUM(E6*60)/I6 -> 15.720887 | M6: =SUM('Game Results'!M73+'Game Results'!M121+'Game Results'!M452+'Game Results'!M812+'Game Results'!M890+'Game Results'!M929+'Game Results'!M1023+'Game Results'!M2587+'Game Results'!M1538+'Game Results'!M2165+'Game Results'!M1766+'Game Results'!M1924+'Game Results'!M1314+'Game Results'!M2100+'Game Results'!M1487+'Game Results'!M2673+'Game Results'!M2438+'Game Results'!M3102+'Game Results'!M3156) -> 413 | N6: =SUM('Game Results'!N73+'Game Results'!N121+'Game Results'!N452+'Game Results'!N812+'Game Results'!N890+'Game Results'!N929+'Game Results'!N1023+'Game Results'!N2587+'Game Results'!N1538+'Game Results'!N2165+'Game Results'!N1766+'Game Results'!N1924+'Game Results'!N1314+'Game Results'!N2100+'Game Results'!N1487+'Game Results'!N2673+'Game Results'!N2438+'Game Results'!N3102+'Game Results'!N3156) -> 10 | O6: =SUM('Game Results'!O73+'Game Results'!O121+'Game Results'!O452+'Game Results'!O812+'Game Results'!O890+'Game Results'!O929+'Game Results'!O1023+'Game Results'!O2587+'Game Results'!O1538+'Game Results'!O2165+'Game Results'!O1766+'Game Results'!O1924+'Game Results'!O1314+'Game Results'!O2100+'Game Results'!O1487+'Game Results'!O2673+'Game Results'!O2438+'Game Results'!O3102+'Game Results'!O3156) -> 138.58333 | P6: =SUM('Game Results'!P73+'Game Results'!P121+'Game Results'!P452+'Game Results'!P812+'Game Results'!P890+'Game Results'!P929+'Game Results'!P1023+'Game Results'!P2587+'Game Results'!P1538+'Game Results'!P2165+'Game Results'!P1766+'Game Results'!P1924+'Game Results'!P1314+'Game Results'!P2100+'Game Results'!P1487+'Game Results'!P2673+'Game Results'!P2438+'Game Results'!P3102+'Game Results'!P3156) -> 31 | Q6: =SUM('Game Results'!Q73+'Game Results'!Q121+'Game Results'!Q452+'Game Results'!Q812+'Game Results'!Q890+'Game Results'!Q929+'Game Results'!Q1023+'Game Results'!Q2587+'Game Results'!Q1538+'Game Results'!Q2165+'Game Results'!Q1766+'Game Results'!Q1924+'Game Results'!Q1314+'Game Results'!Q2100+'Game Results'!Q1487+'Game Results'!Q2673+'Game Results'!Q2438+'Game Results'!Q3102+'Game Results'!Q3156) -> 7 | R6: =SUM('Game Results'!R73+'Game Results'!R121+'Game Results'!R452+'Game Results'!R812+'Game Results'!R890+'Game Results'!R929+'Game Results'!R1023+'Game Results'!R2587+'Game Results'!R1538+'Game Results'!R2165+'Game Results'!R1766+'Game Results'!R1924+'Game Results'!R1314+'Game Results'!R2100+'Game Results'!R1487+'Game Results'!R2673+'Game Results'!R2438+'Game Results'!R3102+'Game Results'!R3156) -> 5 | S6: =SUM('Game Results'!S73+'Game Results'!S121+'Game Results'!S452+'Game Results'!S812+'Game Results'!S890+'Game Results'!S929+'Game Results'!S1023+'Game Results'!S2587+'Game Results'!S1538+'Game Results'!S2165+'Game Results'!S1766+'Game Results'!S1924+'Game Results'!S1314+'Game Results'!S2100+'Game Results'!S1487+'Game Results'!S2673+'Game Results'!S2438+'Game Results'!S3102+'Game Results'!S3156) -> 8 | T6: =SUM('Game Results'!T73+'Game Results'!T121+'Game Results'!T452+'Game Results'!T812+'Game Results'!T890+'Game Results'!T929+'Game Results'!T1023+'Game Results'!T2587+'Game Results'!T1538+'Game Results'!T2165+'Game Results'!T1766+'Game Results'!T1924+'Game Results'!T1314+'Game Results'!T2100+'Game Results'!T1487+'Game Results'!T2673+'Game Results'!T2438+'Game Results'!T3102+'Game Results'!T3156) -> 30 | ... AH6: =SUM('Game Results'!AH73+'Game Results'!AH121+'Game Results'!AH452+'Game Results'!AH812+'Game Results'!AH890+'Game Results'!AH929+'Game Results'!AH1023+'Game Results'!AH2587+'Game Results'!AH1538+'Game Results'!AH2165+'Game Results'!AH1766+'Game Results'!AH1924+'Game Results'!AH1314+'Game Results'!AH2100+'Game Results'!AH1487+'Game Results'!AH2673+'Game Results'!AH2438+'Game Results'!AH3102+'Game Results'!AH3156) -> 0
A7: Never Let Go | B7: Mystical Novice | C7: =SUM('Game Results'!C74+'Game Results'!C122+'Game Results'!C453+'Game Results'!C813+'Game Results'!C891+'Game Results'!C930+'Game Results'!C1024+'Game Results'!C2588+'Game Results'!C1539+'Game Results'!C2166+'Game Results'!C1767+'Game Results'!C1925+'Game Results'!C1315+'Game Results'!C2101+'Game Results'!C1488+'Game Results'!C2674+'Game Results'!C2439+'Game Results'!C3103+'Game Results'!C3157) -> 2 | D7: =SUM('Game Results'!D74+'Game Results'!D122+'Game Results'!D453+'Game Results'!D813+'Game Results'!D891+'Game Results'!D930+'Game Results'!D1024+'Game Results'!D2588+'Game Results'!D1539+'Game Results'!D2166+'Game Results'!D1767+'Game Results'!D1925+'Game Results'!D1315+'Game Results'!D2101+'Game Results'!D1488+'Game Results'!D2674+'Game Results'!D2439+'Game Results'!D3103+'Game Results'!D3157) -> 1 | E7: =SUM('Game Results'!E74+'Game Results'!E122+'Game Results'!E453+'Game Results'!E813+'Game Results'!E891+'Game Results'!E930+'Game Results'!E1024+'Game Results'!E2588+'Game Results'!E1539+'Game Results'!E2166+'Game Results'!E1767+'Game Results'!E1925+'Game Results'!E1315+'Game Results'!E2101+'Game Results'!E1488+'Game Results'!E2674+'Game Results'!E2439+'Game Results'!E3103+'Game Results'!E3157) -> 18.533333 | F7: =SUM('Game Results'!F74+'Game Results'!F122+'Game Results'!F453+'Game Results'!F813+'Game Results'!F891+'Game Results'!F930+'Game Results'!F1024+'Game Results'!F2588+'Game Results'!F1539+'Game Results'!F2166+'Game Results'!F1767+'Game Results'!F1925+'Game Results'!F1315+'Game Results'!F2101+'Game Results'!F1488+'Game Results'!F2674+'Game Results'!F2439+'Game Results'!F3103+'Game Results'!F3157) -> 1 | G7: =SUM('Game Results'!G74+'Game Results'!G122+'Game Results'!G453+'Game Results'!G813+'Game Results'!G891+'Game Results'!G930+'Game Results'!G1024+'Game Results'!G2588+'Game Results'!G1539+'Game Results'!G2166+'Game Results'!G1767+'Game Results'!G1925+'Game Results'!G1315+'Game Results'!G2101+'Game Results'!G1488+'Game Results'!G2674+'Game Results'!G2439+'Game Results'!G3103+'Game Results'!G3157) -> 73 | H7: =SUM('Game Results'!H74+'Game Results'!H122+'Game Results'!H453+'Game Results'!H813+'Game Results'!H891+'Game Results'!H930+'Game Results'!H1024+'Game Results'!H2588+'Game Results'!H1539+'Game Results'!H2166+'Game Results'!H1767+'Game Results'!H1925+'Game Results'!H1315+'Game Results'!H2101+'Game Results'!H1488+'Game Results'!H2674+'Game Results'!H2439+'Game Results'!H3103+'Game Results'!H3157) -> 2 | I7: =SUM('Game Results'!I74+'Game Results'!I122+'Game Results'!I453+'Game Results'!I813+'Game Results'!I891+'Game Results'!I930+'Game Results'!I1024+'Game Results'!I2588+'Game Results'!I1539+'Game Results'!I2166+'Game Results'!I1767+'Game Results'!I1925+'Game Results'!I1315+'Game Results'!I2101+'Game Results'!I1488+'Game Results'!I2674+'Game Results'!I2439+'Game Results'!I3103+'Game Results'!I3157) -> 83 | J7: =SUM('Game Results'!J74+'Game Results'!J122+'Game Results'!J453+'Game Results'!J813+'Game Results'!J891+'Game Results'!J930+'Game Results'!J1024+'Game Results'!J2588+'Game Results'!J1539+'Game Results'!J2166+'Game Results'!J1767+'Game Results'!J1925+'Game Results'!J1315+'Game Results'!J2101+'Game Results'!J1488+'Game Results'!J2674+'Game Results'!J2439+'Game Results'!J3103+'Game Results'!J3157) -> -10 | K7: =SUM(G7/I7) -> 0.87951807 | L7: =SUM(E7*60)/I7 -> 13.39759 | M7: =SUM('Game Results'!M74+'Game Results'!M122+'Game Results'!M453+'Game Results'!M813+'Game Results'!M891+'Game Results'!M930+'Game Results'!M1024+'Game Results'!M2588+'Game Results'!M1539+'Game Results'!M2166+'Game Results'!M1767+'Game Results'!M1925+'Game Results'!M1315+'Game Results'!M2101+'Game Results'!M1488+'Game Results'!M2674+'Game Results'!M2439+'Game Results'!M3103+'Game Results'!M3157) -> 91 | N7: =SUM('Game Results'!N74+'Game Results'!N122+'Game Results'!N453+'Game Results'!N813+'Game Results'!N891+'Game Results'!N930+'Game Results'!N1024+'Game Results'!N2588+'Game Results'!N1539+'Game Results'!N2166+'Game Results'!N1767+'Game Results'!N1925+'Game Results'!N1315+'Game Results'!N2101+'Game Results'!N1488+'Game Results'!N2674+'Game Results'!N2439+'Game Results'!N3103+'Game Results'!N3157) -> 2 | O7: =SUM('Game Results'!O74+'Game Results'!O122+'Game Results'!O453+'Game Results'!O813+'Game Results'!O891+'Game Results'!O930+'Game Results'!O1024+'Game Results'!O2588+'Game Results'!O1539+'Game Results'!O2166+'Game Results'!O1767+'Game Results'!O1925+'Game Results'!O1315+'Game Results'!O2101+'Game Results'!O1488+'Game Results'!O2674+'Game Results'!O2439+'Game Results'!O3103+'Game Results'!O3157) -> 18.533333 | P7: =SUM('Game Results'!P74+'Game Results'!P122+'Game Results'!P453+'Game Results'!P813+'Game Results'!P891+'Game Results'!P930+'Game Results'!P1024+'Game Results'!P2588+'Game Results'!P1539+'Game Results'!P2166+'Game Results'!P1767+'Game Results'!P1925+'Game Results'!P1315+'Game Results'!P2101+'Game Results'!P1488+'Game Results'!P2674+'Game Results'!P2439+'Game Results'!P3103+'Game Results'!P3157) -> 6 | Q7: =SUM('Game Results'!Q74+'Game Results'!Q122+'Game Results'!Q453+'Game Results'!Q813+'Game Results'!Q891+'Game Results'!Q930+'Game Results'!Q1024+'Game Results'!Q2588+'Game Results'!Q1539+'Game Results'!Q2166+'Game Results'!Q1767+'Game Results'!Q1925+'Game Results'!Q1315+'Game Results'!Q2101+'Game Results'!Q1488+'Game Results'!Q2674+'Game Results'!Q2439+'Game Results'!Q3103+'Game Results'!Q3157) -> 4 | R7: =SUM('Game Results'!R74+'Game Results'!R122+'Game Results'!R453+'Game Results'!R813+'Game Results'!R891+'Game Results'!R930+'Game Results'!R1024+'Game Results'!R2588+'Game Results'!R1539+'Game Results'!R2166+'Game Results'!R1767+'Game Results'!R1925+'Game Results'!R1315+'Game Results'!R2101+'Game Results'!R1488+'Game Results'!R2674+'Game Results'!R2439+'Game Results'!R3103+'Game Results'!R3157) -> 4 | S7: =SUM('Game Results'!S74+'Game Results'!S122+'Game Results'!S453+'Game Results'!S813+'Game Results'!S891+'Game Results'!S930+'Game Results'!S1024+'Game Results'!S2588+'Game Results'!S1539+'Game Results'!S2166+'Game Results'!S1767+'Game Results'!S1925+'Game Results'!S1315+'Game Results'!S2101+'Game Results'!S1488+'Game Results'!S2674+'Game Results'!S2439+'Game Results'!S3103+'Game Results'!S3157) -> 1 | T7: =SUM('Game Results'!T74+'Game Results'!T122+'Game Results'!T453+'Game Results'!T813+'Game Results'!T891+'Game Results'!T930+'Game Results'!T1024+'Game Results'!T2588+'Game Results'!T1539+'Game Results'!T2166+'Game Results'!T1767+'Game Results'!T1925+'Game Results'!T1315+'Game Results'!T2101+'Game Results'!T1488+'Game Results'!T2674+'Game Results'!T2439+'Game Results'!T3103+'Game Results'!T3157) -> 11 | ... AH7: =SUM('Game Results'!AH74+'Game Results'!AH122+'Game Results'!AH453+'Game Results'!AH813+'Game Results'!AH891+'Game Results'!AH930+'Game Results'!AH1024+'Game Results'!AH2588+'Game Results'!AH1539+'Game Results'!AH2166+'Game Results'!AH1767+'Game Results'!AH1925+'Game Results'!AH1315+'Game Results'!AH2101+'Game Results'!AH1488+'Game Results'!AH2674+'Game Results'!AH2439+'Game Results'!AH3103+'Game Results'!AH3157) -> 0
A8: Never Let Go | B8: Liion Wiinz | C8: =SUM('Game Results'!C75+'Game Results'!C123+'Game Results'!C454+'Game Results'!C814+'Game Results'!C892+'Game Results'!C931+'Game Results'!C1025+'Game Results'!C2589+'Game Results'!C1540+'Game Results'!C2167+'Game Results'!C1768+'Game Results'!C1926+'Game Results'!C1316+'Game Results'!C2102+'Game Results'!C1489+'Game Results'!C2675+'Game Results'!C2440+'Game Results'!C3104+'Game Results'!C3158) -> 13 | D8: =SUM('Game Results'!D75+'Game Results'!D123+'Game Results'!D454+'Game Results'!D814+'Game Results'!D892+'Game Results'!D931+'Game Results'!D1025+'Game Results'!D2589+'Game Results'!D1540+'Game Results'!D2167+'Game Results'!D1768+'Game Results'!D1926+'Game Results'!D1316+'Game Results'!D2102+'Game Results'!D1489+'Game Results'!D2675+'Game Results'!D2440+'Game Results'!D3104+'Game Results'!D3158) -> 6 | E8: =SUM('Game Results'!E75+'Game Results'!E123+'Game Results'!E454+'Game Results'!E814+'Game Results'!E892+'Game Results'!E931+'Game Results'!E1025+'Game Results'!E2589+'Game Results'!E1540+'Game Results'!E2167+'Game Results'!E1768+'Game Results'!E1926+'Game Results'!E1316+'Game Results'!E2102+'Game Results'!E1489+'Game Results'!E2675+'Game Results'!E2440+'Game Results'!E3104+'Game Results'!E3158) -> 151.43333 | F8: =SUM('Game Results'!F75+'Game Results'!F123+'Game Results'!F454+'Game Results'!F814+'Game Results'!F892+'Game Results'!F931+'Game Results'!F1025+'Game Results'!F2589+'Game Results'!F1540+'Game Results'!F2167+'Game Results'!F1768+'Game Results'!F1926+'Game Results'!F1316+'Game Results'!F2102+'Game Results'!F1489+'Game Results'!F2675+'Game Results'!F2440+'Game Results'!F3104+'Game Results'!F3158) -> 3 | G8: =SUM('Game Results'!G75+'Game Results'!G123+'Game Results'!G454+'Game Results'!G814+'Game Results'!G892+'Game Results'!G931+'Game Results'!G1025+'Game Results'!G2589+'Game Results'!G1540+'Game Results'!G2167+'Game Results'!G1768+'Game Results'!G1926+'Game Results'!G1316+'Game Results'!G2102+'Game Results'!G1489+'Game Results'!G2675+'Game Results'!G2440+'Game Results'!G3104+'Game Results'!G3158) -> 669 | H8: =SUM('Game Results'!H75+'Game Results'!H123+'Game Results'!H454+'Game Results'!H814+'Game Results'!H892+'Game Results'!H931+'Game Results'!H1025+'Game Results'!H2589+'Game Results'!H1540+'Game Results'!H2167+'Game Results'!H1768+'Game Results'!H1926+'Game Results'!H1316+'Game Results'!H2102+'Game Results'!H1489+'Game Results'!H2675+'Game Results'!H2440+'Game Results'!H3104+'Game Results'!H3158) -> 3 | I8: =SUM('Game Results'!I75+'Game Results'!I123+'Game Results'!I454+'Game Results'!I814+'Game Results'!I892+'Game Results'!I931+'Game Results'!I1025+'Game Results'!I2589+'Game Results'!I1540+'Game Results'!I2167+'Game Results'!I1768+'Game Results'!I1926+'Game Results'!I1316+'Game Results'!I2102+'Game Results'!I1489+'Game Results'!I2675+'Game Results'!I2440+'Game Results'!I3104+'Game Results'!I3158) -> 622 | J8: =SUM('Game Results'!J75+'Game Results'!J123+'Game Results'!J454+'Game Results'!J814+'Game Results'!J892+'Game Results'!J931+'Game Results'!J1025+'Game Results'!J2589+'Game Results'!J1540+'Game Results'!J2167+'Game Results'!J1768+'Game Results'!J1926+'Game Results'!J1316+'Game Results'!J2102+'Game Results'!J1489+'Game Results'!J2675+'Game Results'!J2440+'Game Results'!J3104+'Game Results'!J3158) -> 47 | K8: =SUM(G8/I8) -> 1.0755627 | L8: =SUM(E8*60)/I8 -> 14.607717 | M8: =SUM('Game Results'!M75+'Game Results'!M123+'Game Results'!M454+'Game Results'!M814+'Game Results'!M892+'Game Results'!M931+'Game Results'!M1025+'Game Results'!M2589+'Game Results'!M1540+'Game Results'!M2167+'Game Results'!M1768+'Game Results'!M1926+'Game Results'!M1316+'Game Results'!M2102+'Game Results'!M1489+'Game Results'!M2675+'Game Results'!M2440+'Game Results'!M3104+'Game Results'!M3158) -> 762 | N8: =SUM('Game Results'!N75+'Game Results'!N123+'Game Results'!N454+'Game Results'!N814+'Game Results'!N892+'Game Results'!N931+'Game Results'!N1025+'Game Results'!N2589+'Game Results'!N1540+'Game Results'!N2167+'Game Results'!N1768+'Game Results'!N1926+'Game Results'!N1316+'Game Results'!N2102+'Game Results'!N1489+'Game Results'!N2675+'Game Results'!N2440+'Game Results'!N3104+'Game Results'!N3158) -> 12 | O8: =SUM('Game Results'!O75+'Game Results'!O123+'Game Results'!O454+'Game Results'!O814+'Game Results'!O892+'Game Results'!O931+'Game Results'!O1025+'Game Results'!O2589+'Game Results'!O1540+'Game Results'!O2167+'Game Results'!O1768+'Game Results'!O1926+'Game Results'!O1316+'Game Results'!O2102+'Game Results'!O1489+'Game Results'!O2675+'Game Results'!O2440+'Game Results'!O3104+'Game Results'!O3158) -> 144.58333 | P8: =SUM('Game Results'!P75+'Game Results'!P123+'Game Results'!P454+'Game Results'!P814+'Game Results'!P892+'Game Results'!P931+'Game Results'!P1025+'Game Results'!P2589+'Game Results'!P1540+'Game Results'!P2167+'Game Results'!P1768+'Game Results'!P1926+'Game Results'!P1316+'Game Results'!P2102+'Game Results'!P1489+'Game Results'!P2675+'Game Results'!P2440+'Game Results'!P3104+'Game Results'!P3158) -> 20 | Q8: =SUM('Game Results'!Q75+'Game Results'!Q123+'Game Results'!Q454+'Game Results'!Q814+'Game Results'!Q892+'Game Results'!Q931+'Game Results'!Q1025+'Game Results'!Q2589+'Game Results'!Q1540+'Game Results'!Q2167+'Game Results'!Q1768+'Game Results'!Q1926+'Game Results'!Q1316+'Game Results'!Q2102+'Game Results'!Q1489+'Game Results'!Q2675+'Game Results'!Q2440+'Game Results'!Q3104+'Game Results'!Q3158) -> 6 | R8: =SUM('Game Results'!R75+'Game Results'!R123+'Game Results'!R454+'Game Results'!R814+'Game Results'!R892+'Game Results'!R931+'Game Results'!R1025+'Game Results'!R2589+'Game Results'!R1540+'Game Results'!R2167+'Game Results'!R1768+'Game Results'!R1926+'Game Results'!R1316+'Game Results'!R2102+'Game Results'!R1489+'Game Results'!R2675+'Game Results'!R2440+'Game Results'!R3104+'Game Results'!R3158) -> 29 | S8: =SUM('Game Results'!S75+'Game Results'!S123+'Game Results'!S454+'Game Results'!S814+'Game Results'!S892+'Game Results'!S931+'Game Results'!S1025+'Game Results'!S2589+'Game Results'!S1540+'Game Results'!S2167+'Game Results'!S1768+'Game Results'!S1926+'Game Results'!S1316+'Game Results'!S2102+'Game Results'!S1489+'Game Results'!S2675+'Game Results'!S2440+'Game Results'!S3104+'Game Results'!S3158) -> 12 | T8: =SUM('Game Results'!T75+'Game Results'!T123+'Game Results'!T454+'Game Results'!T814+'Game Results'!T892+'Game Results'!T931+'Game Results'!T1025+'Game Results'!T2589+'Game Results'!T1540+'Game Results'!T2167+'Game Results'!T1768+'Game Results'!T1926+'Game Results'!T1316+'Game Results'!T2102+'Game Results'!T1489+'Game Results'!T2675+'Game Results'!T2440+'Game Results'!T3104+'Game Results'!T3158) -> 84 | ... AH8: =SUM('Game Results'!AH75+'Game Results'!AH123+'Game Results'!AH454+'Game Results'!AH814+'Game Results'!AH892+'Game Results'!AH931+'Game Results'!AH1025+'Game Results'!AH2589+'Game Results'!AH1540+'Game Results'!AH2167+'Game Results'!AH1768+'Game Results'!AH1926+'Game Results'!AH1316+'Game Results'!AH2102+'Game Results'!AH1489+'Game Results'!AH2675+'Game Results'!AH2440+'Game Results'!AH3104+'Game Results'!AH3158) -> 0
A9: Sub | B9: Aspence501 | C9: ='Game Results'!C2676+'Game Results'!C2441+'Game Results'!C3105+'Game Results'!C3159 -> 4 | D9: ='Game Results'!D2676+'Game Results'!D2441+'Game Results'!D3105+'Game Results'!D3159 -> 0 | E9: ='Game Results'!E2676+'Game Results'!E2441+'Game Results'!E3105+'Game Results'!E3159 -> 34.266667 | F9: ='Game Results'!F2676+'Game Results'!F2441+'Game Results'!F3105+'Game Results'!F3159 -> 4 | G9: ='Game Results'!G2676+'Game Results'!G2441+'Game Results'!G3105+'Game Results'!G3159 -> 117 | H9: ='Game Results'!H2676+'Game Results'!H2441+'Game Results'!H3105+'Game Results'!H3159 -> 1 | I9: ='Game Results'!I2676+'Game Results'!I2441+'Game Results'!I3105+'Game Results'!I3159 -> 138 | J9: ='Game Results'!J2676+'Game Results'!J2441+'Game Results'!J3105+'Game Results'!J3159 -> -21 | K9: =SUM(G9/I9) -> 0.84782609 | L9: =SUM(E9*60)/I9 -> 14.898551 | M9: ='Game Results'!M2676+'Game Results'!M2441+'Game Results'!M3105+'Game Results'!M3159 -> 159 | N9: ='Game Results'!N2676+'Game Results'!N2441+'Game Results'!N3105+'Game Results'!N3159 -> 4 | O9: ='Game Results'!O2676+'Game Results'!O2441+'Game Results'!O3105+'Game Results'!O3159 -> 32.666667 | P9: ='Game Results'!P2676+'Game Results'!P2441+'Game Results'!P3105+'Game Results'!P3159 -> 9 | Q9: ='Game Results'!Q2676+'Game Results'!Q2441+'Game Results'!Q3105+'Game Results'!Q3159 -> 1 | R9: ='Game Results'!R2676+'Game Results'!R2441+'Game Results'!R3105+'Game Results'!R3159 -> 7 | S9: ='Game Results'!S2676+'Game Results'!S2441+'Game Results'!S3105+'Game Results'!S3159 -> 2 | T9: ='Game Results'!T2676+'Game Results'!T2441+'Game Results'!T3105+'Game Results'!T3159 -> 15 | ... AH9: ='Game Results'!AH2676+'Game Results'!AH2441+'Game Results'!AH3105+'Game Results'!AH3159 -> 0
A10: Totals: | C10: =SUM(C3:C9)/4 -> 19 | D10: =SUM(D3:D9)/4 -> 10 | E10: =SUM(E3:E9) -> 887.46667 | F10: =SUM(F3:F9) -> 68 | G10: =SUM(G3:G9) -> 3683 | H10: =SUM(H3:H9) -> 20 | I10: =SUM(I3:I9) -> 3840 | J10: =SUM(J3:J9) -> -157 | K10: =SUM(G10/I10) -> 0.95911458 | L10: =SUM(E10*60)/I10 -> 13.866667 | M10: =SUM(M3:M9) -> 4565 | N10: =SUM(N3:N9) -> 74 | O10: =SUM(O3:O9) -> 862.71667 | P10: =SUM(P3:P9) -> 154 | Q10: =SUM(Q3:Q9) -> 67 | R10: =SUM(R3:R9) -> 201 | S10: =SUM(S3:S9) -> 67 | T10: =SUM(T3:T9) -> 498 | ... AH10: =SUM(AH3:AH9) -> 0
A11: Collateral Damage | B11: godwit1ivy (c) | C11: =SUM('Game Results'!C31+'Game Results'!C42+'Game Results'!C816+'Game Results'!C1045+'Game Results'!C581+'Game Results'!C1341+'Game Results'!C1077+'Game Results'!C1680+'Game Results'!C2188+'Game Results'!C2151+'Game Results'!C2885+'Game Results'!C2443+'Game Results'!C1427+'Game Results'!C2985) -> 12 | D11: =SUM('Game Results'!D31+'Game Results'!D42+'Game Results'!D816+'Game Results'!D1045+'Game Results'!D581+'Game Results'!D1341+'Game Results'!D1077+'Game Results'!D1680+'Game Results'!D2188+'Game Results'!D2151+'Game Results'!D2885+'Game Results'!D2443+'Game Results'!D1427+'Game Results'!D2985) -> 3 | E11: =SUM('Game Results'!E31+'Game Results'!E42+'Game Results'!E816+'Game Results'!E1045+'Game Results'!E581+'Game Results'!E1341+'Game Results'!E1077+'Game Results'!E1680+'Game Results'!E2188+'Game Results'!E2151+'Game Results'!E2885+'Game Results'!E2443+'Game Results'!E1427+'Game Results'!E2985) -> 150.33333 | F11: =SUM('Game Results'!F31+'Game Results'!F42+'Game Results'!F816+'Game Results'!F1045+'Game Results'!F581+'Game Results'!F1341+'Game Results'!F1077+'Game Results'!F1680+'Game Results'!F2188+'Game Results'!F2151+'Game Results'!F2885+'Game Results'!F2443+'Game Results'!F1427+'Game Results'!F2985) -> 0 | G11: =SUM('Game Results'!G31+'Game Results'!G42+'Game Results'!G816+'Game Results'!G1045+'Game Results'!G581+'Game Results'!G1341+'Game Results'!G1077+'Game Results'!G1680+'Game Results'!G2188+'Game Results'!G2151+'Game Results'!G2885+'Game Results'!G2443+'Game Results'!G1427+'Game Results'!G2985) -> 494 | H11: =SUM('Game Results'!H31+'Game Results'!H42+'Game Results'!H816+'Game Results'!H1045+'Game Results'!H581+'Game Results'!H1341+'Game Results'!H1077+'Game Results'!H1680+'Game Results'!H2188+'Game Results'!H2151+'Game Results'!H2885+'Game Results'!H2443+'Game Results'!H1427+'Game Results'!H2985) -> 5 | I11: =SUM('Game Results'!I31+'Game Results'!I42+'Game Results'!I816+'Game Results'!I1045+'Game Results'!I581+'Game Results'!I1341+'Game Results'!I1077+'Game Results'!I1680+'Game Results'!I2188+'Game Results'!I2151+'Game Results'!I2885+'Game Results'!I2443+'Game Results'!I1427+'Game Results'!I2985) -> 667 | J11: =SUM('Game Results'!J31+'Game Results'!J42+'Game Results'!J816+'Game Results'!J1045+'Game Results'!J581+'Game Results'!J1341+'Game Results'!J1077+'Game Results'!J1680+'Game Results'!J2188+'Game Results'!J2151+'Game Results'!J2885+'Game Results'!J2443+'Game Results'!J1427+'Game Results'!J2985) -> -173 | K11: =SUM(G11/I11) -> 0.74062969 | L11: =SUM(E11*60)/I11 -> 13.523238 | M11: =SUM('Game Results'!M31+'Game Results'!M42+'Game Results'!M816+'Game Results'!M1045+'Game Results'!M581+'Game Results'!M1341+'Game Results'!M1077+'Game Results'!M1680+'Game Results'!M2188+'Game Results'!M2151+'Game Results'!M2885+'Game Results'!M2443+'Game Results'!M1427+'Game Results'!M2985) -> 520 | N11: =SUM('Game Results'!N31+'Game Results'!N42+'Game Results'!N816+'Game Results'!N1045+'Game Results'!N581+'Game Results'!N1341+'Game Results'!N1077+'Game Results'!N1680+'Game Results'!N2188+'Game Results'!N2151+'Game Results'!N2885+'Game Results'!N2443+'Game Results'!N1427+'Game Results'!N2985) -> 9 | O11: =SUM('Game Results'!O31+'Game Results'!O42+'Game Results'!O816+'Game Results'!O1045+'Game Results'!O581+'Game Results'!O1341+'Game Results'!O1077+'Game Results'!O1680+'Game Results'!O2188+'Game Results'!O2151+'Game Results'!O2885+'Game Results'!O2443+'Game Results'!O1427+'Game Results'!O2985) -> 99.35 | P11: =SUM('Game Results'!P31+'Game Results'!P42+'Game Results'!P816+'Game Results'!P1045+'Game Results'!P581+'Game Results'!P1341+'Game Results'!P1077+'Game Results'!P1680+'Game Results'!P2188+'Game Results'!P2151+'Game Results'!P2885+'Game Results'!P2443+'Game Results'!P1427+'Game Results'!P2985) -> 14 | Q11: =SUM('Game Results'!Q31+'Game Results'!Q42+'Game Results'!Q816+'Game Results'!Q1045+'Game Results'!Q581+'Game Results'!Q1341+'Game Results'!Q1077+'Game Results'!Q1680+'Game Results'!Q2188+'Game Results'!Q2151+'Game Results'!Q2885+'Game Results'!Q2443+'Game Results'!Q1427+'Game Results'!Q2985) -> 3 | R11: =SUM('Game Results'!R31+'Game Results'!R42+'Game Results'!R816+'Game Results'!R1045+'Game Results'!R581+'Game Results'!R1341+'Game Results'!R1077+'Game Results'!R1680+'Game Results'!R2188+'Game Results'!R2151+'Game Results'!R2885+'Game Results'!R2443+'Game Results'!R1427+'Game Results'!R2985) -> 17 | S11: =SUM('Game Results'!S31+'Game Results'!S42+'Game Results'!S816+'Game Results'!S1045+'Game Results'!S581+'Game Results'!S1341+'Game Results'!S1077+'Game Results'!S1680+'Game Results'!S2188+'Game Results'!S2151+'Game Results'!S2885+'Game Results'!S2443+'Game Results'!S1427+'Game Results'!S2985) -> 7 | T11: =SUM('Game Results'!T31+'Game Results'!T42+'Game Results'!T816+'Game Results'!T1045+'Game Results'!T581+'Game Results'!T1341+'Game Results'!T1077+'Game Results'!T1680+'Game Results'!T2188+'Game Results'!T2151+'Game Results'!T2885+'Game Results'!T2443+'Game Results'!T1427+'Game Results'!T2985) -> 39 | ... AH11: =SUM('Game Results'!AH31+'Game Results'!AH42+'Game Results'!AH816+'Game Results'!AH1045+'Game Results'!AH581+'Game Results'!AH1341+'Game Results'!AH1077+'Game Results'!AH1680+'Game Results'!AH2188+'Game Results'!AH2151+'Game Results'!AH2885+'Game Results'!AH2443+'Game Results'!AH1427+'Game Results'!AH2985) -> 0
A12: Collateral Damage | B12: xI Tin Tin Ix | C12: =SUM('Game Results'!C32+'Game Results'!C43+'Game Results'!C817+'Game Results'!C1046+'Game Results'!C582+'Game Results'!C1342+'Game Results'!C1078+'Game Results'!C1681+'Game Results'!C2189+'Game Results'!C2152+'Game Results'!C2886+'Game Results'!C2444+'Game Results'!C1428+'Game Results'!C2986) -> 14 | D12: =SUM('Game Results'!D32+'Game Results'!D43+'Game Results'!D817+'Game Results'!D1046+'Game Results'!D582+'Game Results'!D1342+'Game Results'!D1078+'Game Results'!D1681+'Game Results'!D2189+'Game Results'!D2152+'Game Results'!D2886+'Game Results'!D2444+'Game Results'!D1428+'Game Results'!D2986) -> 3 | E12: =SUM('Game Results'!E32+'Game Results'!E43+'Game Results'!E817+'Game Results'!E1046+'Game Results'!E582+'Game Results'!E1342+'Game Results'!E1078+'Game Results'!E1681+'Game Results'!E2189+'Game Results'!E2152+'Game Results'!E2886+'Game Results'!E2444+'Game Results'!E1428+'Game Results'!E2986) -> 156.16667 | F12: =SUM('Game Results'!F32+'Game Results'!F43+'Game Results'!F817+'Game Results'!F1046+'Game Results'!F582+'Game Results'!F1342+'Game Results'!F1078+'Game Results'!F1681+'Game Results'!F2189+'Game Results'!F2152+'Game Results'!F2886+'Game Results'!F2444+'Game Results'!F1428+'Game Results'!F2986) -> 1 | G12: =SUM('Game Results'!G32+'Game Results'!G43+'Game Results'!G817+'Game Results'!G1046+'Game Results'!G582+'Game Results'!G1342+'Game Results'!G1078+'Game Results'!G1681+'Game Results'!G2189+'Game Results'!G2152+'Game Results'!G2886+'Game Results'!G2444+'Game Results'!G1428+'Game Results'!G2986) -> 680 | H12: =SUM('Game Results'!H32+'Game Results'!H43+'Game Results'!H817+'Game Results'!H1046+'Game Results'!H582+'Game Results'!H1342+'Game Results'!H1078+'Game Results'!H1681+'Game Results'!H2189+'Game Results'!H2152+'Game Results'!H2886+'Game Results'!H2444+'Game Results'!H1428+'Game Results'!H2986) -> 5 | I12: =SUM('Game Results'!I32+'Game Results'!I43+'Game Results'!I817+'Game Results'!I1046+'Game Results'!I582+'Game Results'!I1342+'Game Results'!I1078+'Game Results'!I1681+'Game Results'!I2189+'Game Results'!I2152+'Game Results'!I2886+'Game Results'!I2444+'Game Results'!I1428+'Game Results'!I2986) -> 801 | J12: =SUM('Game Results'!J32+'Game Results'!J43+'Game Results'!J817+'Game Results'!J1046+'Game Results'!J582+'Game Results'!J1342+'Game Results'!J1078+'Game Results'!J1681+'Game Results'!J2189+'Game Results'!J2152+'Game Results'!J2886+'Game Results'!J2444+'Game Results'!J1428+'Game Results'!J2986) -> -121 | K12: =SUM(G12/I12) -> 0.84893883 | L12: =SUM(E12*60)/I12 -> 11.697878 | M12: =SUM('Game Results'!M32+'Game Results'!M43+'Game Results'!M817+'Game Results'!M1046+'Game Results'!M582+'Game Results'!M1342+'Game Results'!M1078+'Game Results'!M1681+'Game Results'!M2189+'Game Results'!M2152+'Game Results'!M2886+'Game Results'!M2444+'Game Results'!M1428+'Game Results'!M2986) -> 719 | N12: =SUM('Game Results'!N32+'Game Results'!N43+'Game Results'!N817+'Game Results'!N1046+'Game Results'!N582+'Game Results'!N1342+'Game Results'!N1078+'Game Results'!N1681+'Game Results'!N2189+'Game Results'!N2152+'Game Results'!N2886+'Game Results'!N2444+'Game Results'!N1428+'Game Results'!N2986) -> 11 | O12: =SUM('Game Results'!O32+'Game Results'!O43+'Game Results'!O817+'Game Results'!O1046+'Game Results'!O582+'Game Results'!O1342+'Game Results'!O1078+'Game Results'!O1681+'Game Results'!O2189+'Game Results'!O2152+'Game Results'!O2886+'Game Results'!O2444+'Game Results'!O1428+'Game Results'!O2986) -> 105.86667 | P12: =SUM('Game Results'!P32+'Game Results'!P43+'Game Results'!P817+'Game Results'!P1046+'Game Results'!P582+'Game Results'!P1342+'Game Results'!P1078+'Game Results'!P1681+'Game Results'!P2189+'Game Results'!P2152+'Game Results'!P2886+'Game Results'!P2444+'Game Results'!P1428+'Game Results'!P2986) -> 27 | Q12: =SUM('Game Results'!Q32+'Game Results'!Q43+'Game Results'!Q817+'Game Results'!Q1046+'Game Results'!Q582+'Game Results'!Q1342+'Game Results'!Q1078+'Game Results'!Q1681+'Game Results'!Q2189+'Game Results'!Q2152+'Game Results'!Q2886+'Game Results'!Q2444+'Game Results'!Q1428+'Game Results'!Q2986) -> 15 | R12: =SUM('Game Results'!R32+'Game Results'!R43+'Game Results'!R817+'Game Results'!R1046+'Game Results'!R582+'Game Results'!R1342+'Game Results'!R1078+'Game Results'!R1681+'Game Results'!R2189+'Game Results'!R2152+'Game Results'!R2886+'Game Results'!R2444+'Game Results'!R1428+'Game Results'!R2986) -> 35 | S12: =SUM('Game Results'!S32+'Game Results'!S43+'Game Results'!S817+'Game Results'!S1046+'Game Results'!S582+'Game Results'!S1342+'Game Results'!S1078+'Game Results'!S1681+'Game Results'!S2189+'Game Results'!S2152+'Game Results'!S2886+'Game Results'!S2444+'Game Results'!S1428+'Game Results'!S2986) -> 11 | T12: =SUM('Game Results'!T32+'Game Results'!T43+'Game Results'!T817+'Game Results'!T1046+'Game Results'!T582+'Game Results'!T1342+'Game Results'!T1078+'Game Results'!T1681+'Game Results'!T2189+'Game Results'!T2152+'Game Results'!T2886+'Game Results'!T2444+'Game Results'!T1428+'Game Results'!T2986) -> 60 | ... AH12: =SUM('Game Results'!AH32+'Game Results'!AH43+'Game Results'!AH817+'Game Results'!AH1046+'Game Results'!AH582+'Game Results'!AH1342+'Game Results'!AH1078+'Game Results'!AH1681+'Game Results'!AH2189+'Game Results'!AH2152+'Game Results'!AH2886+'Game Results'!AH2444+'Game Results'!AH1428+'Game Results'!AH2986) -> 0
A13: Collateral Damage | B13: Acniphyde43 | C13: =SUM('Game Results'!C33+'Game Results'!C44+'Game Results'!C818+'Game Results'!C1047+'Game Results'!C583+'Game Results'!C1343+'Game Results'!C1079+'Game Results'!C1682+'Game Results'!C2190+'Game Results'!C2153+'Game Results'!C2887+'Game Results'!C2445+'Game Results'!C1429+'Game Results'!C2987) -> 0 | D13: =SUM('Game Results'!D33+'Game Results'!D44+'Game Results'!D818+'Game Results'!D1047+'Game Results'!D583+'Game Results'!D1343+'Game Results'!D1079+'Game Results'!D1682+'Game Results'!D2190+'Game Results'!D2153+'Game Results'!D2887+'Game Results'!D2445+'Game Results'!D1429+'Game Results'!D2987) -> 0 | E13: =SUM('Game Results'!E33+'Game Results'!E44+'Game Results'!E818+'Game Results'!E1047+'Game Results'!E583+'Game Results'!E1343+'Game Results'!E1079+'Game Results'!E1682+'Game Results'!E2190+'Game Results'!E2153+'Game Results'!E2887+'Game Results'!E2445+'Game Results'!E1429+'Game Results'!E2987) -> 0 | F13: =SUM('Game Results'!F33+'Game Results'!F44+'Game Results'!F818+'Game Results'!F1047+'Game Results'!F583+'Game Results'!F1343+'Game Results'!F1079+'Game Results'!F1682+'Game Results'!F2190+'Game Results'!F2153+'Game Results'!F2887+'Game Results'!F2445+'Game Results'!F1429+'Game Results'!F2987) -> 0 | G13: =SUM('Game Results'!G33+'Game Results'!G44+'Game Results'!G818+'Game Results'!G1047+'Game Results'!G583+'Game Results'!G1343+'Game Results'!G1079+'Game Results'!G1682+'Game Results'!G2190+'Game Results'!G2153+'Game Results'!G2887+'Game Results'!G2445+'Game Results'!G1429+'Game Results'!G2987) -> 0 | H13: =SUM('Game Results'!H33+'Game Results'!H44+'Game Results'!H818+'Game Results'!H1047+'Game Results'!H583+'Game Results'!H1343+'Game Results'!H1079+'Game Results'!H1682+'Game Results'!H2190+'Game Results'!H2153+'Game Results'!H2887+'Game Results'!H2445+'Game Results'!H1429+'Game Results'!H2987) -> 0 | I13: =SUM('Game Results'!I33+'Game Results'!I44+'Game Results'!I818+'Game Results'!I1047+'Game Results'!I583+'Game Results'!I1343+'Game Results'!I1079+'Game Results'!I1682+'Game Results'!I2190+'Game Results'!I2153+'Game Results'!I2887+'Game Results'!I2445+'Game Results'!I1429+'Game Results'!I2987) -> 0 | J13: =SUM('Game Results'!J33+'Game Results'!J44+'Game Results'!J818+'Game Results'!J1047+'Game Results'!J583+'Game Results'!J1343+'Game Results'!J1079+'Game Results'!J1682+'Game Results'!J2190+'Game Results'!J2153+'Game Results'!J2887+'Game Results'!J2445+'Game Results'!J1429+'Game Results'!J2987) -> 0 | K13: =SUM(G13/I13) -> #DIV/0! | L13: =SUM(E13*60)/I13 -> #DIV/0! | M13: =SUM('Game Results'!M33+'Game Results'!M44+'Game Results'!M818+'Game Results'!M1047+'Game Results'!M583+'Game Results'!M1343+'Game Results'!M1079+'Game Results'!M1682+'Game Results'!M2190+'Game Results'!M2153+'Game Results'!M2887+'Game Results'!M2445+'Game Results'!M1429+'Game Results'!M2987) -> 0 | N13: =SUM('Game Results'!N33+'Game Results'!N44+'Game Results'!N818+'Game Results'!N1047+'Game Results'!N583+'Game Results'!N1343+'Game Results'!N1079+'Game Results'!N1682+'Game Results'!N2190+'Game Results'!N2153+'Game Results'!N2887+'Game Results'!N2445+'Game Results'!N1429+'Game Results'!N2987) -> 0 | O13: =SUM('Game Results'!O33+'Game Results'!O44+'Game Results'!O818+'Game Results'!O1047+'Game Results'!O583+'Game Results'!O1343+'Game Results'!O1079+'Game Results'!O1682+'Game Results'!O2190+'Game Results'!O2153+'Game Results'!O2887+'Game Results'!O2445+'Game Results'!O1429+'Game Results'!O2987) -> 0 | P13: =SUM('Game Results'!P33+'Game Results'!P44+'Game Results'!P818+'Game Results'!P1047+'Game Results'!P583+'Game Results'!P1343+'Game Results'!P1079+'Game Results'!P1682+'Game Results'!P2190+'Game Results'!P2153+'Game Results'!P2887+'Game Results'!P2445+'Game Results'!P1429+'Game Results'!P2987) -> 0 | Q13: =SUM('Game Results'!Q33+'Game Results'!Q44+'Game Results'!Q818+'Game Results'!Q1047+'Game Results'!Q583+'Game Results'!Q1343+'Game Results'!Q1079+'Game Results'!Q1682+'Game Results'!Q2190+'Game Results'!Q2153+'Game Results'!Q2887+'Game Results'!Q2445+'Game Results'!Q1429+'Game Results'!Q2987) -> 0 | R13: =SUM('Game Results'!R33+'Game Results'!R44+'Game Results'!R818+'Game Results'!R1047+'Game Results'!R583+'Game Results'!R1343+'Game Results'!R1079+'Game Results'!R1682+'Game Results'!R2190+'Game Results'!R2153+'Game Results'!R2887+'Game Results'!R2445+'Game Results'!R1429+'Game Results'!R2987) -> 0 | S13: =SUM('Game Results'!S33+'Game Results'!S44+'Game Results'!S818+'Game Results'!S1047+'Game Results'!S583+'Game Results'!S1343+'Game Results'!S1079+'Game Results'!S1682+'Game Results'!S2190+'Game Results'!S2153+'Game Results'!S2887+'Game Results'!S2445+'Game Results'!S1429+'Game Results'!S2987) -> 0 | T13: =SUM('Game Results'!T33+'Game Results'!T44+'Game Results'!T818+'Game Results'!T1047+'Game Results'!T583+'Game Results'!T1343+'Game Results'!T1079+'Game Results'!T1682+'Game Results'!T2190+'Game Results'!T2153+'Game Results'!T2887+'Game Results'!T2445+'Game Results'!T1429+'Game Results'!T2987) -> 0 | ... AH13: =SUM('Game Results'!AH33+'Game Results'!AH44+'Game Results'!AH818+'Game Results'!AH1047+'Game Results'!AH583+'Game Results'!AH1343+'Game Results'!AH1079+'Game Results'!AH1682+'Game Results'!AH2190+'Game Results'!AH2153+'Game Results'!AH2887+'Game Results'!AH2445+'Game Results'!AH1429+'Game Results'!AH2987) -> 0
A14: Collateral Damage | B14: Neomalkin | C14: =SUM('Game Results'!C34+'Game Results'!C45+'Game Results'!C819+'Game Results'!C1048+'Game Results'!C584+'Game Results'!C1344+'Game Results'!C1080+'Game Results'!C1683+'Game Results'!C2191+'Game Results'!C2154+'Game Results'!C2888+'Game Results'!C2446+'Game Results'!C1430+'Game Results'!C2988) -> 14 | D14: =SUM('Game Results'!D34+'Game Results'!D45+'Game Results'!D819+'Game Results'!D1048+'Game Results'!D584+'Game Results'!D1344+'Game Results'!D1080+'Game Results'!D1683+'Game Results'!D2191+'Game Results'!D2154+'Game Results'!D2888+'Game Results'!D2446+'Game Results'!D1430+'Game Results'!D2988) -> 3 | E14: =SUM('Game Results'!E34+'Game Results'!E45+'Game Results'!E819+'Game Results'!E1048+'Game Results'!E584+'Game Results'!E1344+'Game Results'!E1080+'Game Results'!E1683+'Game Results'!E2191+'Game Results'!E2154+'Game Results'!E2888+'Game Results'!E2446+'Game Results'!E1430+'Game Results'!E2988) -> 160.86667 | F14: =SUM('Game Results'!F34+'Game Results'!F45+'Game Results'!F819+'Game Results'!F1048+'Game Results'!F584+'Game Results'!F1344+'Game Results'!F1080+'Game Results'!F1683+'Game Results'!F2191+'Game Results'!F2154+'Game Results'!F2888+'Game Results'!F2446+'Game Results'!F1430+'Game Results'!F2988) -> 17 | G14: =SUM('Game Results'!G34+'Game Results'!G45+'Game Results'!G819+'Game Results'!G1048+'Game Results'!G584+'Game Results'!G1344+'Game Results'!G1080+'Game Results'!G1683+'Game Results'!G2191+'Game Results'!G2154+'Game Results'!G2888+'Game Results'!G2446+'Game Results'!G1430+'Game Results'!G2988) -> 325 | H14: =SUM('Game Results'!H34+'Game Results'!H45+'Game Results'!H819+'Game Results'!H1048+'Game Results'!H584+'Game Results'!H1344+'Game Results'!H1080+'Game Results'!H1683+'Game Results'!H2191+'Game Results'!H2154+'Game Results'!H2888+'Game Results'!H2446+'Game Results'!H1430+'Game Results'!H2988) -> 4 | I14: =SUM('Game Results'!I34+'Game Results'!I45+'Game Results'!I819+'Game Results'!I1048+'Game Results'!I584+'Game Results'!I1344+'Game Results'!I1080+'Game Results'!I1683+'Game Results'!I2191+'Game Results'!I2154+'Game Results'!I2888+'Game Results'!I2446+'Game Results'!I1430+'Game Results'!I2988) -> 542 | J14: =SUM('Game Results'!J34+'Game Results'!J45+'Game Results'!J819+'Game Results'!J1048+'Game Results'!J584+'Game Results'!J1344+'Game Results'!J1080+'Game Results'!J1683+'Game Results'!J2191+'Game Results'!J2154+'Game Results'!J2888+'Game Results'!J2446+'Game Results'!J1430+'Game Results'!J2988) -> -217 | K14: =SUM(G14/I14) -> 0.599631 | L14: =SUM(E14*60)/I14 -> 17.808118 | M14: =SUM('Game Results'!M34+'Game Results'!M45+'Game Results'!M819+'Game Results'!M1048+'Game Results'!M584+'Game Results'!M1344+'Game Results'!M1080+'Game Results'!M1683+'Game Results'!M2191+'Game Results'!M2154+'Game Results'!M2888+'Game Results'!M2446+'Game Results'!M1430+'Game Results'!M2988) -> 352 | N14: =SUM('Game Results'!N34+'Game Results'!N45+'Game Results'!N819+'Game Results'!N1048+'Game Results'!N584+'Game Results'!N1344+'Game Results'!N1080+'Game Results'!N1683+'Game Results'!N2191+'Game Results'!N2154+'Game Results'!N2888+'Game Results'!N2446+'Game Results'!N1430+'Game Results'!N2988) -> 11 | O14: =SUM('Game Results'!O34+'Game Results'!O45+'Game Results'!O819+'Game Results'!O1048+'Game Results'!O584+'Game Results'!O1344+'Game Results'!O1080+'Game Results'!O1683+'Game Results'!O2191+'Game Results'!O2154+'Game Results'!O2888+'Game Results'!O2446+'Game Results'!O1430+'Game Results'!O2988) -> 113.68333 | P14: =SUM('Game Results'!P34+'Game Results'!P45+'Game Results'!P819+'Game Results'!P1048+'Game Results'!P584+'Game Results'!P1344+'Game Results'!P1080+'Game Results'!P1683+'Game Results'!P2191+'Game Results'!P2154+'Game Results'!P2888+'Game Results'!P2446+'Game Results'!P1430+'Game Results'!P2988) -> 16 | Q14: =SUM('Game Results'!Q34+'Game Results'!Q45+'Game Results'!Q819+'Game Results'!Q1048+'Game Results'!Q584+'Game Results'!Q1344+'Game Results'!Q1080+'Game Results'!Q1683+'Game Results'!Q2191+'Game Results'!Q2154+'Game Results'!Q2888+'Game Results'!Q2446+'Game Results'!Q1430+'Game Results'!Q2988) -> 6 | R14: =SUM('Game Results'!R34+'Game Results'!R45+'Game Results'!R819+'Game Results'!R1048+'Game Results'!R584+'Game Results'!R1344+'Game Results'!R1080+'Game Results'!R1683+'Game Results'!R2191+'Game Results'!R2154+'Game Results'!R2888+'Game Results'!R2446+'Game Results'!R1430+'Game Results'!R2988) -> 9 | S14: =SUM('Game Results'!S34+'Game Results'!S45+'Game Results'!S819+'Game Results'!S1048+'Game Results'!S584+'Game Results'!S1344+'Game Results'!S1080+'Game Results'!S1683+'Game Results'!S2191+'Game Results'!S2154+'Game Results'!S2888+'Game Results'!S2446+'Game Results'!S1430+'Game Results'!S2988) -> 7 | T14: =SUM('Game Results'!T34+'Game Results'!T45+'Game Results'!T819+'Game Results'!T1048+'Game Results'!T584+'Game Results'!T1344+'Game Results'!T1080+'Game Results'!T1683+'Game Results'!T2191+'Game Results'!T2154+'Game Results'!T2888+'Game Results'!T2446+'Game Results'!T1430+'Game Results'!T2988) -> 18 | ... AH14: =SUM('Game Results'!AH34+'Game Results'!AH45+'Game Results'!AH819+'Game Results'!AH1048+'Game Results'!AH584+'Game Results'!AH1344+'Game Results'!AH1080+'Game Results'!AH1683+'Game Results'!AH2191+'Game Results'!AH2154+'Game Results'!AH2888+'Game Results'!AH2446+'Game Results'!AH1430+'Game Results'!AH2988) -> 0
A15: Collateral Damage | B15: EIementary | C15: =SUM('Game Results'!C35+'Game Results'!C46+'Game Results'!C820+'Game Results'!C1049+'Game Results'!C585+'Game Results'!C1345+'Game Results'!C1081+'Game Results'!C1684+'Game Results'!C2192+'Game Results'!C2155+'Game Results'!C2889+'Game Results'!C2447+'Game Results'!C1431+'Game Results'!C2989) -> 8 | D15: =SUM('Game Results'!D35+'Game Results'!D46+'Game Results'!D820+'Game Results'!D1049+'Game Results'!D585+'Game Results'!D1345+'Game Results'!D1081+'Game Results'!D1684+'Game Results'!D2192+'Game Results'!D2155+'Game Results'!D2889+'Game Results'!D2447+'Game Results'!D1431+'Game Results'!D2989) -> 2 | E15: =SUM('Game Results'!E35+'Game Results'!E46+'Game Results'!E820+'Game Results'!E1049+'Game Results'!E585+'Game Results'!E1345+'Game Results'!E1081+'Game Results'!E1684+'Game Results'!E2192+'Game Results'!E2155+'Game Results'!E2889+'Game Results'!E2447+'Game Results'!E1431+'Game Results'!E2989) -> 92.183333 | F15: =SUM('Game Results'!F35+'Game Results'!F46+'Game Results'!F820+'Game Results'!F1049+'Game Results'!F585+'Game Results'!F1345+'Game Results'!F1081+'Game Results'!F1684+'Game Results'!F2192+'Game Results'!F2155+'Game Results'!F2889+'Game Results'!F2447+'Game Results'!F1431+'Game Results'!F2989) -> 3 | G15: =SUM('Game Results'!G35+'Game Results'!G46+'Game Results'!G820+'Game Results'!G1049+'Game Results'!G585+'Game Results'!G1345+'Game Results'!G1081+'Game Results'!G1684+'Game Results'!G2192+'Game Results'!G2155+'Game Results'!G2889+'Game Results'!G2447+'Game Results'!G1431+'Game Results'!G2989) -> 515 | H15: =SUM('Game Results'!H35+'Game Results'!H46+'Game Results'!H820+'Game Results'!H1049+'Game Results'!H585+'Game Results'!H1345+'Game Results'!H1081+'Game Results'!H1684+'Game Results'!H2192+'Game Results'!H2155+'Game Results'!H2889+'Game Results'!H2447+'Game Results'!H1431+'Game Results'!H2989) -> 3 | I15: =SUM('Game Results'!I35+'Game Results'!I46+'Game Results'!I820+'Game Results'!I1049+'Game Results'!I585+'Game Results'!I1345+'Game Results'!I1081+'Game Results'!I1684+'Game Results'!I2192+'Game Results'!I2155+'Game Results'!I2889+'Game Results'!I2447+'Game Results'!I1431+'Game Results'!I2989) -> 454 | J15: =SUM('Game Results'!J35+'Game Results'!J46+'Game Results'!J820+'Game Results'!J1049+'Game Results'!J585+'Game Results'!J1345+'Game Results'!J1081+'Game Results'!J1684+'Game Results'!J2192+'Game Results'!J2155+'Game Results'!J2889+'Game Results'!J2447+'Game Results'!J1431+'Game Results'!J2989) -> 61 | K15: =SUM(G15/I15) -> 1.1343612 | L15: =SUM(E15*60)/I15 -> 12.182819 | M15: =SUM('Game Results'!M35+'Game Results'!M46+'Game Results'!M820+'Game Results'!M1049+'Game Results'!M585+'Game Results'!M1345+'Game Results'!M1081+'Game Results'!M1684+'Game Results'!M2192+'Game Results'!M2155+'Game Results'!M2889+'Game Results'!M2447+'Game Results'!M1431+'Game Results'!M2989) -> 488 | N15: =SUM('Game Results'!N35+'Game Results'!N46+'Game Results'!N820+'Game Results'!N1049+'Game Results'!N585+'Game Results'!N1345+'Game Results'!N1081+'Game Results'!N1684+'Game Results'!N2192+'Game Results'!N2155+'Game Results'!N2889+'Game Results'!N2447+'Game Results'!N1431+'Game Results'!N2989) -> 5 | O15: =SUM('Game Results'!O35+'Game Results'!O46+'Game Results'!O820+'Game Results'!O1049+'Game Results'!O585+'Game Results'!O1345+'Game Results'!O1081+'Game Results'!O1684+'Game Results'!O2192+'Game Results'!O2155+'Game Results'!O2889+'Game Results'!O2447+'Game Results'!O1431+'Game Results'!O2989) -> 42.366667 | P15: =SUM('Game Results'!P35+'Game Results'!P46+'Game Results'!P820+'Game Results'!P1049+'Game Results'!P585+'Game Results'!P1345+'Game Results'!P1081+'Game Results'!P1684+'Game Results'!P2192+'Game Results'!P2155+'Game Results'!P2889+'Game Results'!P2447+'Game Results'!P1431+'Game Results'!P2989) -> 22 | Q15: =SUM('Game Results'!Q35+'Game Results'!Q46+'Game Results'!Q820+'Game Results'!Q1049+'Game Results'!Q585+'Game Results'!Q1345+'Game Results'!Q1081+'Game Results'!Q1684+'Game Results'!Q2192+'Game Results'!Q2155+'Game Results'!Q2889+'Game Results'!Q2447+'Game Results'!Q1431+'Game Results'!Q2989) -> 4 | R15: =SUM('Game Results'!R35+'Game Results'!R46+'Game Results'!R820+'Game Results'!R1049+'Game Results'!R585+'Game Results'!R1345+'Game Results'!R1081+'Game Results'!R1684+'Game Results'!R2192+'Game Results'!R2155+'Game Results'!R2889+'Game Results'!R2447+'Game Results'!R1431+'Game Results'!R2989) -> 21 | S15: =SUM('Game Results'!S35+'Game Results'!S46+'Game Results'!S820+'Game Results'!S1049+'Game Results'!S585+'Game Results'!S1345+'Game Results'!S1081+'Game Results'!S1684+'Game Results'!S2192+'Game Results'!S2155+'Game Results'!S2889+'Game Results'!S2447+'Game Results'!S1431+'Game Results'!S2989) -> 4 | T15: =SUM('Game Results'!T35+'Game Results'!T46+'Game Results'!T820+'Game Results'!T1049+'Game Results'!T585+'Game Results'!T1345+'Game Results'!T1081+'Game Results'!T1684+'Game Results'!T2192+'Game Results'!T2155+'Game Results'!T2889+'Game Results'!T2447+'Game Results'!T1431+'Game Results'!T2989) -> 48 | ... AH15: =SUM('Game Results'!AH35+'Game Results'!AH46+'Game Results'!AH820+'Game Results'!AH1049+'Game Results'!AH585+'Game Results'!AH1345+'Game Results'!AH1081+'Game Results'!AH1684+'Game Results'!AH2192+'Game Results'!AH2155+'Game Results'!AH2889+'Game Results'!AH2447+'Game Results'!AH1431+'Game Results'!AH2989) -> 0
A16: Collateral Damage | B16: Noplex | C16: =SUM('Game Results'!C36+'Game Results'!C47+'Game Results'!C821+'Game Results'!C1050+'Game Results'!C586+'Game Results'!C1346+'Game Results'!C1082+'Game Results'!C1685+'Game Results'!C2193+'Game Results'!C2156+'Game Results'!C2890+'Game Results'!C2448+'Game Results'!C1432+'Game Results'!C2990) -> 7 | D16: =SUM('Game Results'!D36+'Game Results'!D47+'Game Results'!D821+'Game Results'!D1050+'Game Results'!D586+'Game Results'!D1346+'Game Results'!D1082+'Game Results'!D1685+'Game Results'!D2193+'Game Results'!D2156+'Game Results'!D2890+'Game Results'!D2448+'Game Results'!D1432+'Game Results'!D2990) -> 0 | E16: =SUM('Game Results'!E36+'Game Results'!E47+'Game Results'!E821+'Game Results'!E1050+'Game Results'!E586+'Game Results'!E1346+'Game Results'!E1082+'Game Results'!E1685+'Game Results'!E2193+'Game Results'!E2156+'Game Results'!E2890+'Game Results'!E2448+'Game Results'!E1432+'Game Results'!E2990) -> 40.216667 | F16: =SUM('Game Results'!F36+'Game Results'!F47+'Game Results'!F821+'Game Results'!F1050+'Game Results'!F586+'Game Results'!F1346+'Game Results'!F1082+'Game Results'!F1685+'Game Results'!F2193+'Game Results'!F2156+'Game Results'!F2890+'Game Results'!F2448+'Game Results'!F1432+'Game Results'!F2990) -> 0 | G16: =SUM('Game Results'!G36+'Game Results'!G47+'Game Results'!G821+'Game Results'!G1050+'Game Results'!G586+'Game Results'!G1346+'Game Results'!G1082+'Game Results'!G1685+'Game Results'!G2193+'Game Results'!G2156+'Game Results'!G2890+'Game Results'!G2448+'Game Results'!G1432+'Game Results'!G2990) -> 152 | H16: =SUM('Game Results'!H36+'Game Results'!H47+'Game Results'!H821+'Game Results'!H1050+'Game Results'!H586+'Game Results'!H1346+'Game Results'!H1082+'Game Results'!H1685+'Game Results'!H2193+'Game Results'!H2156+'Game Results'!H2890+'Game Results'!H2448+'Game Results'!H1432+'Game Results'!H2990) -> 3 | I16: =SUM('Game Results'!I36+'Game Results'!I47+'Game Results'!I821+'Game Results'!I1050+'Game Results'!I586+'Game Results'!I1346+'Game Results'!I1082+'Game Results'!I1685+'Game Results'!I2193+'Game Results'!I2156+'Game Results'!I2890+'Game Results'!I2448+'Game Results'!I1432+'Game Results'!I2990) -> 258 | J16: =SUM('Game Results'!J36+'Game Results'!J47+'Game Results'!J821+'Game Results'!J1050+'Game Results'!J586+'Game Results'!J1346+'Game Results'!J1082+'Game Results'!J1685+'Game Results'!J2193+'Game Results'!J2156+'Game Results'!J2890+'Game Results'!J2448+'Game Results'!J1432+'Game Results'!J2990) -> -106 | K16: =SUM(G16/I16) -> 0.58914729 | L16: =SUM(E16*60)/I16 -> 9.3527132 | M16: =SUM('Game Results'!M36+'Game Results'!M47+'Game Results'!M821+'Game Results'!M1050+'Game Results'!M586+'Game Results'!M1346+'Game Results'!M1082+'Game Results'!M1685+'Game Results'!M2193+'Game Results'!M2156+'Game Results'!M2890+'Game Results'!M2448+'Game Results'!M1432+'Game Results'!M2990) -> 180 | N16: =SUM('Game Results'!N36+'Game Results'!N47+'Game Results'!N821+'Game Results'!N1050+'Game Results'!N586+'Game Results'!N1346+'Game Results'!N1082+'Game Results'!N1685+'Game Results'!N2193+'Game Results'!N2156+'Game Results'!N2890+'Game Results'!N2448+'Game Results'!N1432+'Game Results'!N2990) -> 7 | O16: =SUM('Game Results'!O36+'Game Results'!O47+'Game Results'!O821+'Game Results'!O1050+'Game Results'!O586+'Game Results'!O1346+'Game Results'!O1082+'Game Results'!O1685+'Game Results'!O2193+'Game Results'!O2156+'Game Results'!O2890+'Game Results'!O2448+'Game Results'!O1432+'Game Results'!O2990) -> 40.216667 | P16: =SUM('Game Results'!P36+'Game Results'!P47+'Game Results'!P821+'Game Results'!P1050+'Game Results'!P586+'Game Results'!P1346+'Game Results'!P1082+'Game Results'!P1685+'Game Results'!P2193+'Game Results'!P2156+'Game Results'!P2890+'Game Results'!P2448+'Game Results'!P1432+'Game Results'!P2990) -> 12 | Q16: =SUM('Game Results'!Q36+'Game Results'!Q47+'Game Results'!Q821+'Game Results'!Q1050+'Game Results'!Q586+'Game Results'!Q1346+'Game Results'!Q1082+'Game Results'!Q1685+'Game Results'!Q2193+'Game Results'!Q2156+'Game Results'!Q2890+'Game Results'!Q2448+'Game Results'!Q1432+'Game Results'!Q2990) -> 3 | R16: =SUM('Game Results'!R36+'Game Results'!R47+'Game Results'!R821+'Game Results'!R1050+'Game Results'!R586+'Game Results'!R1346+'Game Results'!R1082+'Game Results'!R1685+'Game Results'!R2193+'Game Results'!R2156+'Game Results'!R2890+'Game Results'!R2448+'Game Results'!R1432+'Game Results'!R2990) -> 7 | S16: =SUM('Game Results'!S36+'Game Results'!S47+'Game Results'!S821+'Game Results'!S1050+'Game Results'!S586+'Game Results'!S1346+'Game Results'!S1082+'Game Results'!S1685+'Game Results'!S2193+'Game Results'!S2156+'Game Results'!S2890+'Game Results'!S2448+'Game Results'!S1432+'Game Results'!S2990) -> 6 | T16: =SUM('Game Results'!T36+'Game Results'!T47+'Game Results'!T821+'Game Results'!T1050+'Game Results'!T586+'Game Results'!T1346+'Game Results'!T1082+'Game Results'!T1685+'Game Results'!T2193+'Game Results'!T2156+'Game Results'!T2890+'Game Results'!T2448+'Game Results'!T1432+'Game Results'!T2990) -> 16 | ... AH16: =SUM('Game Results'!AH36+'Game Results'!AH47+'Game Results'!AH821+'Game Results'!AH1050+'Game Results'!AH586+'Game Results'!AH1346+'Game Results'!AH1082+'Game Results'!AH1685+'Game Results'!AH2193+'Game Results'!AH2156+'Game Results'!AH2890+'Game Results'!AH2448+'Game Results'!AH1432+'Game Results'!AH2990) -> 0
A17: Sub | B17: Silva | C17: =SUM('Game Results'!C37+'Game Results'!C48+'Game Results'!C822+'Game Results'!C1051+'Game Results'!C587+'Game Results'!C1347+'Game Results'!C1083+'Game Results'!C1686+'Game Results'!C2194+'Game Results'!C2157+'Game Results'!C2891+'Game Results'!C2449) -> 33 | D17: =SUM('Game Results'!D37+'Game Results'!D48+'Game Results'!D822+'Game Results'!D1051+'Game Results'!D587+'Game Results'!D1347+'Game Results'!D1083+'Game Results'!D1686+'Game Results'!D2194+'Game Results'!D2157+'Game Results'!D2891+'Game Results'!D2449) -> 3 | E17: =SUM('Game Results'!E37+'Game Results'!E48+'Game Results'!E822+'Game Results'!E1051+'Game Results'!E587+'Game Results'!E1347+'Game Results'!E1083+'Game Results'!E1686+'Game Results'!E2194+'Game Results'!E2157+'Game Results'!E2891+'Game Results'!E2449) -> 318.86667 | F17: =SUM('Game Results'!F37+'Game Results'!F48+'Game Results'!F822+'Game Results'!F1051+'Game Results'!F587+'Game Results'!F1347+'Game Results'!F1083+'Game Results'!F1686+'Game Results'!F2194+'Game Results'!F2157+'Game Results'!F2891+'Game Results'!F2449) -> 5.25 | G17: =SUM('Game Results'!G37+'Game Results'!G48+'Game Results'!G822+'Game Results'!G1051+'Game Results'!G587+'Game Results'!G1347+'Game Results'!G1083+'Game Results'!G1686+'Game Results'!G2194+'Game Results'!G2157+'Game Results'!G2891+'Game Results'!G2449) -> 1781 | H17: =SUM('Game Results'!H37+'Game Results'!H48+'Game Results'!H822+'Game Results'!H1051+'Game Results'!H587+'Game Results'!H1347+'Game Results'!H1083+'Game Results'!H1686+'Game Results'!H2194+'Game Results'!H2157+'Game Results'!H2891+'Game Results'!H2449) -> 0 | I17: =SUM('Game Results'!I37+'Game Results'!I48+'Game Results'!I822+'Game Results'!I1051+'Game Results'!I587+'Game Results'!I1347+'Game Results'!I1083+'Game Results'!I1686+'Game Results'!I2194+'Game Results'!I2157+'Game Results'!I2891+'Game Results'!I2449) -> 2089 | J17: =SUM('Game Results'!J37+'Game Results'!J48+'Game Results'!J822+'Game Results'!J1051+'Game Results'!J587+'Game Results'!J1347+'Game Results'!J1083+'Game Results'!J1686+'Game Results'!J2194+'Game Results'!J2157+'Game Results'!J2891+'Game Results'!J2449) -> -308 | K17: =SUM(G17/I17) -> 0.85256103 | L17: =SUM(E17*60)/I17 -> 9.158449 | M17: =SUM('Game Results'!M37+'Game Results'!M48+'Game Results'!M822+'Game Results'!M1051+'Game Results'!M587+'Game Results'!M1347+'Game Results'!M1083+'Game Results'!M1686+'Game Results'!M2194+'Game Results'!M2157+'Game Results'!M2891+'Game Results'!M2449) -> 1839 | N17: =SUM('Game Results'!N37+'Game Results'!N48+'Game Results'!N822+'Game Results'!N1051+'Game Results'!N587+'Game Results'!N1347+'Game Results'!N1083+'Game Results'!N1686+'Game Results'!N2194+'Game Results'!N2157+'Game Results'!N2891+'Game Results'!N2449) -> 1 | O17: =SUM('Game Results'!O37+'Game Results'!O48+'Game Results'!O822+'Game Results'!O1051+'Game Results'!O587+'Game Results'!O1347+'Game Results'!O1083+'Game Results'!O1686+'Game Results'!O2194+'Game Results'!O2157+'Game Results'!O2891+'Game Results'!O2449) -> 31 | P17: =SUM('Game Results'!P37+'Game Results'!P48+'Game Results'!P822+'Game Results'!P1051+'Game Results'!P587+'Game Results'!P1347+'Game Results'!P1083+'Game Results'!P1686+'Game Results'!P2194+'Game Results'!P2157+'Game Results'!P2891+'Game Results'!P2449) -> 72 | Q17: =SUM('Game Results'!Q37+'Game Results'!Q48+'Game Results'!Q822+'Game Results'!Q1051+'Game Results'!Q587+'Game Results'!Q1347+'Game Results'!Q1083+'Game Results'!Q1686+'Game Results'!Q2194+'Game Results'!Q2157+'Game Results'!Q2891+'Game Results'!Q2449) -> 23 | R17: =SUM('Game Results'!R37+'Game Results'!R48+'Game Results'!R822+'Game Results'!R1051+'Game Results'!R587+'Game Results'!R1347+'Game Results'!R1083+'Game Results'!R1686+'Game Results'!R2194+'Game Results'!R2157+'Game Results'!R2891+'Game Results'!R2449) -> 79 | S17: =SUM('Game Results'!S37+'Game Results'!S48+'Game Results'!S822+'Game Results'!S1051+'Game Results'!S587+'Game Results'!S1347+'Game Results'!S1083+'Game Results'!S1686+'Game Results'!S2194+'Game Results'!S2157+'Game Results'!S2891+'Game Results'!S2449) -> 26 | T17: =SUM('Game Results'!T37+'Game Results'!T48+'Game Results'!T822+'Game Results'!T1051+'Game Results'!T587+'Game Results'!T1347+'Game Results'!T1083+'Game Results'!T1686+'Game Results'!T2194+'Game Results'!T2157+'Game Results'!T2891+'Game Results'!T2449) -> 156 | ... AH17: =SUM('Game Results'!AH37+'Game Results'!AH48+'Game Results'!AH822+'Game Results'!AH1051+'Game Results'!AH587+'Game Results'!AH1347+'Game Results'!AH1083+'Game Results'!AH1686+'Game Results'!AH2194+'Game Results'!AH2157+'Game Results'!AH2891+'Game Results'!AH2449) -> 0
A18: Totals: | C18: =SUM(C11:C17)/4 -> 22 | D18: =SUM(D11:D17)/4 -> 3.5 | E18: =SUM(E11:E17) -> 918.63333 | F18: =SUM(F11:F17) -> 26.25 | G18: =SUM(G11:G17) -> 3947 | H18: =SUM(H11:H17) -> 20 | I18: =SUM(I11:I17) -> 4811 | J18: =SUM(J11:J17) -> -864 | K18: =SUM(G18/I18) -> 0.82041156 | L18: =SUM(E18*60)/I18 -> 11.456662 | M18: =SUM(M11:M17) -> 4098 | N18: =SUM(N11:N17) -> 44 | O18: =SUM(O11:O17) -> 432.48333 | P18: =SUM(P11:P17) -> 163 | Q18: =SUM(Q11:Q17) -> 54 | R18: =SUM(R11:R17) -> 168 | S18: =SUM(S11:S17) -> 61 | T18: =SUM(T11:T17) -> 337 | ... AH18: =SUM(AH11:AH17) -> 0
A19: Stat Padders United | B19: A Baby Tortoise (c) | C19: =SUM('Game Results'!C125+'Game Results'!C178+'Game Results'!C683) -> 3 | D19: =SUM('Game Results'!D125+'Game Results'!D178+'Game Results'!D683) -> 0 | E19: =SUM('Game Results'!E125+'Game Results'!E178+'Game Results'!E683) -> 31.266667 | F19: =SUM('Game Results'!F125+'Game Results'!F178+'Game Results'!F683) -> 1 | G19: =SUM('Game Results'!G125+'Game Results'!G178+'Game Results'!G683) -> 100 | H19: =SUM('Game Results'!H125+'Game Results'!H178+'Game Results'!H683) -> 0 | I19: =SUM('Game Results'!I125+'Game Results'!I178+'Game Results'!I683) -> 122 | J19: =SUM('Game Results'!J125+'Game Results'!J178+'Game Results'!J683) -> -22 | K19: =SUM(G19/I19) -> 0.81967213 | L19: =SUM(E19*60)/I19 -> 15.377049 | M19: =SUM('Game Results'!M125+'Game Results'!M178+'Game Results'!M683) -> 123 | N19: =SUM('Game Results'!N125+'Game Results'!N178+'Game Results'!N683) -> 2 | O19: =SUM('Game Results'!O125+'Game Results'!O178+'Game Results'!O683) -> 23.016667 | P19: =SUM('Game Results'!P125+'Game Results'!P178+'Game Results'!P683) -> 8 | Q19: =SUM('Game Results'!Q125+'Game Results'!Q178+'Game Results'!Q683) -> 1 | R19: =SUM('Game Results'!R125+'Game Results'!R178+'Game Results'!R683) -> 3 | S19: =SUM('Game Results'!S125+'Game Results'!S178+'Game Results'!S683) -> 4 | T19: =SUM('Game Results'!T125+'Game Results'!T178+'Game Results'!T683) -> 7 | ... AH19: =SUM('Game Results'!AH125+'Game Results'!AH178+'Game Results'!AH683) -> 0
A20: Stat Padders United | B20: Bynumator | C20: =SUM('Game Results'!C126+'Game Results'!C179+'Game Results'!C684) -> 3 | D20: =SUM('Game Results'!D126+'Game Results'!D179+'Game Results'!D684) -> 0 | E20: =SUM('Game Results'!E126+'Game Results'!E179+'Game Results'!E684) -> 31.1 | F20: =SUM('Game Results'!F126+'Game Results'!F179+'Game Results'!F684) -> 0 | G20: =SUM('Game Results'!G126+'Game Results'!G179+'Game Results'!G684) -> 135 | H20: =SUM('Game Results'!H126+'Game Results'!H179+'Game Results'!H684) -> 1 | I20: =SUM('Game Results'!I126+'Game Results'!I179+'Game Results'!I684) -> 131 | J20: =SUM('Game Results'!J126+'Game Results'!J179+'Game Results'!J684) -> 4 | K20: =SUM(G20/I20) -> 1.0305344 | L20: =SUM(E20*60)/I20 -> 14.244275 | M20: =SUM('Game Results'!M126+'Game Results'!M179+'Game Results'!M684) -> 173 | N20: =SUM('Game Results'!N126+'Game Results'!N179+'Game Results'!N684) -> 2 | O20: =SUM('Game Results'!O126+'Game Results'!O179+'Game Results'!O684) -> 23.1 | P20: =SUM('Game Results'!P126+'Game Results'!P179+'Game Results'!P684) -> 5 | Q20: =SUM('Game Results'!Q126+'Game Results'!Q179+'Game Results'!Q684) -> 0 | R20: =SUM('Game Results'!R126+'Game Results'!R179+'Game Results'!R684) -> 12 | S20: =SUM('Game Results'!S126+'Game Results'!S179+'Game Results'!S684) -> 2 | T20: =SUM('Game Results'!T126+'Game Results'!T179+'Game Results'!T684) -> 8 | ... AH20: =SUM('Game Results'!AH126+'Game Results'!AH179+'Game Results'!AH684) -> 0
A21: Stat Padders United | B21: Frantheman86 | C21: =SUM('Game Results'!C127+'Game Results'!C180+'Game Results'!C685) -> 2 | D21: =SUM('Game Results'!D127+'Game Results'!D180+'Game Results'!D685) -> 0 | E21: =SUM('Game Results'!E127+'Game Results'!E180+'Game Results'!E685) -> 20.9 | F21: =SUM('Game Results'!F127+'Game Results'!F180+'Game Results'!F685) -> 1 | G21: =SUM('Game Results'!G127+'Game Results'!G180+'Game Results'!G685) -> 42 | H21: =SUM('Game Results'!H127+'Game Results'!H180+'Game Results'!H685) -> 2 | I21: =SUM('Game Results'!I127+'Game Results'!I180+'Game Results'!I685) -> 73 | J21: =SUM('Game Results'!J127+'Game Results'!J180+'Game Results'!J685) -> -31 | K21: =SUM(G21/I21) -> 0.57534247 | L21: =SUM(E21*60)/I21 -> 17.178082 | M21: =SUM('Game Results'!M127+'Game Results'!M180+'Game Results'!M685) -> 61 | N21: =SUM('Game Results'!N127+'Game Results'!N180+'Game Results'!N685) -> 1 | O21: =SUM('Game Results'!O127+'Game Results'!O180+'Game Results'!O685) -> 12.9 | P21: =SUM('Game Results'!P127+'Game Results'!P180+'Game Results'!P685) -> 2 | Q21: =SUM('Game Results'!Q127+'Game Results'!Q180+'Game Results'!Q685) -> 0 | R21: =SUM('Game Results'!R127+'Game Results'!R180+'Game Results'!R685) -> 3 | S21: =SUM('Game Results'!S127+'Game Results'!S180+'Game Results'!S685) -> 2 | T21: =SUM('Game Results'!T127+'Game Results'!T180+'Game Results'!T685) -> 3 | ... AH21: =SUM('Game Results'!AH127+'Game Results'!AH180+'Game Results'!AH685) -> 0
A22: Stat Padders United | B22: Flymonkeys | C22: =SUM('Game Results'!C128+'Game Results'!C181+'Game Results'!C686) -> 2 | D22: =SUM('Game Results'!D128+'Game Results'!D181+'Game Results'!D686) -> 0 | E22: =SUM('Game Results'!E128+'Game Results'!E181+'Game Results'!E686) -> 17.933333 | F22: =SUM('Game Results'!F128+'Game Results'!F181+'Game Results'!F686) -> 1 | G22: =SUM('Game Results'!G128+'Game Results'!G181+'Game Results'!G686) -> 60 | H22: =SUM('Game Results'!H128+'Game Results'!H181+'Game Results'!H686) -> 2 | I22: =SUM('Game Results'!I128+'Game Results'!I181+'Game Results'!I686) -> 84 | J22: =SUM('Game Results'!J128+'Game Results'!J181+'Game Results'!J686) -> -24 | K22: =SUM(G22/I22) -> 0.71428571 | L22: =SUM(E22*60)/I22 -> 12.809524 | M22: =SUM('Game Results'!M128+'Game Results'!M181+'Game Results'!M686) -> 65 | N22: =SUM('Game Results'!N128+'Game Results'!N181+'Game Results'!N686) -> 1 | O22: =SUM('Game Results'!O128+'Game Results'!O181+'Game Results'!O686) -> 10 | P22: =SUM('Game Results'!P128+'Game Results'!P181+'Game Results'!P686) -> 1 | Q22: =SUM('Game Results'!Q128+'Game Results'!Q181+'Game Results'!Q686) -> 0 | R22: =SUM('Game Results'!R128+'Game Results'!R181+'Game Results'!R686) -> 1 | S22: =SUM('Game Results'!S128+'Game Results'!S181+'Game Results'!S686) -> 2 | T22: =SUM('Game Results'!T128+'Game Results'!T181+'Game Results'!T686) -> 1 | ... AH22: =SUM('Game Results'!AH128+'Game Results'!AH181+'Game Results'!AH686) -> 0
A23: Stat Padders United | B23: MsKittiK4t | C23: =SUM('Game Results'!C129+'Game Results'!C182+'Game Results'!C687) -> 0 | D23: =SUM('Game Results'!D129+'Game Results'!D182+'Game Results'!D687) -> 0 | E23: =SUM('Game Results'!E129+'Game Results'!E182+'Game Results'!E687) -> 0 | F23: =SUM('Game Results'!F129+'Game Results'!F182+'Game Results'!F687) -> 0 | G23: =SUM('Game Results'!G129+'Game Results'!G182+'Game Results'!G687) -> 0 | H23: =SUM('Game Results'!H129+'Game Results'!H182+'Game Results'!H687) -> 0 | I23: =SUM('Game Results'!I129+'Game Results'!I182+'Game Results'!I687) -> 0 | J23: =SUM('Game Results'!J129+'Game Results'!J182+'Game Results'!J687) -> 0 | K23: =SUM(G23/I23) -> #DIV/0! | L23: =SUM(E23*60)/I23 -> #DIV/0! | M23: =SUM('Game Results'!M129+'Game Results'!M182+'Game Results'!M687) -> 0 | N23: =SUM('Game Results'!N129+'Game Results'!N182+'Game Results'!N687) -> 0 | O23: =SUM('Game Results'!O129+'Game Results'!O182+'Game Results'!O687) -> 0 | P23: =SUM('Game Results'!P129+'Game Results'!P182+'Game Results'!P687) -> 0 | Q23: =SUM('Game Results'!Q129+'Game Results'!Q182+'Game Results'!Q687) -> 0 | R23: =SUM('Game Results'!R129+'Game Results'!R182+'Game Results'!R687) -> 0 | S23: =SUM('Game Results'!S129+'Game Results'!S182+'Game Results'!S687) -> 0 | T23: =SUM('Game Results'!T129+'Game Results'!T182+'Game Results'!T687) -> 0 | ... AH23: =SUM('Game Results'!AH129+'Game Results'!AH182+'Game Results'!AH687) -> 0
A24: Stat Padders United | B24: MrJocobo360 | C24: =SUM('Game Results'!C130+'Game Results'!C183+'Game Results'!C688) -> 2 | D24: =SUM('Game Results'!D130+'Game Results'!D183+'Game Results'!D688) -> 0 | E24: =SUM('Game Results'!E130+'Game Results'!E183+'Game Results'!E688) -> 20.85 | F24: =SUM('Game Results'!F130+'Game Results'!F183+'Game Results'!F688) -> 0 | G24: =SUM('Game Results'!G130+'Game Results'!G183+'Game Results'!G688) -> 76 | H24: =SUM('Game Results'!H130+'Game Results'!H183+'Game Results'!H688) -> 0 | I24: =SUM('Game Results'!I130+'Game Results'!I183+'Game Results'!I688) -> 139 | J24: =SUM('Game Results'!J130+'Game Results'!J183+'Game Results'!J688) -> -63 | K24: =SUM(G24/I24) -> 0.54676259 | L24: =SUM(E24*60)/I24 -> 9 | M24: =SUM('Game Results'!M130+'Game Results'!M183+'Game Results'!M688) -> 86 | N24: =SUM('Game Results'!N130+'Game Results'!N183+'Game Results'!N688) -> 2 | O24: =SUM('Game Results'!O130+'Game Results'!O183+'Game Results'!O688) -> 20.85 | P24: =SUM('Game Results'!P130+'Game Results'!P183+'Game Results'!P688) -> 1 | Q24: =SUM('Game Results'!Q130+'Game Results'!Q183+'Game Results'!Q688) -> 4 | R24: =SUM('Game Results'!R130+'Game Results'!R183+'Game Results'!R688) -> 3 | S24: =SUM('Game Results'!S130+'Game Results'!S183+'Game Results'!S688) -> 1 | T24: =SUM('Game Results'!T130+'Game Results'!T183+'Game Results'!T688) -> 6 | ... AH24: =SUM('Game Results'!AH130+'Game Results'!AH183+'Game Results'!AH688) -> 0
A25: Totals: | C25: =SUM(C19:C24)/4 -> 3 | D25: =SUM(D19:D24)/4 -> 0 | E25: =SUM(E19:E24) -> 122.05 | F25: =SUM(F19:F24) -> 3 | G25: =SUM(G19:G24) -> 413 | H25: =SUM(H19:H24) -> 5 | I25: =SUM(I19:I24) -> 549 | J25: =SUM(J19:J24) -> -136 | K25: =SUM(G25/I25) -> 0.75227687 | L25: =SUM(E25*60)/I25 -> 13.338798 | M25: =SUM(M19:M24) -> 508 | N25: =SUM(N19:N24) -> 8 | O25: =SUM(O19:O24) -> 89.866667 | P25: =SUM(P19:P24) -> 17 | Q25: =SUM(Q19:Q24) -> 5 | R25: =SUM(R19:R24) -> 22 | S25: =SUM(S19:S24) -> 11 | T25: =SUM(T19:T24) -> 25 | ... AG25: =SUM(AG19:AG24) -> 0
A26: NecroBonk | B26: xxRebs (c) | C26: =SUM('Game Results'!C225+'Game Results'!C196+'Game Results'!C564+'Game Results'!C708+'Game Results'!C755+'Game Results'!C1009+'Game Results'!C1027+'Game Results'!C1095+'Game Results'!C1123) -> 7 | D26: =SUM('Game Results'!D225+'Game Results'!D196+'Game Results'!D564+'Game Results'!D708+'Game Results'!D755+'Game Results'!D1009+'Game Results'!D1027) -> 3 | E26: =SUM('Game Results'!E225+'Game Results'!E196+'Game Results'!E564+'Game Results'!E708+'Game Results'!E755+'Game Results'!E1009+'Game Results'!E1027) -> 60.233333 | F26: =SUM('Game Results'!F225+'Game Results'!F196+'Game Results'!F564+'Game Results'!F708+'Game Results'!F755+'Game Results'!F1009+'Game Results'!F1027) -> 2 | G26: =SUM('Game Results'!G225+'Game Results'!G196+'Game Results'!G564+'Game Results'!G708+'Game Results'!G755+'Game Results'!G1009+'Game Results'!G1027) -> 264 | H26: =SUM('Game Results'!H225+'Game Results'!H196+'Game Results'!H564+'Game Results'!H708+'Game Results'!H755+'Game Results'!H1009+'Game Results'!H1027) -> 0 | I26: =SUM('Game Results'!I225+'Game Results'!I196+'Game Results'!I564+'Game Results'!I708+'Game Results'!I755+'Game Results'!I1009+'Game Results'!I1027) -> 305 | J26: =SUM('Game Results'!J225+'Game Results'!J196+'Game Results'!J564+'Game Results'!J708+'Game Results'!J755+'Game Results'!J1009+'Game Results'!J1027) -> -41 | K26: =SUM(G26/I26) -> 0.86557377 | L26: =SUM(E26*60)/I26 -> 11.84918 | M26: =SUM('Game Results'!M225+'Game Results'!M196+'Game Results'!M564+'Game Results'!M708+'Game Results'!M755+'Game Results'!M1009+'Game Results'!M1027) -> 348 | N26: =SUM('Game Results'!N225+'Game Results'!N196+'Game Results'!N564+'Game Results'!N708+'Game Results'!N755+'Game Results'!N1009+'Game Results'!N1027) -> 6 | O26: =SUM('Game Results'!O225+'Game Results'!O196+'Game Results'!O564+'Game Results'!O708+'Game Results'!O755+'Game Results'!O1009+'Game Results'!O1027) -> 56.066667 | P26: =SUM('Game Results'!P225+'Game Results'!P196+'Game Results'!P564+'Game Results'!P708+'Game Results'!P755+'Game Results'!P1009+'Game Results'!P1027) -> 12 | Q26: =SUM('Game Results'!Q225+'Game Results'!Q196+'Game Results'!Q564+'Game Results'!Q708+'Game Results'!Q755+'Game Results'!Q1009+'Game Results'!Q1027) -> 3 | R26: =SUM('Game Results'!R225+'Game Results'!R196+'Game Results'!R564+'Game Results'!R708+'Game Results'!R755+'Game Results'!R1009+'Game Results'!R1027) -> 26 | S26: =SUM('Game Results'!S225+'Game Results'!S196+'Game Results'!S564+'Game Results'!S708+'Game Results'!S755+'Game Results'!S1009+'Game Results'!S1027) -> 0 | T26: =SUM('Game Results'!T225+'Game Results'!T196+'Game Results'!T564+'Game Results'!T708+'Game Results'!T755+'Game Results'!T1009+'Game Results'!T1027) -> 31 | ... AH26: =SUM('Game Results'!AH225+'Game Results'!AH196+'Game Results'!AH564+'Game Results'!AH708+'Game Results'!AH755+'Game Results'!AH1009+'Game Results'!AH1027) -> 0
A27: NecroBonk | B27: Cofrog | C27: =SUM('Game Results'!C226+'Game Results'!C197+'Game Results'!C565+'Game Results'!C709+'Game Results'!C756+'Game Results'!C1010+'Game Results'!C1028) -> 7 | D27: =SUM('Game Results'!D226+'Game Results'!D197+'Game Results'!D565+'Game Results'!D709+'Game Results'!D756+'Game Results'!D1010+'Game Results'!D1028) -> 3 | E27: =SUM('Game Results'!E226+'Game Results'!E197+'Game Results'!E565+'Game Results'!E709+'Game Results'!E756+'Game Results'!E1010+'Game Results'!E1028) -> 62.216667 | F27: =SUM('Game Results'!F226+'Game Results'!F197+'Game Results'!F565+'Game Results'!F709+'Game Results'!F756+'Game Results'!F1010+'Game Results'!F1028) -> 1 | G27: =SUM('Game Results'!G226+'Game Results'!G197+'Game Results'!G565+'Game Results'!G709+'Game Results'!G756+'Game Results'!G1010+'Game Results'!G1028) -> 234 | H27: =SUM('Game Results'!H226+'Game Results'!H197+'Game Results'!H565+'Game Results'!H709+'Game Results'!H756+'Game Results'!H1010+'Game Results'!H1028) -> 0 | I27: =SUM('Game Results'!I226+'Game Results'!I197+'Game Results'!I565+'Game Results'!I709+'Game Results'!I756+'Game Results'!I1010+'Game Results'!I1028) -> 255 | J27: =SUM('Game Results'!J226+'Game Results'!J197+'Game Results'!J565+'Game Results'!J709+'Game Results'!J756+'Game Results'!J1010+'Game Results'!J1028) -> -21 | K27: =SUM(G27/I27) -> 0.91764706 | L27: =SUM(E27*60)/I27 -> 14.639216 | M27: =SUM('Game Results'!M226+'Game Results'!M197+'Game Results'!M565+'Game Results'!M709+'Game Results'!M756+'Game Results'!M1010+'Game Results'!M1028) -> 298 | N27: =SUM('Game Results'!N226+'Game Results'!N197+'Game Results'!N565+'Game Results'!N709+'Game Results'!N756+'Game Results'!N1010+'Game Results'!N1028) -> 6 | O27: =SUM('Game Results'!O226+'Game Results'!O197+'Game Results'!O565+'Game Results'!O709+'Game Results'!O756+'Game Results'!O1010+'Game Results'!O1028) -> 58.566667 | P27: =SUM('Game Results'!P226+'Game Results'!P197+'Game Results'!P565+'Game Results'!P709+'Game Results'!P756+'Game Results'!P1010+'Game Results'!P1028) -> 7 | Q27: =SUM('Game Results'!Q226+'Game Results'!Q197+'Game Results'!Q565+'Game Results'!Q709+'Game Results'!Q756+'Game Results'!Q1010+'Game Results'!Q1028) -> 4 | R27: =SUM('Game Results'!R226+'Game Results'!R197+'Game Results'!R565+'Game Results'!R709+'Game Results'!R756+'Game Results'!R1010+'Game Results'!R1028) -> 17 | S27: =SUM('Game Results'!S226+'Game Results'!S197+'Game Results'!S565+'Game Results'!S709+'Game Results'!S756+'Game Results'!S1010+'Game Results'!S1028) -> 8 | T27: =SUM('Game Results'!T226+'Game Results'!T197+'Game Results'!T565+'Game Results'!T709+'Game Results'!T756+'Game Results'!T1010+'Game Results'!T1028) -> 26 | ... AH27: =SUM('Game Results'!AH226+'Game Results'!AH197+'Game Results'!AH565+'Game Results'!AH709+'Game Results'!AH756+'Game Results'!AH1010+'Game Results'!AH1028) -> 0
A28: NecroBonk | B28: Anubis1632 | C28: =SUM('Game Results'!C227+'Game Results'!C198+'Game Results'!C566+'Game Results'!C710+'Game Results'!C757+'Game Results'!C1011+'Game Results'!C1029) -> 7 | D28: =SUM('Game Results'!D227+'Game Results'!D198+'Game Results'!D566+'Game Results'!D710+'Game Results'!D757+'Game Results'!D1011+'Game Results'!D1029) -> 3 | E28: =SUM('Game Results'!E227+'Game Results'!E198+'Game Results'!E566+'Game Results'!E710+'Game Results'!E757+'Game Results'!E1011+'Game Results'!E1029) -> 64.033333 | F28: =SUM('Game Results'!F227+'Game Results'!F198+'Game Results'!F566+'Game Results'!F710+'Game Results'!F757+'Game Results'!F1011+'Game Results'!F1029) -> 12 | G28: =SUM('Game Results'!G227+'Game Results'!G198+'Game Results'!G566+'Game Results'!G710+'Game Results'!G757+'Game Results'!G1011+'Game Results'!G1029) -> 103 | H28: =SUM('Game Results'!H227+'Game Results'!H198+'Game Results'!H566+'Game Results'!H710+'Game Results'!H757+'Game Results'!H1011+'Game Results'!H1029) -> 3 | I28: =SUM('Game Results'!I227+'Game Results'!I198+'Game Results'!I566+'Game Results'!I710+'Game Results'!I757+'Game Results'!I1011+'Game Results'!I1029) -> 221 | J28: =SUM('Game Results'!J227+'Game Results'!J198+'Game Results'!J566+'Game Results'!J710+'Game Results'!J757+'Game Results'!J1011+'Game Results'!J1029) -> -118 | K28: =SUM(G28/I28) -> 0.46606335 | L28: =SUM(E28*60)/I28 -> 17.384615 | M28: =SUM('Game Results'!M227+'Game Results'!M198+'Game Results'!M566+'Game Results'!M710+'Game Results'!M757+'Game Results'!M1011+'Game Results'!M1029) -> 141 | N28: =SUM('Game Results'!N227+'Game Results'!N198+'Game Results'!N566+'Game Results'!N710+'Game Results'!N757+'Game Results'!N1011+'Game Results'!N1029) -> 6 | O28: =SUM('Game Results'!O227+'Game Results'!O198+'Game Results'!O566+'Game Results'!O710+'Game Results'!O757+'Game Results'!O1011+'Game Results'!O1029) -> 61.283333 | P28: =SUM('Game Results'!P227+'Game Results'!P198+'Game Results'!P566+'Game Results'!P710+'Game Results'!P757+'Game Results'!P1011+'Game Results'!P1029) -> 8 | Q28: =SUM('Game Results'!Q227+'Game Results'!Q198+'Game Results'!Q566+'Game Results'!Q710+'Game Results'!Q757+'Game Results'!Q1011+'Game Results'!Q1029) -> 3 | R28: =SUM('Game Results'!R227+'Game Results'!R198+'Game Results'!R566+'Game Results'!R710+'Game Results'!R757+'Game Results'!R1011+'Game Results'!R1029) -> 6 | S28: =SUM('Game Results'!S227+'Game Results'!S198+'Game Results'!S566+'Game Results'!S710+'Game Results'!S757+'Game Results'!S1011+'Game Results'!S1029) -> 4 | T28: =SUM('Game Results'!T227+'Game Results'!T198+'Game Results'!T566+'Game Results'!T710+'Game Results'!T757+'Game Results'!T1011+'Game Results'!T1029) -> 11 | ... AH28: =SUM('Game Results'!AH227+'Game Results'!AH198+'Game Results'!AH566+'Game Results'!AH710+'Game Results'!AH757+'Game Results'!AH1011+'Game Results'!AH1029) -> 0
A29: NecroBonk | B29: H20 Camper | C29: =SUM('Game Results'!C228+'Game Results'!C199+'Game Results'!C567+'Game Results'!C711+'Game Results'!C758+'Game Results'!C1012+'Game Results'!C1030) -> 7 | D29: =SUM('Game Results'!D228+'Game Results'!D199+'Game Results'!D567+'Game Results'!D711+'Game Results'!D758+'Game Results'!D1012+'Game Results'!D1030) -> 3 | E29: =SUM('Game Results'!E228+'Game Results'!E199+'Game Results'!E567+'Game Results'!E711+'Game Results'!E758+'Game Results'!E1012+'Game Results'!E1030) -> 61.483333 | F29: =SUM('Game Results'!F228+'Game Results'!F199+'Game Results'!F567+'Game Results'!F711+'Game Results'!F758+'Game Results'!F1012+'Game Results'!F1030) -> 0 | G29: =SUM('Game Results'!G228+'Game Results'!G199+'Game Results'!G567+'Game Results'!G711+'Game Results'!G758+'Game Results'!G1012+'Game Results'!G1030) -> 219 | H29: =SUM('Game Results'!H228+'Game Results'!H199+'Game Results'!H567+'Game Results'!H711+'Game Results'!H758+'Game Results'!H1012+'Game Results'!H1030) -> 0 | I29: =SUM('Game Results'!I228+'Game Results'!I199+'Game Results'!I567+'Game Results'!I711+'Game Results'!I758+'Game Results'!I1012+'Game Results'!I1030) -> 259 | J29: =SUM('Game Results'!J228+'Game Results'!J199+'Game Results'!J567+'Game Results'!J711+'Game Results'!J758+'Game Results'!J1012+'Game Results'!J1030) -> -40 | K29: =SUM(G29/I29) -> 0.84555985 | L29: =SUM(E29*60)/I29 -> 14.243243 | M29: =SUM('Game Results'!M228+'Game Results'!M199+'Game Results'!M567+'Game Results'!M711+'Game Results'!M758+'Game Results'!M1012+'Game Results'!M1030) -> 254 | N29: =SUM('Game Results'!N228+'Game Results'!N199+'Game Results'!N567+'Game Results'!N711+'Game Results'!N758+'Game Results'!N1012+'Game Results'!N1030) -> 6 | O29: =SUM('Game Results'!O228+'Game Results'!O199+'Game Results'!O567+'Game Results'!O711+'Game Results'!O758+'Game Results'!O1012+'Game Results'!O1030) -> 57.833333 | P29: =SUM('Game Results'!P228+'Game Results'!P199+'Game Results'!P567+'Game Results'!P711+'Game Results'!P758+'Game Results'!P1012+'Game Results'!P1030) -> 5 | Q29: =SUM('Game Results'!Q228+'Game Results'!Q199+'Game Results'!Q567+'Game Results'!Q711+'Game Results'!Q758+'Game Results'!Q1012+'Game Results'!Q1030) -> 4 | R29: =SUM('Game Results'!R228+'Game Results'!R199+'Game Results'!R567+'Game Results'!R711+'Game Results'!R758+'Game Results'!R1012+'Game Results'!R1030) -> 10 | S29: =SUM('Game Results'!S228+'Game Results'!S199+'Game Results'!S567+'Game Results'!S711+'Game Results'!S758+'Game Results'!S1012+'Game Results'!S1030) -> 6 | T29: =SUM('Game Results'!T228+'Game Results'!T199+'Game Results'!T567+'Game Results'!T711+'Game Results'!T758+'Game Results'!T1012+'Game Results'!T1030) -> 17 | ... AH29: =SUM('Game Results'!AH228+'Game Results'!AH199+'Game Results'!AH567+'Game Results'!AH711+'Game Results'!AH758+'Game Results'!AH1012+'Game Results'!AH1030) -> 0
A30: NecroBonk | C30: =SUM('Game Results'!C229+'Game Results'!C200+'Game Results'!C568+'Game Results'!C712+'Game Results'!C759+'Game Results'!C1013+'Game Results'!C1031) -> 0 | D30: =SUM('Game Results'!D229+'Game Results'!D200+'Game Results'!D568+'Game Results'!D712+'Game Results'!D759+'Game Results'!D1013+'Game Results'!D1031) -> 0 | E30: =SUM('Game Results'!E229+'Game Results'!E200+'Game Results'!E568+'Game Results'!E712+'Game Results'!E759+'Game Results'!E1013+'Game Results'!E1031) -> 0 | F30: =SUM('Game Results'!F229+'Game Results'!F200+'Game Results'!F568+'Game Results'!F712+'Game Results'!F759+'Game Results'!F1013+'Game Results'!F1031) -> 0 | G30: =SUM('Game Results'!G229+'Game Results'!G200+'Game Results'!G568+'Game Results'!G712+'Game Results'!G759+'Game Results'!G1013+'Game Results'!G1031) -> 0 | H30: =SUM('Game Results'!H229+'Game Results'!H200+'Game Results'!H568+'Game Results'!H712+'Game Results'!H759+'Game Results'!H1013+'Game Results'!H1031) -> 0 | I30: =SUM('Game Results'!I229+'Game Results'!I200+'Game Results'!I568+'Game Results'!I712+'Game Results'!I759+'Game Results'!I1013+'Game Results'!I1031) -> 0 | J30: =SUM('Game Results'!J229+'Game Results'!J200+'Game Results'!J568+'Game Results'!J712+'Game Results'!J759+'Game Results'!J1013+'Game Results'!J1031) -> 0 | K30: =SUM(G30/I30) -> #DIV/0! | L30: =SUM(E30*60)/I30 -> #DIV/0! | M30: =SUM('Game Results'!M229+'Game Results'!M200+'Game Results'!M568+'Game Results'!M712+'Game Results'!M759+'Game Results'!M1013+'Game Results'!M1031) -> 0 | N30: =SUM('Game Results'!N229+'Game Results'!N200+'Game Results'!N568+'Game Results'!N712+'Game Results'!N759+'Game Results'!N1013+'Game Results'!N1031) -> 0 | O30: =SUM('Game Results'!O229+'Game Results'!O200+'Game Results'!O568+'Game Results'!O712+'Game Results'!O759+'Game Results'!O1013+'Game Results'!O1031) -> 0 | P30: =SUM('Game Results'!P229+'Game Results'!P200+'Game Results'!P568+'Game Results'!P712+'Game Results'!P759+'Game Results'!P1013+'Game Results'!P1031) -> 0 | Q30: =SUM('Game Results'!Q229+'Game Results'!Q200+'Game Results'!Q568+'Game Results'!Q712+'Game Results'!Q759+'Game Results'!Q1013+'Game Results'!Q1031) -> 0 | R30: =SUM('Game Results'!R229+'Game Results'!R200+'Game Results'!R568+'Game Results'!R712+'Game Results'!R759+'Game Results'!R1013+'Game Results'!R1031) -> 0 | S30: =SUM('Game Results'!S229+'Game Results'!S200+'Game Results'!S568+'Game Results'!S712+'Game Results'!S759+'Game Results'!S1013+'Game Results'!S1031) -> 0 | T30: =SUM('Game Results'!T229+'Game Results'!T200+'Game Results'!T568+'Game Results'!T712+'Game Results'!T759+'Game Results'!T1013+'Game Results'!T1031) -> 0 | ... AH30: =SUM('Game Results'!AH229+'Game Results'!AH200+'Game Results'!AH568+'Game Results'!AH712+'Game Results'!AH759+'Game Results'!AH1013+'Game Results'!AH1031) -> 0
A31: NecroBonk | C31: =SUM('Game Results'!C230+'Game Results'!C201+'Game Results'!C569+'Game Results'!C713+'Game Results'!C760+'Game Results'!C1014+'Game Results'!C1032) -> 0 | D31: =SUM('Game Results'!D230+'Game Results'!D201+'Game Results'!D569+'Game Results'!D713+'Game Results'!D760+'Game Results'!D1014+'Game Results'!D1032) -> 0 | E31: =SUM('Game Results'!E230+'Game Results'!E201+'Game Results'!E569+'Game Results'!E713+'Game Results'!E760+'Game Results'!E1014+'Game Results'!E1032) -> 0 | F31: =SUM('Game Results'!F230+'Game Results'!F201+'Game Results'!F569+'Game Results'!F713+'Game Results'!F760+'Game Results'!F1014+'Game Results'!F1032) -> 0 | G31: =SUM('Game Results'!G230+'Game Results'!G201+'Game Results'!G569+'Game Results'!G713+'Game Results'!G760+'Game Results'!G1014+'Game Results'!G1032) -> 0 | H31: =SUM('Game Results'!H230+'Game Results'!H201+'Game Results'!H569+'Game Results'!H713+'Game Results'!H760+'Game Results'!H1014+'Game Results'!H1032) -> 0 | I31: =SUM('Game Results'!I230+'Game Results'!I201+'Game Results'!I569+'Game Results'!I713+'Game Results'!I760+'Game Results'!I1014+'Game Results'!I1032) -> 0 | J31: =SUM('Game Results'!J230+'Game Results'!J201+'Game Results'!J569+'Game Results'!J713+'Game Results'!J760+'Game Results'!J1014+'Game Results'!J1032) -> 0 | K31: =SUM(G31/I31) -> #DIV/0! | L31: =SUM(E31*60)/I31 -> #DIV/0! | M31: =SUM('Game Results'!M230+'Game Results'!M201+'Game Results'!M569+'Game Results'!M713+'Game Results'!M760+'Game Results'!M1014+'Game Results'!M1032) -> 0 | N31: =SUM('Game Results'!N230+'Game Results'!N201+'Game Results'!N569+'Game Results'!N713+'Game Results'!N760+'Game Results'!N1014+'Game Results'!N1032) -> 0 | O31: =SUM('Game Results'!O230+'Game Results'!O201+'Game Results'!O569+'Game Results'!O713+'Game Results'!O760+'Game Results'!O1014+'Game Results'!O1032) -> 0 | P31: =SUM('Game Results'!P230+'Game Results'!P201+'Game Results'!P569+'Game Results'!P713+'Game Results'!P760+'Game Results'!P1014+'Game Results'!P1032) -> 0 | Q31: =SUM('Game Results'!Q230+'Game Results'!Q201+'Game Results'!Q569+'Game Results'!Q713+'Game Results'!Q760+'Game Results'!Q1014+'Game Results'!Q1032) -> 0 | R31: =SUM('Game Results'!R230+'Game Results'!R201+'Game Results'!R569+'Game Results'!R713+'Game Results'!R760+'Game Results'!R1014+'Game Results'!R1032) -> 0 | S31: =SUM('Game Results'!S230+'Game Results'!S201+'Game Results'!S569+'Game Results'!S713+'Game Results'!S760+'Game Results'!S1014+'Game Results'!S1032) -> 0 | T31: =SUM('Game Results'!T230+'Game Results'!T201+'Game Results'!T569+'Game Results'!T713+'Game Results'!T760+'Game Results'!T1014+'Game Results'!T1032) -> 0 | ... AH31: =SUM('Game Results'!AH230+'Game Results'!AH201+'Game Results'!AH569+'Game Results'!AH713+'Game Results'!AH760+'Game Results'!AH1014+'Game Results'!AH1032) -> 0
A32: Totals: | C32: =SUM(C26:C31)/4 -> 7 | D32: =SUM(D26:D31)/4 -> 3 | E32: =SUM(E26:E31) -> 247.96667 | F32: =SUM(F26:F31) -> 15 | G32: =SUM(G26:G31) -> 820 | H32: =SUM(H26:H31) -> 3 | I32: =SUM(I26:I31) -> 1040 | J32: =SUM(J26:J31) -> -220 | K32: =SUM(G32/I32) -> 0.78846154 | L32: =SUM(E32*60)/I32 -> 14.305769 | M32: =SUM(M26:M31) -> 1041 | N32: =SUM(N26:N31) -> 24 | O32: =SUM(O26:O31) -> 233.75 | P32: =SUM(P26:P31) -> 32 | Q32: =SUM(Q26:Q31) -> 14 | R32: =SUM(R26:R31) -> 59 | S32: =SUM(S26:S31) -> 18 | T32: =SUM(T26:T31) -> 85 | ... AG32: =SUM(AG26:AG31) -> 0
A33: Str8 Griffin | B33: irobot9000 (c) | C33: =SUM('Game Results'!C63+'Game Results'!C100+'Game Results'!C719+'Game Results'!C908+'Game Results'!C981+'Game Results'!C1002+'Game Results'!C359+'Game Results'!C1038+'Game Results'!C3201+'Game Results'!C1170+'Game Results'!C1159+'Game Results'!C1756+'Game Results'!C1813+'Game Results'!C2181+'Game Results'!C2271+'Game Results'!C3072+'Game Results'!C2126+'Game Results'!C3110) -> 18 | D33: =SUM('Game Results'!D63+'Game Results'!D100+'Game Results'!D719+'Game Results'!D908+'Game Results'!D981+'Game Results'!D1002+'Game Results'!D359+'Game Results'!D1038+'Game Results'!D3201+'Game Results'!D1170+'Game Results'!D1159+'Game Results'!D1756+'Game Results'!D1813+'Game Results'!D2181+'Game Results'!D2271+'Game Results'!D3072+'Game Results'!D2126+'Game Results'!D3110) -> 17 | E33: =SUM('Game Results'!E63+'Game Results'!E100+'Game Results'!E719+'Game Results'!E908+'Game Results'!E981+'Game Results'!E1002+'Game Results'!E359+'Game Results'!E1038+'Game Results'!E3201+'Game Results'!E1170+'Game Results'!E1159+'Game Results'!E1756+'Game Results'!E1813+'Game Results'!E2181+'Game Results'!E2271+'Game Results'!E3072+'Game Results'!E2126+'Game Results'!E3110) -> 243.88333 | F33: =SUM('Game Results'!F63+'Game Results'!F100+'Game Results'!F719+'Game Results'!F908+'Game Results'!F981+'Game Results'!F1002+'Game Results'!F359+'Game Results'!F1038+'Game Results'!F3201+'Game Results'!F1170+'Game Results'!F1159+'Game Results'!F1756+'Game Results'!F1813+'Game Results'!F2181+'Game Results'!F2271+'Game Results'!F3072+'Game Results'!F2126+'Game Results'!F3110) -> 60 | G33: =SUM('Game Results'!G63+'Game Results'!G100+'Game Results'!G719+'Game Results'!G908+'Game Results'!G981+'Game Results'!G1002+'Game Results'!G359+'Game Results'!G1038+'Game Results'!G3201+'Game Results'!G1170+'Game Results'!G1159+'Game Results'!G1756+'Game Results'!G1813+'Game Results'!G2181+'Game Results'!G2271+'Game Results'!G3072+'Game Results'!G2126+'Game Results'!G3110) -> 670 | H33: =SUM('Game Results'!H63+'Game Results'!H100+'Game Results'!H719+'Game Results'!H908+'Game Results'!H981+'Game Results'!H1002+'Game Results'!H359+'Game Results'!H1038+'Game Results'!H3201+'Game Results'!H1170+'Game Results'!H1159+'Game Results'!H1756+'Game Results'!H1813+'Game Results'!H2181+'Game Results'!H2271+'Game Results'!H3072+'Game Results'!H2126+'Game Results'!H3110) -> 6 | I33: =SUM('Game Results'!I63+'Game Results'!I100+'Game Results'!I719+'Game Results'!I908+'Game Results'!I981+'Game Results'!I1002+'Game Results'!I359+'Game Results'!I1038+'Game Results'!I3201+'Game Results'!I1170+'Game Results'!I1159+'Game Results'!I1756+'Game Results'!I1813+'Game Results'!I2181+'Game Results'!I2271+'Game Results'!I3072+'Game Results'!I2126+'Game Results'!I3110) -> 821 | J33: =SUM('Game Results'!J63+'Game Results'!J100+'Game Results'!J719+'Game Results'!J908+'Game Results'!J981+'Game Results'!J1002+'Game Results'!J359+'Game Results'!J1038+'Game Results'!J3201+'Game Results'!J1170+'Game Results'!J1159+'Game Results'!J1756+'Game Results'!J1813+'Game Results'!J2181+'Game Results'!J2271+'Game Results'!J3072+'Game Results'!J2126+'Game Results'!J3110) -> -151 | K33: =SUM(G33/I33) -> 0.81607795 | L33: =SUM(E33*60)/I33 -> 17.823386 | M33: =SUM('Game Results'!M63+'Game Results'!M100+'Game Results'!M719+'Game Results'!M908+'Game Results'!M981+'Game Results'!M1002+'Game Results'!M359+'Game Results'!M1038+'Game Results'!M3201+'Game Results'!M1170+'Game Results'!M1159+'Game Results'!M1756+'Game Results'!M1813+'Game Results'!M2181+'Game Results'!M2271+'Game Results'!M3072+'Game Results'!M2126+'Game Results'!M3110) -> 890 | N33: =SUM('Game Results'!N63+'Game Results'!N100+'Game Results'!N719+'Game Results'!N908+'Game Results'!N981+'Game Results'!N1002+'Game Results'!N359+'Game Results'!N1038+'Game Results'!N3201+'Game Results'!N1170+'Game Results'!N1159+'Game Results'!N1756+'Game Results'!N1813+'Game Results'!N2181+'Game Results'!N2271+'Game Results'!N3072+'Game Results'!N2126+'Game Results'!N3110) -> 17 | O33: =SUM('Game Results'!O63+'Game Results'!O100+'Game Results'!O719+'Game Results'!O908+'Game Results'!O981+'Game Results'!O1002+'Game Results'!O359+'Game Results'!O1038+'Game Results'!O3201+'Game Results'!O1170+'Game Results'!O1159+'Game Results'!O1756+'Game Results'!O1813+'Game Results'!O2181+'Game Results'!O2271+'Game Results'!O3072+'Game Results'!O2126+'Game Results'!O3110) -> 240.15 | P33: =SUM('Game Results'!P63+'Game Results'!P100+'Game Results'!P719+'Game Results'!P908+'Game Results'!P981+'Game Results'!P1002+'Game Results'!P359+'Game Results'!P1038+'Game Results'!P3201+'Game Results'!P1170+'Game Results'!P1159+'Game Results'!P1756+'Game Results'!P1813+'Game Results'!P2181+'Game Results'!P2271+'Game Results'!P3072+'Game Results'!P2126+'Game Results'!P3110) -> 47 | Q33: =SUM('Game Results'!Q63+'Game Results'!Q100+'Game Results'!Q719+'Game Results'!Q908+'Game Results'!Q981+'Game Results'!Q1002+'Game Results'!Q359+'Game Results'!Q1038+'Game Results'!Q3201+'Game Results'!Q1170+'Game Results'!Q1159+'Game Results'!Q1756+'Game Results'!Q1813+'Game Results'!Q2181+'Game Results'!Q2271+'Game Results'!Q3072+'Game Results'!Q2126+'Game Results'!Q3110) -> 16 | R33: =SUM('Game Results'!R63+'Game Results'!R100+'Game Results'!R719+'Game Results'!R908+'Game Results'!R981+'Game Results'!R1002+'Game Results'!R359+'Game Results'!R1038+'Game Results'!R3201+'Game Results'!R1170+'Game Results'!R1159+'Game Results'!R1756+'Game Results'!R1813+'Game Results'!R2181+'Game Results'!R2271+'Game Results'!R3072+'Game Results'!R2126+'Game Results'!R3110) -> 12 | S33: =SUM('Game Results'!S63+'Game Results'!S100+'Game Results'!S719+'Game Results'!S908+'Game Results'!S981+'Game Results'!S1002+'Game Results'!S359+'Game Results'!S1038+'Game Results'!S3201+'Game Results'!S1170+'Game Results'!S1159+'Game Results'!S1756+'Game Results'!S1813+'Game Results'!S2181+'Game Results'!S2271+'Game Results'!S3072+'Game Results'!S2126+'Game Results'!S3110) -> 22 | T33: =SUM('Game Results'!T63+'Game Results'!T100+'Game Results'!T719+'Game Results'!T908+'Game Results'!T981+'Game Results'!T1002+'Game Results'!T359+'Game Results'!T1038+'Game Results'!T3201+'Game Results'!T1170+'Game Results'!T1159+'Game Results'!T1756+'Game Results'!T1813+'Game Results'!T2181+'Game Results'!T2271+'Game Results'!T3072+'Game Results'!T2126+'Game Results'!T3110) -> 83 | ... AH33: =SUM('Game Results'!AH63+'Game Results'!AH100+'Game Results'!AH719+'Game Results'!AH908+'Game Results'!AH981+'Game Results'!AH1002+'Game Results'!AH359+'Game Results'!AH1038+'Game Results'!AH3201+'Game Results'!AH1170+'Game Results'!AH1159+'Game Results'!AH1756+'Game Results'!AH1813+'Game Results'!AH2181+'Game Results'!AH2271+'Game Results'!AH3072+'Game Results'!AH2126+'Game Results'!AH3110) -> 2
A34: Str8 Griffin | B34: Gilded Grams | C34: =SUM('Game Results'!C64+'Game Results'!C101+'Game Results'!C720+'Game Results'!C909+'Game Results'!C982+'Game Results'!C1003+'Game Results'!C360+'Game Results'!C1039+'Game Results'!C3202+'Game Results'!C1171+'Game Results'!C1160+'Game Results'!C1757+'Game Results'!C1814+'Game Results'!C2182+'Game Results'!C2272+'Game Results'!C3073+'Game Results'!C2127+'Game Results'!C3111) -> 17 | D34: =SUM('Game Results'!D64+'Game Results'!D101+'Game Results'!D720+'Game Results'!D909+'Game Results'!D982+'Game Results'!D1003+'Game Results'!D360+'Game Results'!D1039+'Game Results'!D3202+'Game Results'!D1171+'Game Results'!D1160+'Game Results'!D1757+'Game Results'!D1814+'Game Results'!D2182+'Game Results'!D2272+'Game Results'!D3073+'Game Results'!D2127+'Game Results'!D3111) -> 16 | E34: =SUM('Game Results'!E64+'Game Results'!E101+'Game Results'!E720+'Game Results'!E909+'Game Results'!E982+'Game Results'!E1003+'Game Results'!E360+'Game Results'!E1039+'Game Results'!E3202+'Game Results'!E1171+'Game Results'!E1160+'Game Results'!E1757+'Game Results'!E1814+'Game Results'!E2182+'Game Results'!E2272+'Game Results'!E3073+'Game Results'!E2127+'Game Results'!E3111) -> 233.46667 | F34: =SUM('Game Results'!F64+'Game Results'!F101+'Game Results'!F720+'Game Results'!F909+'Game Results'!F982+'Game Results'!F1003+'Game Results'!F360+'Game Results'!F1039+'Game Results'!F3202+'Game Results'!F1171+'Game Results'!F1160+'Game Results'!F1757+'Game Results'!F1814+'Game Results'!F2182+'Game Results'!F2272+'Game Results'!F3073+'Game Results'!F2127+'Game Results'!F3111) -> 8 | G34: =SUM('Game Results'!G64+'Game Results'!G101+'Game Results'!G720+'Game Results'!G909+'Game Results'!G982+'Game Results'!G1003+'Game Results'!G360+'Game Results'!G1039+'Game Results'!G3202+'Game Results'!G1171+'Game Results'!G1160+'Game Results'!G1757+'Game Results'!G1814+'Game Results'!G2182+'Game Results'!G2272+'Game Results'!G3073+'Game Results'!G2127+'Game Results'!G3111) -> 1009 | H34: =SUM('Game Results'!H64+'Game Results'!H101+'Game Results'!H720+'Game Results'!H909+'Game Results'!H982+'Game Results'!H1003+'Game Results'!H360+'Game Results'!H1039+'Game Results'!H3202+'Game Results'!H1171+'Game Results'!H1160+'Game Results'!H1757+'Game Results'!H1814+'Game Results'!H2182+'Game Results'!H2272+'Game Results'!H3073+'Game Results'!H2127+'Game Results'!H3111) -> 7 | I34: =SUM('Game Results'!I64+'Game Results'!I101+'Game Results'!I720+'Game Results'!I909+'Game Results'!I982+'Game Results'!I1003+'Game Results'!I360+'Game Results'!I1039+'Game Results'!I3202+'Game Results'!I1171+'Game Results'!I1160+'Game Results'!I1757+'Game Results'!I1814+'Game Results'!I2182+'Game Results'!I2272+'Game Results'!I3073+'Game Results'!I2127+'Game Results'!I3111) -> 967 | J34: =SUM('Game Results'!J64+'Game Results'!J101+'Game Results'!J720+'Game Results'!J909+'Game Results'!J982+'Game Results'!J1003+'Game Results'!J360+'Game Results'!J1039+'Game Results'!J3202+'Game Results'!J1171+'Game Results'!J1160+'Game Results'!J1757+'Game Results'!J1814+'Game Results'!J2182+'Game Results'!J2272+'Game Results'!J3073+'Game Results'!J2127+'Game Results'!J3111) -> 42 | K34: =SUM(G34/I34) -> 1.0434333 | L34: =SUM(E34*60)/I34 -> 14.486039 | M34: =SUM('Game Results'!M64+'Game Results'!M101+'Game Results'!M720+'Game Results'!M909+'Game Results'!M982+'Game Results'!M1003+'Game Results'!M360+'Game Results'!M1039+'Game Results'!M3202+'Game Results'!M1171+'Game Results'!M1160+'Game Results'!M1757+'Game Results'!M1814+'Game Results'!M2182+'Game Results'!M2272+'Game Results'!M3073+'Game Results'!M2127+'Game Results'!M3111) -> 1247 | N34: =SUM('Game Results'!N64+'Game Results'!N101+'Game Results'!N720+'Game Results'!N909+'Game Results'!N982+'Game Results'!N1003+'Game Results'!N360+'Game Results'!N1039+'Game Results'!N3202+'Game Results'!N1171+'Game Results'!N1160+'Game Results'!N1757+'Game Results'!N1814+'Game Results'!N2182+'Game Results'!N2272+'Game Results'!N3073+'Game Results'!N2127+'Game Results'!N3111) -> 17 | O34: =SUM('Game Results'!O64+'Game Results'!O101+'Game Results'!O720+'Game Results'!O909+'Game Results'!O982+'Game Results'!O1003+'Game Results'!O360+'Game Results'!O1039+'Game Results'!O3202+'Game Results'!O1171+'Game Results'!O1160+'Game Results'!O1757+'Game Results'!O1814+'Game Results'!O2182+'Game Results'!O2272+'Game Results'!O3073+'Game Results'!O2127+'Game Results'!O3111) -> 233.46667 | P34: =SUM('Game Results'!P64+'Game Results'!P101+'Game Results'!P720+'Game Results'!P909+'Game Results'!P982+'Game Results'!P1003+'Game Results'!P360+'Game Results'!P1039+'Game Results'!P3202+'Game Results'!P1171+'Game Results'!P1160+'Game Results'!P1757+'Game Results'!P1814+'Game Results'!P2182+'Game Results'!P2272+'Game Results'!P3073+'Game Results'!P2127+'Game Results'!P3111) -> 25 | Q34: =SUM('Game Results'!Q64+'Game Results'!Q101+'Game Results'!Q720+'Game Results'!Q909+'Game Results'!Q982+'Game Results'!Q1003+'Game Results'!Q360+'Game Results'!Q1039+'Game Results'!Q3202+'Game Results'!Q1171+'Game Results'!Q1160+'Game Results'!Q1757+'Game Results'!Q1814+'Game Results'!Q2182+'Game Results'!Q2272+'Game Results'!Q3073+'Game Results'!Q2127+'Game Results'!Q3111) -> 23 | R34: =SUM('Game Results'!R64+'Game Results'!R101+'Game Results'!R720+'Game Results'!R909+'Game Results'!R982+'Game Results'!R1003+'Game Results'!R360+'Game Results'!R1039+'Game Results'!R3202+'Game Results'!R1171+'Game Results'!R1160+'Game Results'!R1757+'Game Results'!R1814+'Game Results'!R2182+'Game Results'!R2272+'Game Results'!R3073+'Game Results'!R2127+'Game Results'!R3111) -> 46 | S34: =SUM('Game Results'!S64+'Game Results'!S101+'Game Results'!S720+'Game Results'!S909+'Game Results'!S982+'Game Results'!S1003+'Game Results'!S360+'Game Results'!S1039+'Game Results'!S3202+'Game Results'!S1171+'Game Results'!S1160+'Game Results'!S1757+'Game Results'!S1814+'Game Results'!S2182+'Game Results'!S2272+'Game Results'!S3073+'Game Results'!S2127+'Game Results'!S3111) -> 16 | T34: =SUM('Game Results'!T64+'Game Results'!T101+'Game Results'!T720+'Game Results'!T909+'Game Results'!T982+'Game Results'!T1003+'Game Results'!T360+'Game Results'!T1039+'Game Results'!T3202+'Game Results'!T1171+'Game Results'!T1160+'Game Results'!T1757+'Game Results'!T1814+'Game Results'!T2182+'Game Results'!T2272+'Game Results'!T3073+'Game Results'!T2127+'Game Results'!T3111) -> 158 | ... AH34: =SUM('Game Results'!AH64+'Game Results'!AH101+'Game Results'!AH720+'Game Results'!AH909+'Game Results'!AH982+'Game Results'!AH1003+'Game Results'!AH360+'Game Results'!AH1039+'Game Results'!AH3202+'Game Results'!AH1171+'Game Results'!AH1160+'Game Results'!AH1757+'Game Results'!AH1814+'Game Results'!AH2182+'Game Results'!AH2272+'Game Results'!AH3073+'Game Results'!AH2127+'Game Results'!AH3111) -> 2
A35: Str8 Griffin | B35: Invayda Zim | C35: =SUM('Game Results'!C65+'Game Results'!C102+'Game Results'!C721+'Game Results'!C910+'Game Results'!C983+'Game Results'!C1004+'Game Results'!C361+'Game Results'!C1040+'Game Results'!C3203+'Game Results'!C1172+'Game Results'!C1161+'Game Results'!C1758+'Game Results'!C1815+'Game Results'!C2183+'Game Results'!C2273+'Game Results'!C3074+'Game Results'!C2128+'Game Results'!C3112) -> 10 | D35: =SUM('Game Results'!D65+'Game Results'!D102+'Game Results'!D721+'Game Results'!D910+'Game Results'!D983+'Game Results'!D1004+'Game Results'!D361+'Game Results'!D1040+'Game Results'!D3203+'Game Results'!D1172+'Game Results'!D1161+'Game Results'!D1758+'Game Results'!D1815+'Game Results'!D2183+'Game Results'!D2273+'Game Results'!D3074+'Game Results'!D2128+'Game Results'!D3112) -> 9 | E35: =SUM('Game Results'!E65+'Game Results'!E102+'Game Results'!E721+'Game Results'!E910+'Game Results'!E983+'Game Results'!E1004+'Game Results'!E361+'Game Results'!E1040+'Game Results'!E3203+'Game Results'!E1172+'Game Results'!E1161+'Game Results'!E1758+'Game Results'!E1815+'Game Results'!E2183+'Game Results'!E2273+'Game Results'!E3074+'Game Results'!E2128+'Game Results'!E3112) -> 118.91667 | F35: =SUM('Game Results'!F65+'Game Results'!F102+'Game Results'!F721+'Game Results'!F910+'Game Results'!F983+'Game Results'!F1004+'Game Results'!F361+'Game Results'!F1040+'Game Results'!F3203+'Game Results'!F1172+'Game Results'!F1161+'Game Results'!F1758+'Game Results'!F1815+'Game Results'!F2183+'Game Results'!F2273+'Game Results'!F3074+'Game Results'!F2128+'Game Results'!F3112) -> 3 | G35: =SUM('Game Results'!G65+'Game Results'!G102+'Game Results'!G721+'Game Results'!G910+'Game Results'!G983+'Game Results'!G1004+'Game Results'!G361+'Game Results'!G1040+'Game Results'!G3203+'Game Results'!G1172+'Game Results'!G1161+'Game Results'!G1758+'Game Results'!G1815+'Game Results'!G2183+'Game Results'!G2273+'Game Results'!G3074+'Game Results'!G2128+'Game Results'!G3112) -> 512 | H35: =SUM('Game Results'!H65+'Game Results'!H102+'Game Results'!H721+'Game Results'!H910+'Game Results'!H983+'Game Results'!H1004+'Game Results'!H361+'Game Results'!H1040+'Game Results'!H3203+'Game Results'!H1172+'Game Results'!H1161+'Game Results'!H1758+'Game Results'!H1815+'Game Results'!H2183+'Game Results'!H2273+'Game Results'!H3074+'Game Results'!H2128+'Game Results'!H3112) -> 1 | I35: =SUM('Game Results'!I65+'Game Results'!I102+'Game Results'!I721+'Game Results'!I910+'Game Results'!I983+'Game Results'!I1004+'Game Results'!I361+'Game Results'!I1040+'Game Results'!I3203+'Game Results'!I1172+'Game Results'!I1161+'Game Results'!I1758+'Game Results'!I1815+'Game Results'!I2183+'Game Results'!I2273+'Game Results'!I3074+'Game Results'!I2128+'Game Results'!I3112) -> 567 | J35: =SUM('Game Results'!J65+'Game Results'!J102+'Game Results'!J721+'Game Results'!J910+'Game Results'!J983+'Game Results'!J1004+'Game Results'!J361+'Game Results'!J1040+'Game Results'!J3203+'Game Results'!J1172+'Game Results'!J1161+'Game Results'!J1758+'Game Results'!J1815+'Game Results'!J2183+'Game Results'!J2273+'Game Results'!J3074+'Game Results'!J2128+'Game Results'!J3112) -> -55 | K35: =SUM(G35/I35) -> 0.90299824 | L35: =SUM(E35*60)/I35 -> 12.583774 | M35: =SUM('Game Results'!M65+'Game Results'!M102+'Game Results'!M721+'Game Results'!M910+'Game Results'!M983+'Game Results'!M1004+'Game Results'!M361+'Game Results'!M1040+'Game Results'!M3203+'Game Results'!M1172+'Game Results'!M1161+'Game Results'!M1758+'Game Results'!M1815+'Game Results'!M2183+'Game Results'!M2273+'Game Results'!M3074+'Game Results'!M2128+'Game Results'!M3112) -> 641 | N35: =SUM('Game Results'!N65+'Game Results'!N102+'Game Results'!N721+'Game Results'!N910+'Game Results'!N983+'Game Results'!N1004+'Game Results'!N361+'Game Results'!N1040+'Game Results'!N3203+'Game Results'!N1172+'Game Results'!N1161+'Game Results'!N1758+'Game Results'!N1815+'Game Results'!N2183+'Game Results'!N2273+'Game Results'!N3074+'Game Results'!N2128+'Game Results'!N3112) -> 10 | O35: =SUM('Game Results'!O65+'Game Results'!O102+'Game Results'!O721+'Game Results'!O910+'Game Results'!O983+'Game Results'!O1004+'Game Results'!O361+'Game Results'!O1040+'Game Results'!O3203+'Game Results'!O1172+'Game Results'!O1161+'Game Results'!O1758+'Game Results'!O1815+'Game Results'!O2183+'Game Results'!O2273+'Game Results'!O3074+'Game Results'!O2128+'Game Results'!O3112) -> 118.91667 | P35: =SUM('Game Results'!P65+'Game Results'!P102+'Game Results'!P721+'Game Results'!P910+'Game Results'!P983+'Game Results'!P1004+'Game Results'!P361+'Game Results'!P1040+'Game Results'!P3203+'Game Results'!P1172+'Game Results'!P1161+'Game Results'!P1758+'Game Results'!P1815+'Game Results'!P2183+'Game Results'!P2273+'Game Results'!P3074+'Game Results'!P2128+'Game Results'!P3112) -> 18 | Q35: =SUM('Game Results'!Q65+'Game Results'!Q102+'Game Results'!Q721+'Game Results'!Q910+'Game Results'!Q983+'Game Results'!Q1004+'Game Results'!Q361+'Game Results'!Q1040+'Game Results'!Q3203+'Game Results'!Q1172+'Game Results'!Q1161+'Game Results'!Q1758+'Game Results'!Q1815+'Game Results'!Q2183+'Game Results'!Q2273+'Game Results'!Q3074+'Game Results'!Q2128+'Game Results'!Q3112) -> 12 | R35: =SUM('Game Results'!R65+'Game Results'!R102+'Game Results'!R721+'Game Results'!R910+'Game Results'!R983+'Game Results'!R1004+'Game Results'!R361+'Game Results'!R1040+'Game Results'!R3203+'Game Results'!R1172+'Game Results'!R1161+'Game Results'!R1758+'Game Results'!R1815+'Game Results'!R2183+'Game Results'!R2273+'Game Results'!R3074+'Game Results'!R2128+'Game Results'!R3112) -> 29 | S35: =SUM('Game Results'!S65+'Game Results'!S102+'Game Results'!S721+'Game Results'!S910+'Game Results'!S983+'Game Results'!S1004+'Game Results'!S361+'Game Results'!S1040+'Game Results'!S3203+'Game Results'!S1172+'Game Results'!S1161+'Game Results'!S1758+'Game Results'!S1815+'Game Results'!S2183+'Game Results'!S2273+'Game Results'!S3074+'Game Results'!S2128+'Game Results'!S3112) -> 13 | T35: =SUM('Game Results'!T65+'Game Results'!T102+'Game Results'!T721+'Game Results'!T910+'Game Results'!T983+'Game Results'!T1004+'Game Results'!T361+'Game Results'!T1040+'Game Results'!T3203+'Game Results'!T1172+'Game Results'!T1161+'Game Results'!T1758+'Game Results'!T1815+'Game Results'!T2183+'Game Results'!T2273+'Game Results'!T3074+'Game Results'!T2128+'Game Results'!T3112) -> 84 | ... AH35: =SUM('Game Results'!AH65+'Game Results'!AH102+'Game Results'!AH721+'Game Results'!AH910+'Game Results'!AH983+'Game Results'!AH1004+'Game Results'!AH361+'Game Results'!AH1040+'Game Results'!AH3203+'Game Results'!AH1172+'Game Results'!AH1161+'Game Results'!AH1758+'Game Results'!AH1815+'Game Results'!AH2183+'Game Results'!AH2273+'Game Results'!AH3074+'Game Results'!AH2128+'Game Results'!AH3112) -> 0
A36: Str8 Griffin | B36: Sabasauros Rex | C36: =SUM('Game Results'!C66+'Game Results'!C103+'Game Results'!C722+'Game Results'!C911+'Game Results'!C984+'Game Results'!C1005+'Game Results'!C362+'Game Results'!C1041+'Game Results'!C3204+'Game Results'!C1173+'Game Results'!C1162+'Game Results'!C1759+'Game Results'!C1816+'Game Results'!C2184+'Game Results'!C2274+'Game Results'!C3075+'Game Results'!C2129+'Game Results'!C3113) -> 18 | D36: =SUM('Game Results'!D66+'Game Results'!D103+'Game Results'!D722+'Game Results'!D911+'Game Results'!D984+'Game Results'!D1005+'Game Results'!D362+'Game Results'!D1041+'Game Results'!D3204+'Game Results'!D1173+'Game Results'!D1162+'Game Results'!D1759+'Game Results'!D1816+'Game Results'!D2184+'Game Results'!D2274+'Game Results'!D3075+'Game Results'!D2129+'Game Results'!D3113) -> 17 | E36: =SUM('Game Results'!E66+'Game Results'!E103+'Game Results'!E722+'Game Results'!E911+'Game Results'!E984+'Game Results'!E1005+'Game Results'!E362+'Game Results'!E1041+'Game Results'!E3204+'Game Results'!E1173+'Game Results'!E1162+'Game Results'!E1759+'Game Results'!E1816+'Game Results'!E2184+'Game Results'!E2274+'Game Results'!E3075+'Game Results'!E2129+'Game Results'!E3113) -> 237.81667 | F36: =SUM('Game Results'!F66+'Game Results'!F103+'Game Results'!F722+'Game Results'!F911+'Game Results'!F984+'Game Results'!F1005+'Game Results'!F362+'Game Results'!F1041+'Game Results'!F3204+'Game Results'!F1173+'Game Results'!F1162+'Game Results'!F1759+'Game Results'!F1816+'Game Results'!F2184+'Game Results'!F2274+'Game Results'!F3075+'Game Results'!F2129+'Game Results'!F3113) -> 12 | G36: =SUM('Game Results'!G66+'Game Results'!G103+'Game Results'!G722+'Game Results'!G911+'Game Results'!G984+'Game Results'!G1005+'Game Results'!G362+'Game Results'!G1041+'Game Results'!G3204+'Game Results'!G1173+'Game Results'!G1162+'Game Results'!G1759+'Game Results'!G1816+'Game Results'!G2184+'Game Results'!G2274+'Game Results'!G3075+'Game Results'!G2129+'Game Results'!G3113) -> 1118 | H36: =SUM('Game Results'!H66+'Game Results'!H103+'Game Results'!H722+'Game Results'!H911+'Game Results'!H984+'Game Results'!H1005+'Game Results'!H362+'Game Results'!H1041+'Game Results'!H3204+'Game Results'!H1173+'Game Results'!H1162+'Game Results'!H1759+'Game Results'!H1816+'Game Results'!H2184+'Game Results'!H2274+'Game Results'!H3075+'Game Results'!H2129+'Game Results'!H3113) -> 8 | I36: =SUM('Game Results'!I66+'Game Results'!I103+'Game Results'!I722+'Game Results'!I911+'Game Results'!I984+'Game Results'!I1005+'Game Results'!I362+'Game Results'!I1041+'Game Results'!I3204+'Game Results'!I1173+'Game Results'!I1162+'Game Results'!I1759+'Game Results'!I1816+'Game Results'!I2184+'Game Results'!I2274+'Game Results'!I3075+'Game Results'!I2129+'Game Results'!I3113) -> 994 | J36: =SUM('Game Results'!J66+'Game Results'!J103+'Game Results'!J722+'Game Results'!J911+'Game Results'!J984+'Game Results'!J1005+'Game Results'!J362+'Game Results'!J1041+'Game Results'!J3204+'Game Results'!J1173+'Game Results'!J1162+'Game Results'!J1759+'Game Results'!J1816+'Game Results'!J2184+'Game Results'!J2274+'Game Results'!J3075+'Game Results'!J2129+'Game Results'!J3113) -> 124 | K36: =SUM(G36/I36) -> 1.1247485 | L36: =SUM(E36*60)/I36 -> 14.355131 | M36: =SUM('Game Results'!M66+'Game Results'!M103+'Game Results'!M722+'Game Results'!M911+'Game Results'!M984+'Game Results'!M1005+'Game Results'!M362+'Game Results'!M1041+'Game Results'!M3204+'Game Results'!M1173+'Game Results'!M1162+'Game Results'!M1759+'Game Results'!M1816+'Game Results'!M2184+'Game Results'!M2274+'Game Results'!M3075+'Game Results'!M2129+'Game Results'!M3113) -> 1438 | N36: =SUM('Game Results'!N66+'Game Results'!N103+'Game Results'!N722+'Game Results'!N911+'Game Results'!N984+'Game Results'!N1005+'Game Results'!N362+'Game Results'!N1041+'Game Results'!N3204+'Game Results'!N1173+'Game Results'!N1162+'Game Results'!N1759+'Game Results'!N1816+'Game Results'!N2184+'Game Results'!N2274+'Game Results'!N3075+'Game Results'!N2129+'Game Results'!N3113) -> 17 | O36: =SUM('Game Results'!O66+'Game Results'!O103+'Game Results'!O722+'Game Results'!O911+'Game Results'!O984+'Game Results'!O1005+'Game Results'!O362+'Game Results'!O1041+'Game Results'!O3204+'Game Results'!O1173+'Game Results'!O1162+'Game Results'!O1759+'Game Results'!O1816+'Game Results'!O2184+'Game Results'!O2274+'Game Results'!O3075+'Game Results'!O2129+'Game Results'!O3113) -> 234.06667 | P36: =SUM('Game Results'!P66+'Game Results'!P103+'Game Results'!P722+'Game Results'!P911+'Game Results'!P984+'Game Results'!P1005+'Game Results'!P362+'Game Results'!P1041+'Game Results'!P3204+'Game Results'!P1173+'Game Results'!P1162+'Game Results'!P1759+'Game Results'!P1816+'Game Results'!P2184+'Game Results'!P2274+'Game Results'!P3075+'Game Results'!P2129+'Game Results'!P3113) -> 45 | Q36: =SUM('Game Results'!Q66+'Game Results'!Q103+'Game Results'!Q722+'Game Results'!Q911+'Game Results'!Q984+'Game Results'!Q1005+'Game Results'!Q362+'Game Results'!Q1041+'Game Results'!Q3204+'Game Results'!Q1173+'Game Results'!Q1162+'Game Results'!Q1759+'Game Results'!Q1816+'Game Results'!Q2184+'Game Results'!Q2274+'Game Results'!Q3075+'Game Results'!Q2129+'Game Results'!Q3113) -> 15 | R36: =SUM('Game Results'!R66+'Game Results'!R103+'Game Results'!R722+'Game Results'!R911+'Game Results'!R984+'Game Results'!R1005+'Game Results'!R362+'Game Results'!R1041+'Game Results'!R3204+'Game Results'!R1173+'Game Results'!R1162+'Game Results'!R1759+'Game Results'!R1816+'Game Results'!R2184+'Game Results'!R2274+'Game Results'!R3075+'Game Results'!R2129+'Game Results'!R3113) -> 64 | S36: =SUM('Game Results'!S66+'Game Results'!S103+'Game Results'!S722+'Game Results'!S911+'Game Results'!S984+'Game Results'!S1005+'Game Results'!S362+'Game Results'!S1041+'Game Results'!S3204+'Game Results'!S1173+'Game Results'!S1162+'Game Results'!S1759+'Game Results'!S1816+'Game Results'!S2184+'Game Results'!S2274+'Game Results'!S3075+'Game Results'!S2129+'Game Results'!S3113) -> 22 | T36: =SUM('Game Results'!T66+'Game Results'!T103+'Game Results'!T722+'Game Results'!T911+'Game Results'!T984+'Game Results'!T1005+'Game Results'!T362+'Game Results'!T1041+'Game Results'!T3204+'Game Results'!T1173+'Game Results'!T1162+'Game Results'!T1759+'Game Results'!T1816+'Game Results'!T2184+'Game Results'!T2274+'Game Results'!T3075+'Game Results'!T2129+'Game Results'!T3113) -> 178 | ... AH36: =SUM('Game Results'!AH66+'Game Results'!AH103+'Game Results'!AH722+'Game Results'!AH911+'Game Results'!AH984+'Game Results'!AH1005+'Game Results'!AH362+'Game Results'!AH1041+'Game Results'!AH3204+'Game Results'!AH1173+'Game Results'!AH1162+'Game Results'!AH1759+'Game Results'!AH1816+'Game Results'!AH2184+'Game Results'!AH2274+'Game Results'!AH3075+'Game Results'!AH2129+'Game Results'!AH3113) -> 1
A37: Str8 Griffin | B37: Perturbingly | C37: =SUM('Game Results'!C67+'Game Results'!C104+'Game Results'!C723+'Game Results'!C912+'Game Results'!C985+'Game Results'!C1006+'Game Results'!C363+'Game Results'!C1042+'Game Results'!C3205+'Game Results'!C1174+'Game Results'!C1163+'Game Results'!C1760+'Game Results'!C1817+'Game Results'!C2185+'Game Results'!C2275+'Game Results'!C3076+'Game Results'!C2130+'Game Results'!C3114) -> 4 | D37: =SUM('Game Results'!D67+'Game Results'!D104+'Game Results'!D723+'Game Results'!D912+'Game Results'!D985+'Game Results'!D1006+'Game Results'!D363+'Game Results'!D1042+'Game Results'!D3205+'Game Results'!D1174+'Game Results'!D1163+'Game Results'!D1760+'Game Results'!D1817+'Game Results'!D2185+'Game Results'!D2275+'Game Results'!D3076+'Game Results'!D2130+'Game Results'!D3114) -> 4 | E37: =SUM('Game Results'!E67+'Game Results'!E104+'Game Results'!E723+'Game Results'!E912+'Game Results'!E985+'Game Results'!E1006+'Game Results'!E363+'Game Results'!E1042+'Game Results'!E3205+'Game Results'!E1174+'Game Results'!E1163+'Game Results'!E1760+'Game Results'!E1817+'Game Results'!E2185+'Game Results'!E2275+'Game Results'!E3076+'Game Results'!E2130+'Game Results'!E3114) -> 73.933333 | F37: =SUM('Game Results'!F67+'Game Results'!F104+'Game Results'!F723+'Game Results'!F912+'Game Results'!F985+'Game Results'!F1006+'Game Results'!F363+'Game Results'!F1042+'Game Results'!F3205+'Game Results'!F1174+'Game Results'!F1163+'Game Results'!F1760+'Game Results'!F1817+'Game Results'!F2185+'Game Results'!F2275+'Game Results'!F3076+'Game Results'!F2130+'Game Results'!F3114) -> 1 | G37: =SUM('Game Results'!G67+'Game Results'!G104+'Game Results'!G723+'Game Results'!G912+'Game Results'!G985+'Game Results'!G1006+'Game Results'!G363+'Game Results'!G1042+'Game Results'!G3205+'Game Results'!G1174+'Game Results'!G1163+'Game Results'!G1760+'Game Results'!G1817+'Game Results'!G2185+'Game Results'!G2275+'Game Results'!G3076+'Game Results'!G2130+'Game Results'!G3114) -> 255 | H37: =SUM('Game Results'!H67+'Game Results'!H104+'Game Results'!H723+'Game Results'!H912+'Game Results'!H985+'Game Results'!H1006+'Game Results'!H363+'Game Results'!H1042+'Game Results'!H3205+'Game Results'!H1174+'Game Results'!H1163+'Game Results'!H1760+'Game Results'!H1817+'Game Results'!H2185+'Game Results'!H2275+'Game Results'!H3076+'Game Results'!H2130+'Game Results'!H3114) -> 1 | I37: =SUM('Game Results'!I67+'Game Results'!I104+'Game Results'!I723+'Game Results'!I912+'Game Results'!I985+'Game Results'!I1006+'Game Results'!I363+'Game Results'!I1042+'Game Results'!I3205+'Game Results'!I1174+'Game Results'!I1163+'Game Results'!I1760+'Game Results'!I1817+'Game Results'!I2185+'Game Results'!I2275+'Game Results'!I3076+'Game Results'!I2130+'Game Results'!I3114) -> 251 | J37: =SUM('Game Results'!J67+'Game Results'!J104+'Game Results'!J723+'Game Results'!J912+'Game Results'!J985+'Game Results'!J1006+'Game Results'!J363+'Game Results'!J1042+'Game Results'!J3205+'Game Results'!J1174+'Game Results'!J1163+'Game Results'!J1760+'Game Results'!J1817+'Game Results'!J2185+'Game Results'!J2275+'Game Results'!J3076+'Game Results'!J2130+'Game Results'!J3114) -> 4 | K37: =SUM(G37/I37) -> 1.0159363 | L37: =SUM(E37*60)/I37 -> 17.673307 | M37: =SUM('Game Results'!M67+'Game Results'!M104+'Game Results'!M723+'Game Results'!M912+'Game Results'!M985+'Game Results'!M1006+'Game Results'!M363+'Game Results'!M1042+'Game Results'!M3205+'Game Results'!M1174+'Game Results'!M1163+'Game Results'!M1760+'Game Results'!M1817+'Game Results'!M2185+'Game Results'!M2275+'Game Results'!M3076+'Game Results'!M2130+'Game Results'!M3114) -> 323 | N37: =SUM('Game Results'!N67+'Game Results'!N104+'Game Results'!N723+'Game Results'!N912+'Game Results'!N985+'Game Results'!N1006+'Game Results'!N363+'Game Results'!N1042+'Game Results'!N3205+'Game Results'!N1174+'Game Results'!N1163+'Game Results'!N1760+'Game Results'!N1817+'Game Results'!N2185+'Game Results'!N2275+'Game Results'!N3076+'Game Results'!N2130+'Game Results'!N3114) -> 3 | O37: =SUM('Game Results'!O67+'Game Results'!O104+'Game Results'!O723+'Game Results'!O912+'Game Results'!O985+'Game Results'!O1006+'Game Results'!O363+'Game Results'!O1042+'Game Results'!O3205+'Game Results'!O1174+'Game Results'!O1163+'Game Results'!O1760+'Game Results'!O1817+'Game Results'!O2185+'Game Results'!O2275+'Game Results'!O3076+'Game Results'!O2130+'Game Results'!O3114) -> 70.1 | P37: =SUM('Game Results'!P67+'Game Results'!P104+'Game Results'!P723+'Game Results'!P912+'Game Results'!P985+'Game Results'!P1006+'Game Results'!P363+'Game Results'!P1042+'Game Results'!P3205+'Game Results'!P1174+'Game Results'!P1163+'Game Results'!P1760+'Game Results'!P1817+'Game Results'!P2185+'Game Results'!P2275+'Game Results'!P3076+'Game Results'!P2130+'Game Results'!P3114) -> 11 | Q37: =SUM('Game Results'!Q67+'Game Results'!Q104+'Game Results'!Q723+'Game Results'!Q912+'Game Results'!Q985+'Game Results'!Q1006+'Game Results'!Q363+'Game Results'!Q1042+'Game Results'!Q3205+'Game Results'!Q1174+'Game Results'!Q1163+'Game Results'!Q1760+'Game Results'!Q1817+'Game Results'!Q2185+'Game Results'!Q2275+'Game Results'!Q3076+'Game Results'!Q2130+'Game Results'!Q3114) -> 5 | R37: =SUM('Game Results'!R67+'Game Results'!R104+'Game Results'!R723+'Game Results'!R912+'Game Results'!R985+'Game Results'!R1006+'Game Results'!R363+'Game Results'!R1042+'Game Results'!R3205+'Game Results'!R1174+'Game Results'!R1163+'Game Results'!R1760+'Game Results'!R1817+'Game Results'!R2185+'Game Results'!R2275+'Game Results'!R3076+'Game Results'!R2130+'Game Results'!R3114) -> 23 | S37: =SUM('Game Results'!S67+'Game Results'!S104+'Game Results'!S723+'Game Results'!S912+'Game Results'!S985+'Game Results'!S1006+'Game Results'!S363+'Game Results'!S1042+'Game Results'!S3205+'Game Results'!S1174+'Game Results'!S1163+'Game Results'!S1760+'Game Results'!S1817+'Game Results'!S2185+'Game Results'!S2275+'Game Results'!S3076+'Game Results'!S2130+'Game Results'!S3114) -> 5 | T37: =SUM('Game Results'!T67+'Game Results'!T104+'Game Results'!T723+'Game Results'!T912+'Game Results'!T985+'Game Results'!T1006+'Game Results'!T363+'Game Results'!T1042+'Game Results'!T3205+'Game Results'!T1174+'Game Results'!T1163+'Game Results'!T1760+'Game Results'!T1817+'Game Results'!T2185+'Game Results'!T2275+'Game Results'!T3076+'Game Results'!T2130+'Game Results'!T3114) -> 27 | ... AH37: =SUM('Game Results'!AH67+'Game Results'!AH104+'Game Results'!AH723+'Game Results'!AH912+'Game Results'!AH985+'Game Results'!AH1006+'Game Results'!AH363+'Game Results'!AH1042+'Game Results'!AH3205+'Game Results'!AH1174+'Game Results'!AH1163+'Game Results'!AH1760+'Game Results'!AH1817+'Game Results'!AH2185+'Game Results'!AH2275+'Game Results'!AH3076+'Game Results'!AH2130+'Game Results'!AH3114) -> 0
A38: Str8 Griffin | B38: Twitchtvsnipezz | C38: =SUM('Game Results'!C68+'Game Results'!C105+'Game Results'!C724+'Game Results'!C913+'Game Results'!C986+'Game Results'!C1007+'Game Results'!C364+'Game Results'!C1043+'Game Results'!C3206+'Game Results'!C1175+'Game Results'!C1164+'Game Results'!C1761+'Game Results'!C1818+'Game Results'!C2186+'Game Results'!C2276+'Game Results'!C3077+'Game Results'!C2131+'Game Results'!C3115) -> 5 | D38: =SUM('Game Results'!D68+'Game Results'!D105+'Game Results'!D724+'Game Results'!D913+'Game Results'!D986+'Game Results'!D1007+'Game Results'!D364+'Game Results'!D1043+'Game Results'!D3206+'Game Results'!D1175+'Game Results'!D1164+'Game Results'!D1761+'Game Results'!D1818+'Game Results'!D2186+'Game Results'!D2276+'Game Results'!D3077+'Game Results'!D2131+'Game Results'!D3115) -> 5 | E38: =SUM('Game Results'!E68+'Game Results'!E105+'Game Results'!E724+'Game Results'!E913+'Game Results'!E986+'Game Results'!E1007+'Game Results'!E364+'Game Results'!E1043+'Game Results'!E3206+'Game Results'!E1175+'Game Results'!E1164+'Game Results'!E1761+'Game Results'!E1818+'Game Results'!E2186+'Game Results'!E2276+'Game Results'!E3077+'Game Results'!E2131+'Game Results'!E3115) -> 48.333333 | F38: =SUM('Game Results'!F68+'Game Results'!F105+'Game Results'!F724+'Game Results'!F913+'Game Results'!F986+'Game Results'!F1007+'Game Results'!F364+'Game Results'!F1043+'Game Results'!F3206+'Game Results'!F1175+'Game Results'!F1164+'Game Results'!F1761+'Game Results'!F1818+'Game Results'!F2186+'Game Results'!F2276+'Game Results'!F3077+'Game Results'!F2131+'Game Results'!F3115) -> 3 | G38: =SUM('Game Results'!G68+'Game Results'!G105+'Game Results'!G724+'Game Results'!G913+'Game Results'!G986+'Game Results'!G1007+'Game Results'!G364+'Game Results'!G1043+'Game Results'!G3206+'Game Results'!G1175+'Game Results'!G1164+'Game Results'!G1761+'Game Results'!G1818+'Game Results'!G2186+'Game Results'!G2276+'Game Results'!G3077+'Game Results'!G2131+'Game Results'!G3115) -> 231 | H38: =SUM('Game Results'!H68+'Game Results'!H105+'Game Results'!H724+'Game Results'!H913+'Game Results'!H986+'Game Results'!H1007+'Game Results'!H364+'Game Results'!H1043+'Game Results'!H3206+'Game Results'!H1175+'Game Results'!H1164+'Game Results'!H1761+'Game Results'!H1818+'Game Results'!H2186+'Game Results'!H2276+'Game Results'!H3077+'Game Results'!H2131+'Game Results'!H3115) -> 3 | I38: =SUM('Game Results'!I68+'Game Results'!I105+'Game Results'!I724+'Game Results'!I913+'Game Results'!I986+'Game Results'!I1007+'Game Results'!I364+'Game Results'!I1043+'Game Results'!I3206+'Game Results'!I1175+'Game Results'!I1164+'Game Results'!I1761+'Game Results'!I1818+'Game Results'!I2186+'Game Results'!I2276+'Game Results'!I3077+'Game Results'!I2131+'Game Results'!I3115) -> 190 | J38: =SUM('Game Results'!J68+'Game Results'!J105+'Game Results'!J724+'Game Results'!J913+'Game Results'!J986+'Game Results'!J1007+'Game Results'!J364+'Game Results'!J1043+'Game Results'!J3206+'Game Results'!J1175+'Game Results'!J1164+'Game Results'!J1761+'Game Results'!J1818+'Game Results'!J2186+'Game Results'!J2276+'Game Results'!J3077+'Game Results'!J2131+'Game Results'!J3115) -> 41 | K38: =SUM(G38/I38) -> 1.2157895 | L38: =SUM(E38*60)/I38 -> 15.263158 | M38: =SUM('Game Results'!M68+'Game Results'!M105+'Game Results'!M724+'Game Results'!M913+'Game Results'!M986+'Game Results'!M1007+'Game Results'!M364+'Game Results'!M1043+'Game Results'!M3206+'Game Results'!M1175+'Game Results'!M1164+'Game Results'!M1761+'Game Results'!M1818+'Game Results'!M2186+'Game Results'!M2276+'Game Results'!M3077+'Game Results'!M2131+'Game Results'!M3115) -> 287 | N38: =SUM('Game Results'!N68+'Game Results'!N105+'Game Results'!N724+'Game Results'!N913+'Game Results'!N986+'Game Results'!N1007+'Game Results'!N364+'Game Results'!N1043+'Game Results'!N3206+'Game Results'!N1175+'Game Results'!N1164+'Game Results'!N1761+'Game Results'!N1818+'Game Results'!N2186+'Game Results'!N2276+'Game Results'!N3077+'Game Results'!N2131+'Game Results'!N3115) -> 4 | O38: =SUM('Game Results'!O68+'Game Results'!O105+'Game Results'!O724+'Game Results'!O913+'Game Results'!O986+'Game Results'!O1007+'Game Results'!O364+'Game Results'!O1043+'Game Results'!O3206+'Game Results'!O1175+'Game Results'!O1164+'Game Results'!O1761+'Game Results'!O1818+'Game Results'!O2186+'Game Results'!O2276+'Game Results'!O3077+'Game Results'!O2131+'Game Results'!O3115) -> 44.6 | P38: =SUM('Game Results'!P68+'Game Results'!P105+'Game Results'!P724+'Game Results'!P913+'Game Results'!P986+'Game Results'!P1007+'Game Results'!P364+'Game Results'!P1043+'Game Results'!P3206+'Game Results'!P1175+'Game Results'!P1164+'Game Results'!P1761+'Game Results'!P1818+'Game Results'!P2186+'Game Results'!P2276+'Game Results'!P3077+'Game Results'!P2131+'Game Results'!P3115) -> 7 | Q38: =SUM('Game Results'!Q68+'Game Results'!Q105+'Game Results'!Q724+'Game Results'!Q913+'Game Results'!Q986+'Game Results'!Q1007+'Game Results'!Q364+'Game Results'!Q1043+'Game Results'!Q3206+'Game Results'!Q1175+'Game Results'!Q1164+'Game Results'!Q1761+'Game Results'!Q1818+'Game Results'!Q2186+'Game Results'!Q2276+'Game Results'!Q3077+'Game Results'!Q2131+'Game Results'!Q3115) -> 1 | R38: =SUM('Game Results'!R68+'Game Results'!R105+'Game Results'!R724+'Game Results'!R913+'Game Results'!R986+'Game Results'!R1007+'Game Results'!R364+'Game Results'!R1043+'Game Results'!R3206+'Game Results'!R1175+'Game Results'!R1164+'Game Results'!R1761+'Game Results'!R1818+'Game Results'!R2186+'Game Results'!R2276+'Game Results'!R3077+'Game Results'!R2131+'Game Results'!R3115) -> 13 | S38: =SUM('Game Results'!S68+'Game Results'!S105+'Game Results'!S724+'Game Results'!S913+'Game Results'!S986+'Game Results'!S1007+'Game Results'!S364+'Game Results'!S1043+'Game Results'!S3206+'Game Results'!S1175+'Game Results'!S1164+'Game Results'!S1761+'Game Results'!S1818+'Game Results'!S2186+'Game Results'!S2276+'Game Results'!S3077+'Game Results'!S2131+'Game Results'!S3115) -> 1 | T38: =SUM('Game Results'!T68+'Game Results'!T105+'Game Results'!T724+'Game Results'!T913+'Game Results'!T986+'Game Results'!T1007+'Game Results'!T364+'Game Results'!T1043+'Game Results'!T3206+'Game Results'!T1175+'Game Results'!T1164+'Game Results'!T1761+'Game Results'!T1818+'Game Results'!T2186+'Game Results'!T2276+'Game Results'!T3077+'Game Results'!T2131+'Game Results'!T3115) -> 33 | ... AH38: =SUM('Game Results'!AH68+'Game Results'!AH105+'Game Results'!AH724+'Game Results'!AH913+'Game Results'!AH986+'Game Results'!AH1007+'Game Results'!AH364+'Game Results'!AH1043+'Game Results'!AH3206+'Game Results'!AH1175+'Game Results'!AH1164+'Game Results'!AH1761+'Game Results'!AH1818+'Game Results'!AH2186+'Game Results'!AH2276+'Game Results'!AH3077+'Game Results'!AH2131+'Game Results'!AH3115) -> 0
A39: Totals: | C39: =SUM(C33:C38)/4 -> 18 | D39: =SUM(D33:D38)/4 -> 17 | E39: =SUM(E33:E38) -> 956.35 | F39: =SUM(F33:F38) -> 87 | G39: =SUM(G33:G38) -> 3795 | H39: =SUM(H33:H38) -> 26 | I39: =SUM(I33:I38) -> 3790 | J39: =SUM(J33:J38) -> 5 | K39: =SUM(G39/I39) -> 1.0013193 | L39: =SUM(E39*60)/I39 -> 15.140106 | M39: =SUM(M33:M38) -> 4826 | N39: =SUM(N33:N38) -> 68 | O39: =SUM(O33:O38) -> 941.3 | P39: =SUM(P33:P38) -> 153 | Q39: =SUM(Q33:Q38) -> 72 | R39: =SUM(R33:R38) -> 187 | S39: =SUM(S33:S38) -> 79 | T39: =SUM(T33:T38) -> 563 | ... AG39: =SUM(AG33:AG38) -> 7
A40: We Respect Hoez | B40: iTree (c) | C40: =SUM('Game Results'!C964+'Game Results'!C541+'Game Results'!C762+'Game Results'!C933+'Game Results'!C366+'Game Results'!C1084+'Game Results'!C690+'Game Results'!C1607+'Game Results'!C1662+'Game Results'!C1056+'Game Results'!C1502+'Game Results'!C2079+'Game Results'!C1560+'Game Results'!C2718+'Game Results'!C2922+'Game Results'!C2700+'Game Results'!C2663+'Game Results'!C2133) -> 15 | D40: =SUM('Game Results'!D964+'Game Results'!D541+'Game Results'!D762+'Game Results'!D933+'Game Results'!D366+'Game Results'!D1084+'Game Results'!D690+'Game Results'!D1607+'Game Results'!D1662+'Game Results'!D1056+'Game Results'!D1502+'Game Results'!D2079+'Game Results'!D1560+'Game Results'!D2718+'Game Results'!D2922+'Game Results'!D2700+'Game Results'!D2663+'Game Results'!D2133) -> 11 | E40: =SUM('Game Results'!E964+'Game Results'!E541+'Game Results'!E762+'Game Results'!E933+'Game Results'!E366+'Game Results'!E1084+'Game Results'!E690+'Game Results'!E1607+'Game Results'!E1662+'Game Results'!E1056+'Game Results'!E1502+'Game Results'!E2079+'Game Results'!E1560+'Game Results'!E2718+'Game Results'!E2922+'Game Results'!E2700+'Game Results'!E2663+'Game Results'!E2133) -> 259.53333 | F40: =SUM('Game Results'!F964+'Game Results'!F541+'Game Results'!F762+'Game Results'!F933+'Game Results'!F366+'Game Results'!F1084+'Game Results'!F690+'Game Results'!F1607+'Game Results'!F1662+'Game Results'!F1056+'Game Results'!F1502+'Game Results'!F2079+'Game Results'!F1560+'Game Results'!F2718+'Game Results'!F2922+'Game Results'!F2700+'Game Results'!F2663+'Game Results'!F2133) -> 8 | G40: =SUM('Game Results'!G964+'Game Results'!G541+'Game Results'!G762+'Game Results'!G933+'Game Results'!G366+'Game Results'!G1084+'Game Results'!G690+'Game Results'!G1607+'Game Results'!G1662+'Game Results'!G1056+'Game Results'!G1502+'Game Results'!G2079+'Game Results'!G1560+'Game Results'!G2718+'Game Results'!G2922+'Game Results'!G2700+'Game Results'!G2663+'Game Results'!G2133) -> 1025 | H40: =SUM('Game Results'!H964+'Game Results'!H541+'Game Results'!H762+'Game Results'!H933+'Game Results'!H366+'Game Results'!H1084+'Game Results'!H690+'Game Results'!H1607+'Game Results'!H1662+'Game Results'!H1056+'Game Results'!H1502+'Game Results'!H2079+'Game Results'!H1560+'Game Results'!H2718+'Game Results'!H2922+'Game Results'!H2700+'Game Results'!H2663+'Game Results'!H2133) -> 6 | I40: =SUM('Game Results'!I964+'Game Results'!I541+'Game Results'!I762+'Game Results'!I933+'Game Results'!I366+'Game Results'!I1084+'Game Results'!I690+'Game Results'!I1607+'Game Results'!I1662+'Game Results'!I1056+'Game Results'!I1502+'Game Results'!I2079+'Game Results'!I1560+'Game Results'!I2718+'Game Results'!I2922+'Game Results'!I2700+'Game Results'!I2663+'Game Results'!I2133) -> 892 | J40: =SUM('Game Results'!J964+'Game Results'!J541+'Game Results'!J762+'Game Results'!J933+'Game Results'!J366+'Game Results'!J1084+'Game Results'!J690+'Game Results'!J1607+'Game Results'!J1662+'Game Results'!J1056+'Game Results'!J1502+'Game Results'!J2079+'Game Results'!J1560+'Game Results'!J2718+'Game Results'!J2922+'Game Results'!J2700+'Game Results'!J2663+'Game Results'!J2133) -> 133 | K40: =SUM(G40/I40) -> 1.1491031 | L40: =SUM(E40*60)/I40 -> 17.457399 | M40: =SUM('Game Results'!M964+'Game Results'!M541+'Game Results'!M762+'Game Results'!M933+'Game Results'!M366+'Game Results'!M1084+'Game Results'!M690+'Game Results'!M1607+'Game Results'!M1662+'Game Results'!M1056+'Game Results'!M1502+'Game Results'!M2079+'Game Results'!M1560+'Game Results'!M2718+'Game Results'!M2922+'Game Results'!M2700+'Game Results'!M2663+'Game Results'!M2133) -> 1065 | N40: =SUM('Game Results'!N964+'Game Results'!N541+'Game Results'!N762+'Game Results'!N933+'Game Results'!N366+'Game Results'!N1084+'Game Results'!N690+'Game Results'!N1607+'Game Results'!N1662+'Game Results'!N1056+'Game Results'!N1502+'Game Results'!N2079+'Game Results'!N1560+'Game Results'!N2718+'Game Results'!N2922+'Game Results'!N2700+'Game Results'!N2663+'Game Results'!N2133) -> 15 | O40: =SUM('Game Results'!O964+'Game Results'!O541+'Game Results'!O762+'Game Results'!O933+'Game Results'!O366+'Game Results'!O1084+'Game Results'!O690+'Game Results'!O1607+'Game Results'!O1662+'Game Results'!O1056+'Game Results'!O1502+'Game Results'!O2079+'Game Results'!O1560+'Game Results'!O2718+'Game Results'!O2922+'Game Results'!O2700+'Game Results'!O2663+'Game Results'!O2133) -> 251.53333 | P40: =SUM('Game Results'!P964+'Game Results'!P541+'Game Results'!P762+'Game Results'!P933+'Game Results'!P366+'Game Results'!P1084+'Game Results'!P690+'Game Results'!P1607+'Game Results'!P1662+'Game Results'!P1056+'Game Results'!P1502+'Game Results'!P2079+'Game Results'!P1560+'Game Results'!P2718+'Game Results'!P2922+'Game Results'!P2700+'Game Results'!P2663+'Game Results'!P2133) -> 29 | Q40: =SUM('Game Results'!Q964+'Game Results'!Q541+'Game Results'!Q762+'Game Results'!Q933+'Game Results'!Q366+'Game Results'!Q1084+'Game Results'!Q690+'Game Results'!Q1607+'Game Results'!Q1662+'Game Results'!Q1056+'Game Results'!Q1502+'Game Results'!Q2079+'Game Results'!Q1560+'Game Results'!Q2718+'Game Results'!Q2922+'Game Results'!Q2700+'Game Results'!Q2663+'Game Results'!Q2133) -> 17 | R40: =SUM('Game Results'!R964+'Game Results'!R541+'Game Results'!R762+'Game Results'!R933+'Game Results'!R366+'Game Results'!R1084+'Game Results'!R690+'Game Results'!R1607+'Game Results'!R1662+'Game Results'!R1056+'Game Results'!R1502+'Game Results'!R2079+'Game Results'!R1560+'Game Results'!R2718+'Game Results'!R2922+'Game Results'!R2700+'Game Results'!R2663+'Game Results'!R2133) -> 76 | S40: =SUM('Game Results'!S964+'Game Results'!S541+'Game Results'!S762+'Game Results'!S933+'Game Results'!S366+'Game Results'!S1084+'Game Results'!S690+'Game Results'!S1607+'Game Results'!S1662+'Game Results'!S1056+'Game Results'!S1502+'Game Results'!S2079+'Game Results'!S1560+'Game Results'!S2718+'Game Results'!S2922+'Game Results'!S2700+'Game Results'!S2663+'Game Results'!S2133) -> 12 | T40: =SUM('Game Results'!T964+'Game Results'!T541+'Game Results'!T762+'Game Results'!T933+'Game Results'!T366+'Game Results'!T1084+'Game Results'!T690+'Game Results'!T1607+'Game Results'!T1662+'Game Results'!T1056+'Game Results'!T1502+'Game Results'!T2079+'Game Results'!T1560+'Game Results'!T2718+'Game Results'!T2922+'Game Results'!T2700+'Game Results'!T2663+'Game Results'!T2133) -> 140 | ... AH40: =SUM('Game Results'!AH964+'Game Results'!AH541+'Game Results'!AH762+'Game Results'!AH933+'Game Results'!AH366+'Game Results'!AH1084+'Game Results'!AH690+'Game Results'!AH1607+'Game Results'!AH1662+'Game Results'!AH1056+'Game Results'!AH1502+'Game Results'!AH2079+'Game Results'!AH1560+'Game Results'!AH2718+'Game Results'!AH2922+'Game Results'!AH2700+'Game Results'!AH2663+'Game Results'!AH2133) -> 0
A41: We Respect Hoez | B41: I TRICKK I | C41: =SUM('Game Results'!C965+'Game Results'!C542+'Game Results'!C763+'Game Results'!C934+'Game Results'!C367+'Game Results'!C1085+'Game Results'!C691+'Game Results'!C1608+'Game Results'!C1663+'Game Results'!C1057+'Game Results'!C1503+'Game Results'!C2080+'Game Results'!C1561+'Game Results'!C2719+'Game Results'!C2923+'Game Results'!C2701+'Game Results'!C2664+'Game Results'!C2134) -> 18 | D41: =SUM('Game Results'!D965+'Game Results'!D542+'Game Results'!D763+'Game Results'!D934+'Game Results'!D367+'Game Results'!D1085+'Game Results'!D691+'Game Results'!D1608+'Game Results'!D1663+'Game Results'!D1057+'Game Results'!D1503+'Game Results'!D2080+'Game Results'!D1561+'Game Results'!D2719+'Game Results'!D2923+'Game Results'!D2701+'Game Results'!D2664+'Game Results'!D2134) -> 14 | E41: =SUM('Game Results'!E965+'Game Results'!E542+'Game Results'!E763+'Game Results'!E934+'Game Results'!E367+'Game Results'!E1085+'Game Results'!E691+'Game Results'!E1608+'Game Results'!E1663+'Game Results'!E1057+'Game Results'!E1503+'Game Results'!E2080+'Game Results'!E1561+'Game Results'!E2719+'Game Results'!E2923+'Game Results'!E2701+'Game Results'!E2664+'Game Results'!E2134) -> 288.55 | F41: =SUM('Game Results'!F965+'Game Results'!F542+'Game Results'!F763+'Game Results'!F934+'Game Results'!F367+'Game Results'!F1085+'Game Results'!F691+'Game Results'!F1608+'Game Results'!F1663+'Game Results'!F1057+'Game Results'!F1503+'Game Results'!F2080+'Game Results'!F1561+'Game Results'!F2719+'Game Results'!F2923+'Game Results'!F2701+'Game Results'!F2664+'Game Results'!F2134) -> 5 | G41: =SUM('Game Results'!G965+'Game Results'!G542+'Game Results'!G763+'Game Results'!G934+'Game Results'!G367+'Game Results'!G1085+'Game Results'!G691+'Game Results'!G1608+'Game Results'!G1663+'Game Results'!G1057+'Game Results'!G1503+'Game Results'!G2080+'Game Results'!G1561+'Game Results'!G2719+'Game Results'!G2923+'Game Results'!G2701+'Game Results'!G2664+'Game Results'!G2134) -> 1345 | H41: =SUM('Game Results'!H965+'Game Results'!H542+'Game Results'!H763+'Game Results'!H934+'Game Results'!H367+'Game Results'!H1085+'Game Results'!H691+'Game Results'!H1608+'Game Results'!H1663+'Game Results'!H1057+'Game Results'!H1503+'Game Results'!H2080+'Game Results'!H1561+'Game Results'!H2719+'Game Results'!H2923+'Game Results'!H2701+'Game Results'!H2664+'Game Results'!H2134) -> 13 | I41: =SUM('Game Results'!I965+'Game Results'!I542+'Game Results'!I763+'Game Results'!I934+'Game Results'!I367+'Game Results'!I1085+'Game Results'!I691+'Game Results'!I1608+'Game Results'!I1663+'Game Results'!I1057+'Game Results'!I1503+'Game Results'!I2080+'Game Results'!I1561+'Game Results'!I2719+'Game Results'!I2923+'Game Results'!I2701+'Game Results'!I2664+'Game Results'!I2134) -> 1042 | J41: =SUM('Game Results'!J965+'Game Results'!J542+'Game Results'!J763+'Game Results'!J934+'Game Results'!J367+'Game Results'!J1085+'Game Results'!J691+'Game Results'!J1608+'Game Results'!J1663+'Game Results'!J1057+'Game Results'!J1503+'Game Results'!J2080+'Game Results'!J1561+'Game Results'!J2719+'Game Results'!J2923+'Game Results'!J2701+'Game Results'!J2664+'Game Results'!J2134) -> 303 | K41: =SUM(G41/I41) -> 1.2907869 | L41: =SUM(E41*60)/I41 -> 16.615163 | M41: =SUM('Game Results'!M965+'Game Results'!M542+'Game Results'!M763+'Game Results'!M934+'Game Results'!M367+'Game Results'!M1085+'Game Results'!M691+'Game Results'!M1608+'Game Results'!M1663+'Game Results'!M1057+'Game Results'!M1503+'Game Results'!M2080+'Game Results'!M1561+'Game Results'!M2719+'Game Results'!M2923+'Game Results'!M2701+'Game Results'!M2664+'Game Results'!M2134) -> 1597 | N41: =SUM('Game Results'!N965+'Game Results'!N542+'Game Results'!N763+'Game Results'!N934+'Game Results'!N367+'Game Results'!N1085+'Game Results'!N691+'Game Results'!N1608+'Game Results'!N1663+'Game Results'!N1057+'Game Results'!N1503+'Game Results'!N2080+'Game Results'!N1561+'Game Results'!N2719+'Game Results'!N2923+'Game Results'!N2701+'Game Results'!N2664+'Game Results'!N2134) -> 18 | O41: =SUM('Game Results'!O965+'Game Results'!O542+'Game Results'!O763+'Game Results'!O934+'Game Results'!O367+'Game Results'!O1085+'Game Results'!O691+'Game Results'!O1608+'Game Results'!O1663+'Game Results'!O1057+'Game Results'!O1503+'Game Results'!O2080+'Game Results'!O1561+'Game Results'!O2719+'Game Results'!O2923+'Game Results'!O2701+'Game Results'!O2664+'Game Results'!O2134) -> 282.3 | P41: =SUM('Game Results'!P965+'Game Results'!P542+'Game Results'!P763+'Game Results'!P934+'Game Results'!P367+'Game Results'!P1085+'Game Results'!P691+'Game Results'!P1608+'Game Results'!P1663+'Game Results'!P1057+'Game Results'!P1503+'Game Results'!P2080+'Game Results'!P1561+'Game Results'!P2719+'Game Results'!P2923+'Game Results'!P2701+'Game Results'!P2664+'Game Results'!P2134) -> 40 | Q41: =SUM('Game Results'!Q965+'Game Results'!Q542+'Game Results'!Q763+'Game Results'!Q934+'Game Results'!Q367+'Game Results'!Q1085+'Game Results'!Q691+'Game Results'!Q1608+'Game Results'!Q1663+'Game Results'!Q1057+'Game Results'!Q1503+'Game Results'!Q2080+'Game Results'!Q1561+'Game Results'!Q2719+'Game Results'!Q2923+'Game Results'!Q2701+'Game Results'!Q2664+'Game Results'!Q2134) -> 31 | R41: =SUM('Game Results'!R965+'Game Results'!R542+'Game Results'!R763+'Game Results'!R934+'Game Results'!R367+'Game Results'!R1085+'Game Results'!R691+'Game Results'!R1608+'Game Results'!R1663+'Game Results'!R1057+'Game Results'!R1503+'Game Results'!R2080+'Game Results'!R1561+'Game Results'!R2719+'Game Results'!R2923+'Game Results'!R2701+'Game Results'!R2664+'Game Results'!R2134) -> 98 | S41: =SUM('Game Results'!S965+'Game Results'!S542+'Game Results'!S763+'Game Results'!S934+'Game Results'!S367+'Game Results'!S1085+'Game Results'!S691+'Game Results'!S1608+'Game Results'!S1663+'Game Results'!S1057+'Game Results'!S1503+'Game Results'!S2080+'Game Results'!S1561+'Game Results'!S2719+'Game Results'!S2923+'Game Results'!S2701+'Game Results'!S2664+'Game Results'!S2134) -> 15 | T41: =SUM('Game Results'!T965+'Game Results'!T542+'Game Results'!T763+'Game Results'!T934+'Game Results'!T367+'Game Results'!T1085+'Game Results'!T691+'Game Results'!T1608+'Game Results'!T1663+'Game Results'!T1057+'Game Results'!T1503+'Game Results'!T2080+'Game Results'!T1561+'Game Results'!T2719+'Game Results'!T2923+'Game Results'!T2701+'Game Results'!T2664+'Game Results'!T2134) -> 218 | ... AH41: =SUM('Game Results'!AH965+'Game Results'!AH542+'Game Results'!AH763+'Game Results'!AH934+'Game Results'!AH367+'Game Results'!AH1085+'Game Results'!AH691+'Game Results'!AH1608+'Game Results'!AH1663+'Game Results'!AH1057+'Game Results'!AH1503+'Game Results'!AH2080+'Game Results'!AH1561+'Game Results'!AH2719+'Game Results'!AH2923+'Game Results'!AH2701+'Game Results'!AH2664+'Game Results'!AH2134) -> 0
A42: We Respect Hoez | B42: The Corn Ninja | C42: =SUM('Game Results'!C966+'Game Results'!C543+'Game Results'!C764+'Game Results'!C935+'Game Results'!C368+'Game Results'!C1086+'Game Results'!C692+'Game Results'!C1609+'Game Results'!C1664+'Game Results'!C1058+'Game Results'!C1504+'Game Results'!C2081+'Game Results'!C1562+'Game Results'!C2720+'Game Results'!C2924+'Game Results'!C2702+'Game Results'!C2665+'Game Results'!C2135) -> 17 | D42: =SUM('Game Results'!D966+'Game Results'!D543+'Game Results'!D764+'Game Results'!D935+'Game Results'!D368+'Game Results'!D1086+'Game Results'!D692+'Game Results'!D1609+'Game Results'!D1664+'Game Results'!D1058+'Game Results'!D1504+'Game Results'!D2081+'Game Results'!D1562+'Game Results'!D2720+'Game Results'!D2924+'Game Results'!D2702+'Game Results'!D2665+'Game Results'!D2135) -> 13 | E42: =SUM('Game Results'!E966+'Game Results'!E543+'Game Results'!E764+'Game Results'!E935+'Game Results'!E368+'Game Results'!E1086+'Game Results'!E692+'Game Results'!E1609+'Game Results'!E1664+'Game Results'!E1058+'Game Results'!E1504+'Game Results'!E2081+'Game Results'!E1562+'Game Results'!E2720+'Game Results'!E2924+'Game Results'!E2702+'Game Results'!E2665+'Game Results'!E2135) -> 286.03333 | F42: =SUM('Game Results'!F966+'Game Results'!F543+'Game Results'!F764+'Game Results'!F935+'Game Results'!F368+'Game Results'!F1086+'Game Results'!F692+'Game Results'!F1609+'Game Results'!F1664+'Game Results'!F1058+'Game Results'!F1504+'Game Results'!F2081+'Game Results'!F1562+'Game Results'!F2720+'Game Results'!F2924+'Game Results'!F2702+'Game Results'!F2665+'Game Results'!F2135) -> 58 | G42: =SUM('Game Results'!G966+'Game Results'!G543+'Game Results'!G764+'Game Results'!G935+'Game Results'!G368+'Game Results'!G1086+'Game Results'!G692+'Game Results'!G1609+'Game Results'!G1664+'Game Results'!G1058+'Game Results'!G1504+'Game Results'!G2081+'Game Results'!G1562+'Game Results'!G2720+'Game Results'!G2924+'Game Results'!G2702+'Game Results'!G2665+'Game Results'!G2135) -> 747 | H42: =SUM('Game Results'!H966+'Game Results'!H543+'Game Results'!H764+'Game Results'!H935+'Game Results'!H368+'Game Results'!H1086+'Game Results'!H692+'Game Results'!H1609+'Game Results'!H1664+'Game Results'!H1058+'Game Results'!H1504+'Game Results'!H2081+'Game Results'!H1562+'Game Results'!H2720+'Game Results'!H2924+'Game Results'!H2702+'Game Results'!H2665+'Game Results'!H2135) -> 5 | I42: =SUM('Game Results'!I966+'Game Results'!I543+'Game Results'!I764+'Game Results'!I935+'Game Results'!I368+'Game Results'!I1086+'Game Results'!I692+'Game Results'!I1609+'Game Results'!I1664+'Game Results'!I1058+'Game Results'!I1504+'Game Results'!I2081+'Game Results'!I1562+'Game Results'!I2720+'Game Results'!I2924+'Game Results'!I2702+'Game Results'!I2665+'Game Results'!I2135) -> 921 | J42: =SUM('Game Results'!J966+'Game Results'!J543+'Game Results'!J764+'Game Results'!J935+'Game Results'!J368+'Game Results'!J1086+'Game Results'!J692+'Game Results'!J1609+'Game Results'!J1664+'Game Results'!J1058+'Game Results'!J1504+'Game Results'!J2081+'Game Results'!J1562+'Game Results'!J2720+'Game Results'!J2924+'Game Results'!J2702+'Game Results'!J2665+'Game Results'!J2135) -> -174 | K42: =SUM(G42/I42) -> 0.81107492 | L42: =SUM(E42*60)/I42 -> 18.634093 | M42: =SUM('Game Results'!M966+'Game Results'!M543+'Game Results'!M764+'Game Results'!M935+'Game Results'!M368+'Game Results'!M1086+'Game Results'!M692+'Game Results'!M1609+'Game Results'!M1664+'Game Results'!M1058+'Game Results'!M1504+'Game Results'!M2081+'Game Results'!M1562+'Game Results'!M2720+'Game Results'!M2924+'Game Results'!M2702+'Game Results'!M2665+'Game Results'!M2135) -> 829 | N42: =SUM('Game Results'!N966+'Game Results'!N543+'Game Results'!N764+'Game Results'!N935+'Game Results'!N368+'Game Results'!N1086+'Game Results'!N692+'Game Results'!N1609+'Game Results'!N1664+'Game Results'!N1058+'Game Results'!N1504+'Game Results'!N2081+'Game Results'!N1562+'Game Results'!N2720+'Game Results'!N2924+'Game Results'!N2702+'Game Results'!N2665+'Game Results'!N2135) -> 17 | O42: =SUM('Game Results'!O966+'Game Results'!O543+'Game Results'!O764+'Game Results'!O935+'Game Results'!O368+'Game Results'!O1086+'Game Results'!O692+'Game Results'!O1609+'Game Results'!O1664+'Game Results'!O1058+'Game Results'!O1504+'Game Results'!O2081+'Game Results'!O1562+'Game Results'!O2720+'Game Results'!O2924+'Game Results'!O2702+'Game Results'!O2665+'Game Results'!O2135) -> 279.63333 | P42: =SUM('Game Results'!P966+'Game Results'!P543+'Game Results'!P764+'Game Results'!P935+'Game Results'!P368+'Game Results'!P1086+'Game Results'!P692+'Game Results'!P1609+'Game Results'!P1664+'Game Results'!P1058+'Game Results'!P1504+'Game Results'!P2081+'Game Results'!P1562+'Game Results'!P2720+'Game Results'!P2924+'Game Results'!P2702+'Game Results'!P2665+'Game Results'!P2135) -> 46 | Q42: =SUM('Game Results'!Q966+'Game Results'!Q543+'Game Results'!Q764+'Game Results'!Q935+'Game Results'!Q368+'Game Results'!Q1086+'Game Results'!Q692+'Game Results'!Q1609+'Game Results'!Q1664+'Game Results'!Q1058+'Game Results'!Q1504+'Game Results'!Q2081+'Game Results'!Q1562+'Game Results'!Q2720+'Game Results'!Q2924+'Game Results'!Q2702+'Game Results'!Q2665+'Game Results'!Q2135) -> 22 | R42: =SUM('Game Results'!R966+'Game Results'!R543+'Game Results'!R764+'Game Results'!R935+'Game Results'!R368+'Game Results'!R1086+'Game Results'!R692+'Game Results'!R1609+'Game Results'!R1664+'Game Results'!R1058+'Game Results'!R1504+'Game Results'!R2081+'Game Results'!R1562+'Game Results'!R2720+'Game Results'!R2924+'Game Results'!R2702+'Game Results'!R2665+'Game Results'!R2135) -> 8 | S42: =SUM('Game Results'!S966+'Game Results'!S543+'Game Results'!S764+'Game Results'!S935+'Game Results'!S368+'Game Results'!S1086+'Game Results'!S692+'Game Results'!S1609+'Game Results'!S1664+'Game Results'!S1058+'Game Results'!S1504+'Game Results'!S2081+'Game Results'!S1562+'Game Results'!S2720+'Game Results'!S2924+'Game Results'!S2702+'Game Results'!S2665+'Game Results'!S2135) -> 15 | T42: =SUM('Game Results'!T966+'Game Results'!T543+'Game Results'!T764+'Game Results'!T935+'Game Results'!T368+'Game Results'!T1086+'Game Results'!T692+'Game Results'!T1609+'Game Results'!T1664+'Game Results'!T1058+'Game Results'!T1504+'Game Results'!T2081+'Game Results'!T1562+'Game Results'!T2720+'Game Results'!T2924+'Game Results'!T2702+'Game Results'!T2665+'Game Results'!T2135) -> 73 | ... AH42: =SUM('Game Results'!AH966+'Game Results'!AH543+'Game Results'!AH764+'Game Results'!AH935+'Game Results'!AH368+'Game Results'!AH1086+'Game Results'!AH692+'Game Results'!AH1609+'Game Results'!AH1664+'Game Results'!AH1058+'Game Results'!AH1504+'Game Results'!AH2081+'Game Results'!AH1562+'Game Results'!AH2720+'Game Results'!AH2924+'Game Results'!AH2702+'Game Results'!AH2665+'Game Results'!AH2135) -> 1
A43: We Respect Hoez | B43: TnTaylor | C43: =SUM('Game Results'!C967+'Game Results'!C544+'Game Results'!C765+'Game Results'!C936+'Game Results'!C369+'Game Results'!C1087+'Game Results'!C693+'Game Results'!C1610+'Game Results'!C1665+'Game Results'!C1059+'Game Results'!C1505+'Game Results'!C2082+'Game Results'!C1563+'Game Results'!C2721+'Game Results'!C2925+'Game Results'!C2703+'Game Results'!C2666+'Game Results'!C2136) -> 15 | D43: =SUM('Game Results'!D967+'Game Results'!D544+'Game Results'!D765+'Game Results'!D936+'Game Results'!D369+'Game Results'!D1087+'Game Results'!D693+'Game Results'!D1610+'Game Results'!D1665+'Game Results'!D1059+'Game Results'!D1505+'Game Results'!D2082+'Game Results'!D1563+'Game Results'!D2721+'Game Results'!D2925+'Game Results'!D2703+'Game Results'!D2666+'Game Results'!D2136) -> 11 | E43: =SUM('Game Results'!E967+'Game Results'!E544+'Game Results'!E765+'Game Results'!E936+'Game Results'!E369+'Game Results'!E1087+'Game Results'!E693+'Game Results'!E1610+'Game Results'!E1665+'Game Results'!E1059+'Game Results'!E1505+'Game Results'!E2082+'Game Results'!E1563+'Game Results'!E2721+'Game Results'!E2925+'Game Results'!E2703+'Game Results'!E2666+'Game Results'!E2136) -> 234.3 | F43: =SUM('Game Results'!F967+'Game Results'!F544+'Game Results'!F765+'Game Results'!F936+'Game Results'!F369+'Game Results'!F1087+'Game Results'!F693+'Game Results'!F1610+'Game Results'!F1665+'Game Results'!F1059+'Game Results'!F1505+'Game Results'!F2082+'Game Results'!F1563+'Game Results'!F2721+'Game Results'!F2925+'Game Results'!F2703+'Game Results'!F2666+'Game Results'!F2136) -> 8 | G43: =SUM('Game Results'!G967+'Game Results'!G544+'Game Results'!G765+'Game Results'!G936+'Game Results'!G369+'Game Results'!G1087+'Game Results'!G693+'Game Results'!G1610+'Game Results'!G1665+'Game Results'!G1059+'Game Results'!G1505+'Game Results'!G2082+'Game Results'!G1563+'Game Results'!G2721+'Game Results'!G2925+'Game Results'!G2703+'Game Results'!G2666+'Game Results'!G2136) -> 965 | H43: =SUM('Game Results'!H967+'Game Results'!H544+'Game Results'!H765+'Game Results'!H936+'Game Results'!H369+'Game Results'!H1087+'Game Results'!H693+'Game Results'!H1610+'Game Results'!H1665+'Game Results'!H1059+'Game Results'!H1505+'Game Results'!H2082+'Game Results'!H1563+'Game Results'!H2721+'Game Results'!H2925+'Game Results'!H2703+'Game Results'!H2666+'Game Results'!H2136) -> 2 | I43: =SUM('Game Results'!I967+'Game Results'!I544+'Game Results'!I765+'Game Results'!I936+'Game Results'!I369+'Game Results'!I1087+'Game Results'!I693+'Game Results'!I1610+'Game Results'!I1665+'Game Results'!I1059+'Game Results'!I1505+'Game Results'!I2082+'Game Results'!I1563+'Game Results'!I2721+'Game Results'!I2925+'Game Results'!I2703+'Game Results'!I2666+'Game Results'!I2136) -> 786 | J43: =SUM('Game Results'!J967+'Game Results'!J544+'Game Results'!J765+'Game Results'!J936+'Game Results'!J369+'Game Results'!J1087+'Game Results'!J693+'Game Results'!J1610+'Game Results'!J1665+'Game Results'!J1059+'Game Results'!J1505+'Game Results'!J2082+'Game Results'!J1563+'Game Results'!J2721+'Game Results'!J2925+'Game Results'!J2703+'Game Results'!J2666+'Game Results'!J2136) -> 179 | K43: =SUM(G43/I43) -> 1.2277354 | L43: =SUM(E43*60)/I43 -> 17.885496 | M43: =SUM('Game Results'!M967+'Game Results'!M544+'Game Results'!M765+'Game Results'!M936+'Game Results'!M369+'Game Results'!M1087+'Game Results'!M693+'Game Results'!M1610+'Game Results'!M1665+'Game Results'!M1059+'Game Results'!M1505+'Game Results'!M2082+'Game Results'!M1563+'Game Results'!M2721+'Game Results'!M2925+'Game Results'!M2703+'Game Results'!M2666+'Game Results'!M2136) -> 1117 | N43: =SUM('Game Results'!N967+'Game Results'!N544+'Game Results'!N765+'Game Results'!N936+'Game Results'!N369+'Game Results'!N1087+'Game Results'!N693+'Game Results'!N1610+'Game Results'!N1665+'Game Results'!N1059+'Game Results'!N1505+'Game Results'!N2082+'Game Results'!N1563+'Game Results'!N2721+'Game Results'!N2925+'Game Results'!N2703+'Game Results'!N2666+'Game Results'!N2136) -> 15 | O43: =SUM('Game Results'!O967+'Game Results'!O544+'Game Results'!O765+'Game Results'!O936+'Game Results'!O369+'Game Results'!O1087+'Game Results'!O693+'Game Results'!O1610+'Game Results'!O1665+'Game Results'!O1059+'Game Results'!O1505+'Game Results'!O2082+'Game Results'!O1563+'Game Results'!O2721+'Game Results'!O2925+'Game Results'!O2703+'Game Results'!O2666+'Game Results'!O2136) -> 227.73333 | P43: =SUM('Game Results'!P967+'Game Results'!P544+'Game Results'!P765+'Game Results'!P936+'Game Results'!P369+'Game Results'!P1087+'Game Results'!P693+'Game Results'!P1610+'Game Results'!P1665+'Game Results'!P1059+'Game Results'!P1505+'Game Results'!P2082+'Game Results'!P1563+'Game Results'!P2721+'Game Results'!P2925+'Game Results'!P2703+'Game Results'!P2666+'Game Results'!P2136) -> 42 | Q43: =SUM('Game Results'!Q967+'Game Results'!Q544+'Game Results'!Q765+'Game Results'!Q936+'Game Results'!Q369+'Game Results'!Q1087+'Game Results'!Q693+'Game Results'!Q1610+'Game Results'!Q1665+'Game Results'!Q1059+'Game Results'!Q1505+'Game Results'!Q2082+'Game Results'!Q1563+'Game Results'!Q2721+'Game Results'!Q2925+'Game Results'!Q2703+'Game Results'!Q2666+'Game Results'!Q2136) -> 17 | R43: =SUM('Game Results'!R967+'Game Results'!R544+'Game Results'!R765+'Game Results'!R936+'Game Results'!R369+'Game Results'!R1087+'Game Results'!R693+'Game Results'!R1610+'Game Results'!R1665+'Game Results'!R1059+'Game Results'!R1505+'Game Results'!R2082+'Game Results'!R1563+'Game Results'!R2721+'Game Results'!R2925+'Game Results'!R2703+'Game Results'!R2666+'Game Results'!R2136) -> 76 | S43: =SUM('Game Results'!S967+'Game Results'!S544+'Game Results'!S765+'Game Results'!S936+'Game Results'!S369+'Game Results'!S1087+'Game Results'!S693+'Game Results'!S1610+'Game Results'!S1665+'Game Results'!S1059+'Game Results'!S1505+'Game Results'!S2082+'Game Results'!S1563+'Game Results'!S2721+'Game Results'!S2925+'Game Results'!S2703+'Game Results'!S2666+'Game Results'!S2136) -> 14 | T43: =SUM('Game Results'!T967+'Game Results'!T544+'Game Results'!T765+'Game Results'!T936+'Game Results'!T369+'Game Results'!T1087+'Game Results'!T693+'Game Results'!T1610+'Game Results'!T1665+'Game Results'!T1059+'Game Results'!T1505+'Game Results'!T2082+'Game Results'!T1563+'Game Results'!T2721+'Game Results'!T2925+'Game Results'!T2703+'Game Results'!T2666+'Game Results'!T2136) -> 121 | ... AH43: =SUM('Game Results'!AH967+'Game Results'!AH544+'Game Results'!AH765+'Game Results'!AH936+'Game Results'!AH369+'Game Results'!AH1087+'Game Results'!AH693+'Game Results'!AH1610+'Game Results'!AH1665+'Game Results'!AH1059+'Game Results'!AH1505+'Game Results'!AH2082+'Game Results'!AH1563+'Game Results'!AH2721+'Game Results'!AH2925+'Game Results'!AH2703+'Game Results'!AH2666+'Game Results'!AH2136) -> 0
A44: We Respect Hoez | B44: TheOneHawk | C44: =SUM('Game Results'!C968+'Game Results'!C545+'Game Results'!C766+'Game Results'!C937+'Game Results'!C370+'Game Results'!C1088+'Game Results'!C694+'Game Results'!C1611+'Game Results'!C1666+'Game Results'!C1060+'Game Results'!C1506+'Game Results'!C2083+'Game Results'!C1564+'Game Results'!C2722+'Game Results'!C2926+'Game Results'!C2704+'Game Results'!C2667+'Game Results'!C2137) -> 4 | D44: =SUM('Game Results'!D968+'Game Results'!D545+'Game Results'!D766+'Game Results'!D937+'Game Results'!D370+'Game Results'!D1088+'Game Results'!D694+'Game Results'!D1611+'Game Results'!D1666+'Game Results'!D1060+'Game Results'!D1506+'Game Results'!D2083+'Game Results'!D1564+'Game Results'!D2722+'Game Results'!D2926+'Game Results'!D2704+'Game Results'!D2667+'Game Results'!D2137) -> 4 | E44: =SUM('Game Results'!E968+'Game Results'!E545+'Game Results'!E766+'Game Results'!E937+'Game Results'!E370+'Game Results'!E1088+'Game Results'!E694+'Game Results'!E1611+'Game Results'!E1666+'Game Results'!E1060+'Game Results'!E1506+'Game Results'!E2083+'Game Results'!E1564+'Game Results'!E2722+'Game Results'!E2926+'Game Results'!E2704+'Game Results'!E2667+'Game Results'!E2137) -> 85.483333 | F44: =SUM('Game Results'!F968+'Game Results'!F545+'Game Results'!F766+'Game Results'!F937+'Game Results'!F370+'Game Results'!F1088+'Game Results'!F694+'Game Results'!F1611+'Game Results'!F1666+'Game Results'!F1060+'Game Results'!F1506+'Game Results'!F2083+'Game Results'!F1564+'Game Results'!F2722+'Game Results'!F2926+'Game Results'!F2704+'Game Results'!F2667+'Game Results'!F2137) -> 1 | G44: =SUM('Game Results'!G968+'Game Results'!G545+'Game Results'!G766+'Game Results'!G937+'Game Results'!G370+'Game Results'!G1088+'Game Results'!G694+'Game Results'!G1611+'Game Results'!G1666+'Game Results'!G1060+'Game Results'!G1506+'Game Results'!G2083+'Game Results'!G1564+'Game Results'!G2722+'Game Results'!G2926+'Game Results'!G2704+'Game Results'!G2667+'Game Results'!G2137) -> 345 | H44: =SUM('Game Results'!H968+'Game Results'!H545+'Game Results'!H766+'Game Results'!H937+'Game Results'!H370+'Game Results'!H1088+'Game Results'!H694+'Game Results'!H1611+'Game Results'!H1666+'Game Results'!H1060+'Game Results'!H1506+'Game Results'!H2083+'Game Results'!H1564+'Game Results'!H2722+'Game Results'!H2926+'Game Results'!H2704+'Game Results'!H2667+'Game Results'!H2137) -> 1 | I44: =SUM('Game Results'!I968+'Game Results'!I545+'Game Results'!I766+'Game Results'!I937+'Game Results'!I370+'Game Results'!I1088+'Game Results'!I694+'Game Results'!I1611+'Game Results'!I1666+'Game Results'!I1060+'Game Results'!I1506+'Game Results'!I2083+'Game Results'!I1564+'Game Results'!I2722+'Game Results'!I2926+'Game Results'!I2704+'Game Results'!I2667+'Game Results'!I2137) -> 382 | J44: =SUM('Game Results'!J968+'Game Results'!J545+'Game Results'!J766+'Game Results'!J937+'Game Results'!J370+'Game Results'!J1088+'Game Results'!J694+'Game Results'!J1611+'Game Results'!J1666+'Game Results'!J1060+'Game Results'!J1506+'Game Results'!J2083+'Game Results'!J1564+'Game Results'!J2722+'Game Results'!J2926+'Game Results'!J2704+'Game Results'!J2667+'Game Results'!J2137) -> -37 | K44: =SUM(G44/I44) -> 0.90314136 | L44: =SUM(E44*60)/I44 -> 13.426702 | M44: =SUM('Game Results'!M968+'Game Results'!M545+'Game Results'!M766+'Game Results'!M937+'Game Results'!M370+'Game Results'!M1088+'Game Results'!M694+'Game Results'!M1611+'Game Results'!M1666+'Game Results'!M1060+'Game Results'!M1506+'Game Results'!M2083+'Game Results'!M1564+'Game Results'!M2722+'Game Results'!M2926+'Game Results'!M2704+'Game Results'!M2667+'Game Results'!M2137) -> 382 | N44: =SUM('Game Results'!N968+'Game Results'!N545+'Game Results'!N766+'Game Results'!N937+'Game Results'!N370+'Game Results'!N1088+'Game Results'!N694+'Game Results'!N1611+'Game Results'!N1666+'Game Results'!N1060+'Game Results'!N1506+'Game Results'!N2083+'Game Results'!N1564+'Game Results'!N2722+'Game Results'!N2926+'Game Results'!N2704+'Game Results'!N2667+'Game Results'!N2137) -> 4 | O44: =SUM('Game Results'!O968+'Game Results'!O545+'Game Results'!O766+'Game Results'!O937+'Game Results'!O370+'Game Results'!O1088+'Game Results'!O694+'Game Results'!O1611+'Game Results'!O1666+'Game Results'!O1060+'Game Results'!O1506+'Game Results'!O2083+'Game Results'!O1564+'Game Results'!O2722+'Game Results'!O2926+'Game Results'!O2704+'Game Results'!O2667+'Game Results'!O2137) -> 85.483333 | P44: =SUM('Game Results'!P968+'Game Results'!P545+'Game Results'!P766+'Game Results'!P937+'Game Results'!P370+'Game Results'!P1088+'Game Results'!P694+'Game Results'!P1611+'Game Results'!P1666+'Game Results'!P1060+'Game Results'!P1506+'Game Results'!P2083+'Game Results'!P1564+'Game Results'!P2722+'Game Results'!P2926+'Game Results'!P2704+'Game Results'!P2667+'Game Results'!P2137) -> 16 | Q44: =SUM('Game Results'!Q968+'Game Results'!Q545+'Game Results'!Q766+'Game Results'!Q937+'Game Results'!Q370+'Game Results'!Q1088+'Game Results'!Q694+'Game Results'!Q1611+'Game Results'!Q1666+'Game Results'!Q1060+'Game Results'!Q1506+'Game Results'!Q2083+'Game Results'!Q1564+'Game Results'!Q2722+'Game Results'!Q2926+'Game Results'!Q2704+'Game Results'!Q2667+'Game Results'!Q2137) -> 14 | R44: =SUM('Game Results'!R968+'Game Results'!R545+'Game Results'!R766+'Game Results'!R937+'Game Results'!R370+'Game Results'!R1088+'Game Results'!R694+'Game Results'!R1611+'Game Results'!R1666+'Game Results'!R1060+'Game Results'!R1506+'Game Results'!R2083+'Game Results'!R1564+'Game Results'!R2722+'Game Results'!R2926+'Game Results'!R2704+'Game Results'!R2667+'Game Results'!R2137) -> 6 | S44: =SUM('Game Results'!S968+'Game Results'!S545+'Game Results'!S766+'Game Results'!S937+'Game Results'!S370+'Game Results'!S1088+'Game Results'!S694+'Game Results'!S1611+'Game Results'!S1666+'Game Results'!S1060+'Game Results'!S1506+'Game Results'!S2083+'Game Results'!S1564+'Game Results'!S2722+'Game Results'!S2926+'Game Results'!S2704+'Game Results'!S2667+'Game Results'!S2137) -> 3 | T44: =SUM('Game Results'!T968+'Game Results'!T545+'Game Results'!T766+'Game Results'!T937+'Game Results'!T370+'Game Results'!T1088+'Game Results'!T694+'Game Results'!T1611+'Game Results'!T1666+'Game Results'!T1060+'Game Results'!T1506+'Game Results'!T2083+'Game Results'!T1564+'Game Results'!T2722+'Game Results'!T2926+'Game Results'!T2704+'Game Results'!T2667+'Game Results'!T2137) -> 44 | ... AH44: =SUM('Game Results'!AH968+'Game Results'!AH545+'Game Results'!AH766+'Game Results'!AH937+'Game Results'!AH370+'Game Results'!AH1088+'Game Results'!AH694+'Game Results'!AH1611+'Game Results'!AH1666+'Game Results'!AH1060+'Game Results'!AH1506+'Game Results'!AH2083+'Game Results'!AH1564+'Game Results'!AH2722+'Game Results'!AH2926+'Game Results'!AH2704+'Game Results'!AH2667+'Game Results'!AH2137) -> 2
