Workbook

Sheet Individual Stats
A1: Team | B1: Player | C1: Games | D1: Wins | E1: Losses | F1: Goals | G1: Kills | H1: Assists | I1: Deaths | J1: Time | K1: K-D | L1: (K-D)/minute | M1: Stops | N1: Doubles | O1: Triples | P1: Over+ | Q1: Sprees | R1: Exterm | S1: Sword Spree | T1: AVG Life
A2: Don't Be A Gonk Scet | B2: The Scet | C2: =sum(D2:E2) -> 18 | D2: 7 | E2: 11 | F2: =sum(DBAGS!C3,DBAGS!T3,DBAGS!C11,DBAGS!T11,DBAGS!C19,DBAGS!T19,DBAGS!C27,DBAGS!T27,DBAGS!C35,DBAGS!T35,DBAGS!C43,DBAGS!T43,DBAGS!C51,DBAGS!T51,DBAGS!C60,DBAGS!T60,DBAGS!C69,DBAGS!T69,DBAGS!C79,DBAGS!T79) -> 46 | G2: =sum(DBAGS!D3,DBAGS!U3,DBAGS!D11,DBAGS!U11,DBAGS!D19,DBAGS!U19,DBAGS!D27,DBAGS!U27,DBAGS!D35,DBAGS!U35,DBAGS!D43,DBAGS!U43,DBAGS!D51,DBAGS!U51,DBAGS!D60,DBAGS!U60,DBAGS!D69,DBAGS!U69,DBAGS!D79,DBAGS!U79) -> 1044 | H2: =sum(DBAGS!E3,DBAGS!V3,DBAGS!E11,DBAGS!V11,DBAGS!E19,DBAGS!V19,DBAGS!E27,DBAGS!V27,DBAGS!E35,DBAGS!V35,DBAGS!E43,DBAGS!V43,DBAGS!E51,DBAGS!V51,DBAGS!E60,DBAGS!V60,DBAGS!E69,DBAGS!V69,DBAGS!E79,DBAGS!V79) -> 7 | I2: =sum(DBAGS!F3,DBAGS!W3,DBAGS!F11,DBAGS!W11,DBAGS!F19,DBAGS!W19,DBAGS!F27,DBAGS!W27,DBAGS!F35,DBAGS!W35,DBAGS!F43,DBAGS!W43,DBAGS!F51,DBAGS!W51,DBAGS!F60,DBAGS!W60,DBAGS!F69,DBAGS!W69,DBAGS!F79,DBAGS!W79) -> 1117 | J2: =sum(DBAGS!G3,DBAGS!X3,DBAGS!G11,DBAGS!X11,DBAGS!G19,DBAGS!X19,DBAGS!G27,DBAGS!X27,DBAGS!G35,DBAGS!X35,DBAGS!G43,DBAGS!X43,DBAGS!G51,DBAGS!X51,DBAGS!G60,DBAGS!X60,DBAGS!G69,DBAGS!X69,DBAGS!G79,DBAGS!X79) -> 0.33775463 | K2: =sum(DBAGS!H3,DBAGS!Y3,DBAGS!H11,DBAGS!Y11,DBAGS!H19,DBAGS!Y19,DBAGS!H27,DBAGS!Y27,DBAGS!H35,DBAGS!Y35,DBAGS!H43,DBAGS!Y43,DBAGS!H51,DBAGS!Y51,DBAGS!H60,DBAGS!Y60,DBAGS!H69,DBAGS!Y69,DBAGS!H79,DBAGS!Y79) -> -73 | L2: =K2/(HOUR(J2)*60+(MINUTE(J2)+((SECOND(J2)/60)))) -> -0.15009252 | M2: =sum(DBAGS!J3,DBAGS!AA3,DBAGS!J11,DBAGS!AA11,DBAGS!J19,DBAGS!AA19,DBAGS!J27,DBAGS!AA27,DBAGS!J35,DBAGS!AA35,DBAGS!J43,DBAGS!AA43,DBAGS!J51,DBAGS!AA51,DBAGS!J60,DBAGS!AA60,DBAGS!J69,DBAGS!AA69,DBAGS!J79,DBAGS!AA79) -> 53 | N2: =sum(DBAGS!K3,DBAGS!AB3,DBAGS!K11,DBAGS!AB11,DBAGS!K19,DBAGS!AB19,DBAGS!K27,DBAGS!AB27,DBAGS!K35,DBAGS!AB35,DBAGS!K43,DBAGS!AB43,DBAGS!K51,DBAGS!AB51,DBAGS!K60,DBAGS!AB60,DBAGS!K69,DBAGS!AB69,DBAGS!K79,DBAGS!AB79) -> 104 | O2: =sum(DBAGS!L3,DBAGS!AC3,DBAGS!L11,DBAGS!AC11,DBAGS!L19,DBAGS!AC19,DBAGS!L27,DBAGS!AC27,DBAGS!L35,DBAGS!AC35,DBAGS!L43,DBAGS!AC43,DBAGS!L51,DBAGS!AC51,DBAGS!L60,DBAGS!AC60,DBAGS!L69,DBAGS!AC69,DBAGS!L79,DBAGS!AC79) -> 10 | P2: =sum(DBAGS!M3,DBAGS!AD3,DBAGS!M11,DBAGS!AD11,DBAGS!M19,DBAGS!AD19,DBAGS!M27,DBAGS!AD27,DBAGS!M35,DBAGS!AD35,DBAGS!M43,DBAGS!AD43,DBAGS!M51,DBAGS!AD51,DBAGS!M60,DBAGS!AD60,DBAGS!M69,DBAGS!AD69,DBAGS!M79,DBAGS!AD79) -> 3 | Q2: =sum(DBAGS!N3,DBAGS!AE3,DBAGS!N11,DBAGS!AE11,DBAGS!N19,DBAGS!AE19,DBAGS!N27,DBAGS!AE27,DBAGS!N35,DBAGS!AE35,DBAGS!N43,DBAGS!AE43,DBAGS!N51,DBAGS!AE51,DBAGS!N60,DBAGS!AE60,DBAGS!N69,DBAGS!AE69,DBAGS!N79,DBAGS!AE79) -> 25 | R2: =sum(DBAGS!O3,DBAGS!AF3,DBAGS!O11,DBAGS!AF11,DBAGS!O19,DBAGS!AF19,DBAGS!O27,DBAGS!AF27,DBAGS!O35,DBAGS!AF35,DBAGS!O43,DBAGS!AF43,DBAGS!O51,DBAGS!AF51,DBAGS!O60,DBAGS!AF60,DBAGS!O69,DBAGS!AF69,DBAGS!O79,DBAGS!AF79) -> 0 | S2: =sum(DBAGS!P3,DBAGS!AG3,DBAGS!P11,DBAGS!AG11,DBAGS!P19,DBAGS!AG19,DBAGS!P27,DBAGS!AG27,DBAGS!P35,DBAGS!AG35,DBAGS!P43,DBAGS!AG43,DBAGS!P51,DBAGS!AG51,DBAGS!P60,DBAGS!AG60,DBAGS!P69,DBAGS!AG69,DBAGS!P79,DBAGS!AG79) -> 0 | T2: =J2/I2 -> 0.00030237657
A3: Don't Be A Gonk Scet | B3: Galvann | C3: =sum(D3:E3) -> 16 | D3: 7 | E3: 9 | F3: =sum(DBAGS!C4,DBAGS!T4,DBAGS!C12,DBAGS!T12,DBAGS!C20,DBAGS!T20,DBAGS!C28,DBAGS!T28,DBAGS!C36,DBAGS!T36,DBAGS!C44,DBAGS!T44,DBAGS!C52,DBAGS!T52,DBAGS!C61,DBAGS!T61,DBAGS!C70,DBAGS!T70,DBAGS!C80,DBAGS!T80) -> 9 | G3: =sum(DBAGS!D4,DBAGS!U4,DBAGS!D12,DBAGS!U12,DBAGS!D20,DBAGS!U20,DBAGS!D28,DBAGS!U28,DBAGS!D36,DBAGS!U36,DBAGS!D44,DBAGS!U44,DBAGS!D52,DBAGS!U52,DBAGS!D61,DBAGS!U61,DBAGS!D70,DBAGS!U70,DBAGS!D80,DBAGS!U80) -> 2144 | H3: =sum(DBAGS!E4,DBAGS!V4,DBAGS!E12,DBAGS!V12,DBAGS!E20,DBAGS!V20,DBAGS!E28,DBAGS!V28,DBAGS!E36,DBAGS!V36,DBAGS!E44,DBAGS!V44,DBAGS!E52,DBAGS!V52,DBAGS!E61,DBAGS!V61,DBAGS!E70,DBAGS!V70,DBAGS!E80,DBAGS!V80) -> 8 | I3: =sum(DBAGS!F4,DBAGS!W4,DBAGS!F12,DBAGS!W12,DBAGS!F20,DBAGS!W20,DBAGS!F28,DBAGS!W28,DBAGS!F36,DBAGS!W36,DBAGS!F44,DBAGS!W44,DBAGS!F52,DBAGS!W52,DBAGS!F61,DBAGS!W61,DBAGS!F70,DBAGS!W70,DBAGS!F80,DBAGS!W80) -> 1729 | J3: =sum(DBAGS!G4,DBAGS!X4,DBAGS!G12,DBAGS!X12,DBAGS!G20,DBAGS!X20,DBAGS!G28,DBAGS!X28,DBAGS!G36,DBAGS!X36,DBAGS!G44,DBAGS!X44,DBAGS!G52,DBAGS!X52,DBAGS!G61,DBAGS!X61,DBAGS!G70,DBAGS!X70,DBAGS!G80,DBAGS!X80) -> 0.31231481 | K3: =sum(DBAGS!H4,DBAGS!Y4,DBAGS!H12,DBAGS!Y12,DBAGS!H20,DBAGS!Y20,DBAGS!H28,DBAGS!Y28,DBAGS!H36,DBAGS!Y36,DBAGS!H44,DBAGS!Y44,DBAGS!H52,DBAGS!Y52,DBAGS!H61,DBAGS!Y61,DBAGS!H70,DBAGS!Y70,DBAGS!H80,DBAGS!Y80) -> 415 | L3: =K3/(HOUR(J3)*60+(MINUTE(J3)+((SECOND(J3)/60)))) -> 0.92276905 | M3: =sum(DBAGS!J4,DBAGS!AA4,DBAGS!J12,DBAGS!AA12,DBAGS!J20,DBAGS!AA20,DBAGS!J28,DBAGS!AA28,DBAGS!J36,DBAGS!AA36,DBAGS!J44,DBAGS!AA44,DBAGS!J52,DBAGS!AA52,DBAGS!J61,DBAGS!AA61,DBAGS!J70,DBAGS!AA70,DBAGS!J80,DBAGS!AA80) -> 75 | N3: =sum(DBAGS!K4,DBAGS!AB4,DBAGS!K12,DBAGS!AB12,DBAGS!K20,DBAGS!AB20,DBAGS!K28,DBAGS!AB28,DBAGS!K36,DBAGS!AB36,DBAGS!K44,DBAGS!AB44,DBAGS!K52,DBAGS!AB52,DBAGS!K61,DBAGS!AB61,DBAGS!K70,DBAGS!AB70,DBAGS!K80,DBAGS!AB80) -> 387 | O3: =sum(DBAGS!L4,DBAGS!AC4,DBAGS!L12,DBAGS!AC12,DBAGS!L20,DBAGS!AC20,DBAGS!L28,DBAGS!AC28,DBAGS!L36,DBAGS!AC36,DBAGS!L44,DBAGS!AC44,DBAGS!L52,DBAGS!AC52,DBAGS!L61,DBAGS!AC61,DBAGS!L70,DBAGS!AC70,DBAGS!L80,DBAGS!AC80) -> 101 | P3: =sum(DBAGS!M4,DBAGS!AD4,DBAGS!M12,DBAGS!AD12,DBAGS!M20,DBAGS!AD20,DBAGS!M28,DBAGS!AD28,DBAGS!M36,DBAGS!AD36,DBAGS!M44,DBAGS!AD44,DBAGS!M52,DBAGS!AD52,DBAGS!M61,DBAGS!AD61,DBAGS!M70,DBAGS!AD70,DBAGS!M80,DBAGS!AD80) -> 43 | Q3: =sum(DBAGS!N4,DBAGS!AE4,DBAGS!N12,DBAGS!AE12,DBAGS!N20,DBAGS!AE20,DBAGS!N28,DBAGS!AE28,DBAGS!N36,DBAGS!AE36,DBAGS!N44,DBAGS!AE44,DBAGS!N52,DBAGS!AE52,DBAGS!N61,DBAGS!AE61,DBAGS!N70,DBAGS!AE70,DBAGS!N80,DBAGS!AE80) -> 67 | R3: =sum(DBAGS!O4,DBAGS!AF4,DBAGS!O12,DBAGS!AF12,DBAGS!O20,DBAGS!AF20,DBAGS!O28,DBAGS!AF28,DBAGS!O36,DBAGS!AF36,DBAGS!O44,DBAGS!AF44,DBAGS!O52,DBAGS!AF52,DBAGS!O61,DBAGS!AF61,DBAGS!O70,DBAGS!AF70,DBAGS!O80,DBAGS!AF80) -> 4 | S3: =sum(DBAGS!P4,DBAGS!AG4,DBAGS!P12,DBAGS!AG12,DBAGS!P20,DBAGS!AG20,DBAGS!P28,DBAGS!AG28,DBAGS!P36,DBAGS!AG36,DBAGS!P44,DBAGS!AG44,DBAGS!P52,DBAGS!AG52,DBAGS!P61,DBAGS!AG61,DBAGS!P70,DBAGS!AG70,DBAGS!P80,DBAGS!AG80) -> 0 | T3: =J3/I3 -> 0.00018063321
A4: Don't Be A Gonk Scet | B4: Its Rainin MenZ | C4: =sum(D4:E4) -> 12 | D4: 6 | E4: 6 | F4: =sum(DBAGS!C5,DBAGS!T5,DBAGS!C13,DBAGS!T13,DBAGS!C21,DBAGS!T21,DBAGS!C29,DBAGS!T29,DBAGS!C37,DBAGS!T37,DBAGS!C45,DBAGS!T45,DBAGS!C53,DBAGS!T53,DBAGS!C62,DBAGS!T62,DBAGS!C71,DBAGS!T71,DBAGS!C81,DBAGS!T81) -> 1 | G4: =sum(DBAGS!D5,DBAGS!U5,DBAGS!D13,DBAGS!U13,DBAGS!D21,DBAGS!U21,DBAGS!D29,DBAGS!U29,DBAGS!D37,DBAGS!U37,DBAGS!D45,DBAGS!U45,DBAGS!D53,DBAGS!U53,DBAGS!D62,DBAGS!U62,DBAGS!D71,DBAGS!U71,DBAGS!D81,DBAGS!U81) -> 1049 | H4: =sum(DBAGS!E5,DBAGS!V5,DBAGS!E13,DBAGS!V13,DBAGS!E21,DBAGS!V21,DBAGS!E29,DBAGS!V29,DBAGS!E37,DBAGS!V37,DBAGS!E45,DBAGS!V45,DBAGS!E53,DBAGS!V53,DBAGS!E62,DBAGS!V62,DBAGS!E71,DBAGS!V71,DBAGS!E81,DBAGS!V81) -> 6 | I4: =sum(DBAGS!F5,DBAGS!W5,DBAGS!F13,DBAGS!W13,DBAGS!F21,DBAGS!W21,DBAGS!F29,DBAGS!W29,DBAGS!F37,DBAGS!W37,DBAGS!F45,DBAGS!W45,DBAGS!F53,DBAGS!W53,DBAGS!F62,DBAGS!W62,DBAGS!F71,DBAGS!W71,DBAGS!F81,DBAGS!W81) -> 1083 | J4: =sum(DBAGS!G5,DBAGS!X5,DBAGS!G13,DBAGS!X13,DBAGS!G21,DBAGS!X21,DBAGS!G29,DBAGS!X29,DBAGS!G37,DBAGS!X37,DBAGS!G45,DBAGS!X45,DBAGS!G53,DBAGS!X53,DBAGS!G62,DBAGS!X62,DBAGS!G71,DBAGS!X71,DBAGS!G81,DBAGS!X81) -> 0.2434375 | K4: =sum(DBAGS!H5,DBAGS!Y5,DBAGS!H13,DBAGS!Y13,DBAGS!H21,DBAGS!Y21,DBAGS!H29,DBAGS!Y29,DBAGS!H37,DBAGS!Y37,DBAGS!H45,DBAGS!Y45,DBAGS!H53,DBAGS!Y53,DBAGS!H62,DBAGS!Y62,DBAGS!H71,DBAGS!Y71,DBAGS!H81,DBAGS!Y81) -> -34 | L4: =K4/(HOUR(J4)*60+(MINUTE(J4)+((SECOND(J4)/60)))) -> -0.096990444 | M4: =sum(DBAGS!J5,DBAGS!AA5,DBAGS!J13,DBAGS!AA13,DBAGS!J21,DBAGS!AA21,DBAGS!J29,DBAGS!AA29,DBAGS!J37,DBAGS!AA37,DBAGS!J45,DBAGS!AA45,DBAGS!J53,DBAGS!AA53,DBAGS!J62,DBAGS!AA62,DBAGS!J71,DBAGS!AA71,DBAGS!J81,DBAGS!AA81) -> 27 | N4: =sum(DBAGS!K5,DBAGS!AB5,DBAGS!K13,DBAGS!AB13,DBAGS!K21,DBAGS!AB21,DBAGS!K29,DBAGS!AB29,DBAGS!K37,DBAGS!AB37,DBAGS!K45,DBAGS!AB45,DBAGS!K53,DBAGS!AB53,DBAGS!K62,DBAGS!AB62,DBAGS!K71,DBAGS!AB71,DBAGS!K81,DBAGS!AB81) -> 123 | O4: =sum(DBAGS!L5,DBAGS!AC5,DBAGS!L13,DBAGS!AC13,DBAGS!L21,DBAGS!AC21,DBAGS!L29,DBAGS!AC29,DBAGS!L37,DBAGS!AC37,DBAGS!L45,DBAGS!AC45,DBAGS!L53,DBAGS!AC53,DBAGS!L62,DBAGS!AC62,DBAGS!L71,DBAGS!AC71,DBAGS!L81,DBAGS!AC81) -> 27 | P4: =sum(DBAGS!M5,DBAGS!AD5,DBAGS!M13,DBAGS!AD13,DBAGS!M21,DBAGS!AD21,DBAGS!M29,DBAGS!AD29,DBAGS!M37,DBAGS!AD37,DBAGS!M45,DBAGS!AD45,DBAGS!M53,DBAGS!AD53,DBAGS!M62,DBAGS!AD62,DBAGS!M71,DBAGS!AD71,DBAGS!M81,DBAGS!AD81) -> 9 | Q4: =sum(DBAGS!N5,DBAGS!AE5,DBAGS!N13,DBAGS!AE13,DBAGS!N21,DBAGS!AE21,DBAGS!N29,DBAGS!AE29,DBAGS!N37,DBAGS!AE37,DBAGS!N45,DBAGS!AE45,DBAGS!N53,DBAGS!AE53,DBAGS!N62,DBAGS!AE62,DBAGS!N71,DBAGS!AE71,DBAGS!N81,DBAGS!AE81) -> 13 | R4: =sum(DBAGS!O5,DBAGS!AF5,DBAGS!O13,DBAGS!AF13,DBAGS!O21,DBAGS!AF21,DBAGS!O29,DBAGS!AF29,DBAGS!O37,DBAGS!AF37,DBAGS!O45,DBAGS!AF45,DBAGS!O53,DBAGS!AF53,DBAGS!O62,DBAGS!AF62,DBAGS!O71,DBAGS!AF71,DBAGS!O81,DBAGS!AF81) -> 1 | S4: =sum(DBAGS!P5,DBAGS!AG5,DBAGS!P13,DBAGS!AG13,DBAGS!P21,DBAGS!AG21,DBAGS!P29,DBAGS!AG29,DBAGS!P37,DBAGS!AG37,DBAGS!P45,DBAGS!AG45,DBAGS!P53,DBAGS!AG53,DBAGS!P62,DBAGS!AG62,DBAGS!P71,DBAGS!AG71,DBAGS!P81,DBAGS!AG81) -> 0 | T4: =J4/I4 -> 0.0002247807
A5: Don't Be A Gonk Scet | B5: BCN19 | C5: =sum(D5:E5) -> 2 | D5: 1 | E5: 1 | F5: =sum(DBAGS!C6,DBAGS!T6,DBAGS!C14,DBAGS!T14,DBAGS!C22,DBAGS!T22,DBAGS!C30,DBAGS!T30,DBAGS!C38,DBAGS!T38,DBAGS!C46,DBAGS!T46,DBAGS!C54,DBAGS!T54,DBAGS!C63,DBAGS!T63,DBAGS!C72,DBAGS!T72,DBAGS!C82,DBAGS!T82) -> 0 | G5: =sum(DBAGS!D6,DBAGS!U6,DBAGS!D14,DBAGS!U14,DBAGS!D22,DBAGS!U22,DBAGS!D30,DBAGS!U30,DBAGS!D38,DBAGS!U38,DBAGS!D46,DBAGS!U46,DBAGS!D54,DBAGS!U54,DBAGS!D63,DBAGS!U63,DBAGS!D72,DBAGS!U72,DBAGS!D82,DBAGS!U82) -> 122 | H5: =sum(DBAGS!E6,DBAGS!V6,DBAGS!E14,DBAGS!V14,DBAGS!E22,DBAGS!V22,DBAGS!E30,DBAGS!V30,DBAGS!E38,DBAGS!V38,DBAGS!E46,DBAGS!V46,DBAGS!E54,DBAGS!V54,DBAGS!E63,DBAGS!V63,DBAGS!E72,DBAGS!V72,DBAGS!E82,DBAGS!V82) -> 0 | I5: =sum(DBAGS!F6,DBAGS!W6,DBAGS!F14,DBAGS!W14,DBAGS!F22,DBAGS!W22,DBAGS!F30,DBAGS!W30,DBAGS!F38,DBAGS!W38,DBAGS!F46,DBAGS!W46,DBAGS!F54,DBAGS!W54,DBAGS!F63,DBAGS!W63,DBAGS!F72,DBAGS!W72,DBAGS!F82,DBAGS!W82) -> 144 | J5: =sum(DBAGS!G6,DBAGS!X6,DBAGS!G14,DBAGS!X14,DBAGS!G22,DBAGS!X22,DBAGS!G30,DBAGS!X30,DBAGS!G38,DBAGS!X38,DBAGS!G46,DBAGS!X46,DBAGS!G54,DBAGS!X54,DBAGS!G63,DBAGS!X63,DBAGS!G72,DBAGS!X72,DBAGS!G82,DBAGS!X82) -> 0.030231481 | K5: =sum(DBAGS!H6,DBAGS!Y6,DBAGS!H14,DBAGS!Y14,DBAGS!H22,DBAGS!Y22,DBAGS!H30,DBAGS!Y30,DBAGS!H38,DBAGS!Y38,DBAGS!H46,DBAGS!Y46,DBAGS!H54,DBAGS!Y54,DBAGS!H63,DBAGS!Y63,DBAGS!H72,DBAGS!Y72,DBAGS!H82,DBAGS!Y82) -> -22 | L5: =K5/(HOUR(J5)*60+(MINUTE(J5)+((SECOND(J5)/60)))) -> -0.50535988 | M5: =sum(DBAGS!J6,DBAGS!AA6,DBAGS!J14,DBAGS!AA14,DBAGS!J22,DBAGS!AA22,DBAGS!J30,DBAGS!AA30,DBAGS!J38,DBAGS!AA38,DBAGS!J46,DBAGS!AA46,DBAGS!J54,DBAGS!AA54,DBAGS!J63,DBAGS!AA63,DBAGS!J72,DBAGS!AA72,DBAGS!J82,DBAGS!AA82) -> 3 | N5: =sum(DBAGS!K6,DBAGS!AB6,DBAGS!K14,DBAGS!AB14,DBAGS!K22,DBAGS!AB22,DBAGS!K30,DBAGS!AB30,DBAGS!K38,DBAGS!AB38,DBAGS!K46,DBAGS!AB46,DBAGS!K54,DBAGS!AB54,DBAGS!K63,DBAGS!AB63,DBAGS!K72,DBAGS!AB72,DBAGS!K82,DBAGS!AB82) -> 14 | O5: =sum(DBAGS!L6,DBAGS!AC6,DBAGS!L14,DBAGS!AC14,DBAGS!L22,DBAGS!AC22,DBAGS!L30,DBAGS!AC30,DBAGS!L38,DBAGS!AC38,DBAGS!L46,DBAGS!AC46,DBAGS!L54,DBAGS!AC54,DBAGS!L63,DBAGS!AC63,DBAGS!L72,DBAGS!AC72,DBAGS!L82,DBAGS!AC82) -> 4 | P5: =sum(DBAGS!M6,DBAGS!AD6,DBAGS!M14,DBAGS!AD14,DBAGS!M22,DBAGS!AD22,DBAGS!M30,DBAGS!AD30,DBAGS!M38,DBAGS!AD38,DBAGS!M46,DBAGS!AD46,DBAGS!M54,DBAGS!AD54,DBAGS!M63,DBAGS!AD63,DBAGS!M72,DBAGS!AD72,DBAGS!M82,DBAGS!AD82) -> 3 | Q5: =sum(DBAGS!N6,DBAGS!AE6,DBAGS!N14,DBAGS!AE14,DBAGS!N22,DBAGS!AE22,DBAGS!N30,DBAGS!AE30,DBAGS!N38,DBAGS!AE38,DBAGS!N46,DBAGS!AE46,DBAGS!N54,DBAGS!AE54,DBAGS!N63,DBAGS!AE63,DBAGS!N72,DBAGS!AE72,DBAGS!N82,DBAGS!AE82) -> 4 | R5: =sum(DBAGS!O6,DBAGS!AF6,DBAGS!O14,DBAGS!AF14,DBAGS!O22,DBAGS!AF22,DBAGS!O30,DBAGS!AF30,DBAGS!O38,DBAGS!AF38,DBAGS!O46,DBAGS!AF46,DBAGS!O54,DBAGS!AF54,DBAGS!O63,DBAGS!AF63,DBAGS!O72,DBAGS!AF72,DBAGS!O82,DBAGS!AF82) -> 0 | S5: =sum(DBAGS!P6,DBAGS!AG6,DBAGS!P14,DBAGS!AG14,DBAGS!P22,DBAGS!AG22,DBAGS!P30,DBAGS!AG30,DBAGS!P38,DBAGS!AG38,DBAGS!P46,DBAGS!AG46,DBAGS!P54,DBAGS!AG54,DBAGS!P63,DBAGS!AG63,DBAGS!P72,DBAGS!AG72,DBAGS!P82,DBAGS!AG82) -> 0 | T5: =J5/I5 -> 0.00020994084
A6: Don't Be A Gonk Scet | B6: nkotb4evah | C6: =sum(D6:E6) -> 16 | D6: 6 | E6: 10 | F6: =sum(DBAGS!C7,DBAGS!T7,DBAGS!C15,DBAGS!T15,DBAGS!C23,DBAGS!T23,DBAGS!C31,DBAGS!T31,DBAGS!C39,DBAGS!T39,DBAGS!C47,DBAGS!T47,DBAGS!C55,DBAGS!T55,DBAGS!C64,DBAGS!T64,DBAGS!C73,DBAGS!T73,DBAGS!C83,DBAGS!T83) -> 3 | G6: =sum(DBAGS!D7,DBAGS!U7,DBAGS!D15,DBAGS!U15,DBAGS!D23,DBAGS!U23,DBAGS!D31,DBAGS!U31,DBAGS!D39,DBAGS!U39,DBAGS!D47,DBAGS!U47,DBAGS!D55,DBAGS!U55,DBAGS!D64,DBAGS!U64,DBAGS!D73,DBAGS!U73,DBAGS!D83,DBAGS!U83) -> 1776 | H6: =sum(DBAGS!E7,DBAGS!V7,DBAGS!E15,DBAGS!V15,DBAGS!E23,DBAGS!V23,DBAGS!E31,DBAGS!V31,DBAGS!E39,DBAGS!V39,DBAGS!E47,DBAGS!V47,DBAGS!E55,DBAGS!V55,DBAGS!E64,DBAGS!V64,DBAGS!E73,DBAGS!V73,DBAGS!E83,DBAGS!V83) -> 12 | I6: =sum(DBAGS!F7,DBAGS!W7,DBAGS!F15,DBAGS!W15,DBAGS!F23,DBAGS!W23,DBAGS!F31,DBAGS!W31,DBAGS!F39,DBAGS!W39,DBAGS!F47,DBAGS!W47,DBAGS!F55,DBAGS!W55,DBAGS!F64,DBAGS!W64,DBAGS!F73,DBAGS!W73,DBAGS!F83,DBAGS!W83) -> 1962 | J6: =sum(DBAGS!G7,DBAGS!X7,DBAGS!G15,DBAGS!X15,DBAGS!G23,DBAGS!X23,DBAGS!G31,DBAGS!X31,DBAGS!G39,DBAGS!X39,DBAGS!G47,DBAGS!X47,DBAGS!G55,DBAGS!X55,DBAGS!G64,DBAGS!X64,DBAGS!G73,DBAGS!X73,DBAGS!G83,DBAGS!X83) -> 0.30752315 | K6: =sum(DBAGS!H7,DBAGS!Y7,DBAGS!H15,DBAGS!Y15,DBAGS!H23,DBAGS!Y23,DBAGS!H31,DBAGS!Y31,DBAGS!H39,DBAGS!Y39,DBAGS!H47,DBAGS!Y47,DBAGS!H55,DBAGS!Y55,DBAGS!H64,DBAGS!Y64,DBAGS!H73,DBAGS!Y73,DBAGS!H83,DBAGS!Y83) -> -186 | L6: =K6/(HOUR(J6)*60+(MINUTE(J6)+((SECOND(J6)/60)))) -> -0.42002258 | M6: =sum(DBAGS!J7,DBAGS!AA7,DBAGS!J15,DBAGS!AA15,DBAGS!J23,DBAGS!AA23,DBAGS!J31,DBAGS!AA31,DBAGS!J39,DBAGS!AA39,DBAGS!J47,DBAGS!AA47,DBAGS!J55,DBAGS!AA55,DBAGS!J64,DBAGS!AA64,DBAGS!J73,DBAGS!AA73,DBAGS!J83,DBAGS!AA83) -> 54 | N6: =sum(DBAGS!K7,DBAGS!AB7,DBAGS!K15,DBAGS!AB15,DBAGS!K23,DBAGS!AB23,DBAGS!K31,DBAGS!AB31,DBAGS!K39,DBAGS!AB39,DBAGS!K47,DBAGS!AB47,DBAGS!K55,DBAGS!AB55,DBAGS!K64,DBAGS!AB64,DBAGS!K73,DBAGS!AB73,DBAGS!K83,DBAGS!AB83) -> 285 | O6: =sum(DBAGS!L7,DBAGS!AC7,DBAGS!L15,DBAGS!AC15,DBAGS!L23,DBAGS!AC23,DBAGS!L31,DBAGS!AC31,DBAGS!L39,DBAGS!AC39,DBAGS!L47,DBAGS!AC47,DBAGS!L55,DBAGS!AC55,DBAGS!L64,DBAGS!AC64,DBAGS!L73,DBAGS!AC73,DBAGS!L83,DBAGS!AC83) -> 62 | P6: =sum(DBAGS!M7,DBAGS!AD7,DBAGS!M15,DBAGS!AD15,DBAGS!M23,DBAGS!AD23,DBAGS!M31,DBAGS!AD31,DBAGS!M39,DBAGS!AD39,DBAGS!M47,DBAGS!AD47,DBAGS!M55,DBAGS!AD55,DBAGS!M64,DBAGS!AD64,DBAGS!M73,DBAGS!AD73,DBAGS!M83,DBAGS!AD83) -> 17 | Q6: =sum(DBAGS!N7,DBAGS!AE7,DBAGS!N15,DBAGS!AE15,DBAGS!N23,DBAGS!AE23,DBAGS!N31,DBAGS!AE31,DBAGS!N39,DBAGS!AE39,DBAGS!N47,DBAGS!AE47,DBAGS!N55,DBAGS!AE55,DBAGS!N64,DBAGS!AE64,DBAGS!N73,DBAGS!AE73,DBAGS!N83,DBAGS!AE83) -> 26 | R6: =sum(DBAGS!O7,DBAGS!AF7,DBAGS!O15,DBAGS!AF15,DBAGS!O23,DBAGS!AF23,DBAGS!O31,DBAGS!AF31,DBAGS!O39,DBAGS!AF39,DBAGS!O47,DBAGS!AF47,DBAGS!O55,DBAGS!AF55,DBAGS!O64,DBAGS!AF64,DBAGS!O73,DBAGS!AF73,DBAGS!O83,DBAGS!AF83) -> 1 | S6: =sum(DBAGS!P7,DBAGS!AG7,DBAGS!P15,DBAGS!AG15,DBAGS!P23,DBAGS!AG23,DBAGS!P31,DBAGS!AG31,DBAGS!P39,DBAGS!AG39,DBAGS!P47,DBAGS!AG47,DBAGS!P55,DBAGS!AG55,DBAGS!P64,DBAGS!AG64,DBAGS!P73,DBAGS!AG73,DBAGS!P83,DBAGS!AG83) -> 0 | T6: =J6/I6 -> 0.00015673963
B7: Zeg (Sub) | C7: =sum(D7:E7) -> 6 | D7: 1 | E7: 5 | F7: =sum(DBAGS!C56,DBAGS!T56,DBAGS!C65,DBAGS!T65) -> 1 | G7: =sum(DBAGS!D56,DBAGS!U56,DBAGS!D65,DBAGS!U65) -> 420 | H7: =sum(DBAGS!E56,DBAGS!V56,DBAGS!E65,DBAGS!V65) -> 0 | I7: =sum(DBAGS!F56,DBAGS!W56,DBAGS!F65,DBAGS!W65) -> 399 | J7: =sum(DBAGS!G56,DBAGS!X56,DBAGS!G65,DBAGS!X65) -> 0.068877315 | K7: =sum(DBAGS!H56,DBAGS!Y56,DBAGS!H65,DBAGS!Y65) -> 21 | L7: =K7/(HOUR(J7)*60+(MINUTE(J7)+((SECOND(J7)/60)))) -> 0.21172912 | M7: =sum(DBAGS!J56,DBAGS!AA56,DBAGS!J65,DBAGS!AA65) -> 11 | N7: =sum(DBAGS!K56,DBAGS!AB56,DBAGS!K65,DBAGS!AB65) -> 63 | O7: =sum(DBAGS!L56,DBAGS!AC56,DBAGS!L65,DBAGS!AC65) -> 7 | P7: =sum(DBAGS!M56,DBAGS!AD56,DBAGS!M65,DBAGS!AD65) -> 4 | Q7: =sum(DBAGS!N56,DBAGS!AE56,DBAGS!N65,DBAGS!AE65) -> 7 | R7: =sum(DBAGS!O56,DBAGS!AF56,DBAGS!O65,DBAGS!AF65) -> 0 | S7: =sum(DBAGS!P56,DBAGS!AG56,DBAGS!P65,DBAGS!AG65) -> 0 | T7: =J7/I7 -> 0.00017262485
B8: AJ (Sub) | C8: 2 | D8: 0 | E8: 2 | F8: =sum(DBAGS!C9,DBAGS!T9,DBAGS!C17,DBAGS!T17,DBAGS!C25,DBAGS!T25,DBAGS!C33,DBAGS!T33,DBAGS!C41,DBAGS!T41,DBAGS!C49,DBAGS!T49,DBAGS!C57,DBAGS!T57,DBAGS!C66,DBAGS!T66,DBAGS!C75,DBAGS!T75,DBAGS!C85,DBAGS!T85) -> 3 | G8: =sum(DBAGS!D9,DBAGS!U9,DBAGS!D17,DBAGS!U17,DBAGS!D25,DBAGS!U25,DBAGS!D33,DBAGS!U33,DBAGS!D41,DBAGS!U41,DBAGS!D49,DBAGS!U49,DBAGS!D57,DBAGS!U57,DBAGS!D66,DBAGS!U66,DBAGS!D75,DBAGS!U75,DBAGS!D85,DBAGS!U85) -> 157 | H8: =sum(DBAGS!E9,DBAGS!V9,DBAGS!E17,DBAGS!V17,DBAGS!E25,DBAGS!V25,DBAGS!E33,DBAGS!V33,DBAGS!E41,DBAGS!V41,DBAGS!E49,DBAGS!V49,DBAGS!E57,DBAGS!V57,DBAGS!E66,DBAGS!V66,DBAGS!E75,DBAGS!V75,DBAGS!E85,DBAGS!V85) -> 1 | I8: =sum(DBAGS!F9,DBAGS!W9,DBAGS!F17,DBAGS!W17,DBAGS!F25,DBAGS!W25,DBAGS!F33,DBAGS!W33,DBAGS!F41,DBAGS!W41,DBAGS!F49,DBAGS!W49,DBAGS!F57,DBAGS!W57,DBAGS!F66,DBAGS!W66,DBAGS!F75,DBAGS!W75,DBAGS!F85,DBAGS!W85) -> 161 | J8: =sum(DBAGS!G9,DBAGS!X9,DBAGS!G17,DBAGS!X17,DBAGS!G25,DBAGS!X25,DBAGS!G33,DBAGS!X33,DBAGS!G41,DBAGS!X41,DBAGS!G49,DBAGS!X49,DBAGS!G57,DBAGS!X57,DBAGS!G66,DBAGS!X66,DBAGS!G75,DBAGS!X75,DBAGS!G85,DBAGS!X85) -> 0.025439815 | K8: =sum(DBAGS!H9,DBAGS!Y9,DBAGS!H17,DBAGS!Y17,DBAGS!H25,DBAGS!Y25,DBAGS!H33,DBAGS!Y33,DBAGS!H41,DBAGS!Y41,DBAGS!H49,DBAGS!Y49,DBAGS!H57,DBAGS!Y57,DBAGS!H66,DBAGS!Y66,DBAGS!H75,DBAGS!Y75,DBAGS!H85,DBAGS!Y85) -> -4 | L8: =K8/(HOUR(J8)*60+(MINUTE(J8)+((SECOND(J8)/60)))) -> -0.10919017 | M8: =sum(DBAGS!J9,DBAGS!AA9,DBAGS!J17,DBAGS!AA17,DBAGS!J25,DBAGS!AA25,DBAGS!J33,DBAGS!AA33,DBAGS!J41,DBAGS!AA41,DBAGS!J49,DBAGS!AA49,DBAGS!J57,DBAGS!AA57,DBAGS!J66,DBAGS!AA66,DBAGS!J75,DBAGS!AA75,DBAGS!J85,DBAGS!AA85) -> 10 | N8: =sum(DBAGS!K9,DBAGS!AB9,DBAGS!K17,DBAGS!AB17,DBAGS!K25,DBAGS!AB25,DBAGS!K33,DBAGS!AB33,DBAGS!K41,DBAGS!AB41,DBAGS!K49,DBAGS!AB49,DBAGS!K57,DBAGS!AB57,DBAGS!K66,DBAGS!AB66,DBAGS!K75,DBAGS!AB75,DBAGS!K85,DBAGS!AB85) -> 22 | O8: =sum(DBAGS!L9,DBAGS!AC9,DBAGS!L17,DBAGS!AC17,DBAGS!L25,DBAGS!AC25,DBAGS!L33,DBAGS!AC33,DBAGS!L41,DBAGS!AC41,DBAGS!L49,DBAGS!AC49,DBAGS!L57,DBAGS!AC57,DBAGS!L66,DBAGS!AC66,DBAGS!L75,DBAGS!AC75,DBAGS!L85,DBAGS!AC85) -> 5 | P8: =sum(DBAGS!M9,DBAGS!AD9,DBAGS!M17,DBAGS!AD17,DBAGS!M25,DBAGS!AD25,DBAGS!M33,DBAGS!AD33,DBAGS!M41,DBAGS!AD41,DBAGS!M49,DBAGS!AD49,DBAGS!M57,DBAGS!AD57,DBAGS!M66,DBAGS!AD66,DBAGS!M75,DBAGS!AD75,DBAGS!M85,DBAGS!AD85) -> 2 | Q8: =sum(DBAGS!N9,DBAGS!AE9,DBAGS!N17,DBAGS!AE17,DBAGS!N25,DBAGS!AE25,DBAGS!N33,DBAGS!AE33,DBAGS!N41,DBAGS!AE41,DBAGS!N49,DBAGS!AE49,DBAGS!N57,DBAGS!AE57,DBAGS!N66,DBAGS!AE66,DBAGS!N75,DBAGS!AE75,DBAGS!N85,DBAGS!AE85) -> 3 | R8: =sum(DBAGS!O9,DBAGS!AF9,DBAGS!O17,DBAGS!AF17,DBAGS!O25,DBAGS!AF25,DBAGS!O33,DBAGS!AF33,DBAGS!O41,DBAGS!AF41,DBAGS!O49,DBAGS!AF49,DBAGS!O57,DBAGS!AF57,DBAGS!O66,DBAGS!AF66,DBAGS!O75,DBAGS!AF75,DBAGS!O85,DBAGS!AF85) -> 0 | S8: =sum(DBAGS!P9,DBAGS!AG9,DBAGS!P17,DBAGS!AG17,DBAGS!P25,DBAGS!AG25,DBAGS!P33,DBAGS!AG33,DBAGS!P41,DBAGS!AG41,DBAGS!P49,DBAGS!AG49,DBAGS!P57,DBAGS!AG57,DBAGS!P66,DBAGS!AG66,DBAGS!P75,DBAGS!AG75,DBAGS!P85,DBAGS!AG85) -> 0 | T8: =J8/I8 -> 0.00015801127
A10: Only in Dreams | B10: its bck | C10: =sum(D10:E10) -> 18 | D10: 12 | E10: 6 | F10: =sum(OID!C3,OID!T3,OID!C11,OID!T11,OID!C19,OID!T19,OID!C27,OID!T27,OID!C35,OID!T35,OID!C43,OID!T43,OID!C51,OID!T51,OID!C59,OID!T59,OID!C67,OID!T67,OID!C75,OID!T75) -> 56 | G10: =sum(OID!D3,OID!U3,OID!D11,OID!U11,OID!D19,OID!U19,OID!D27,OID!U27,OID!D35,OID!U35,OID!D43,OID!U43,OID!D51,OID!U51,OID!D59,OID!U59,OID!D67,OID!U67,OID!D75,OID!U75) -> 1144 | H10: =sum(OID!E3,OID!V3,OID!E11,OID!V11,OID!E19,OID!V19,OID!E27,OID!V27,OID!E35,OID!V35,OID!E43,OID!V43,OID!E51,OID!V51,OID!E59,OID!V59,OID!E67,OID!V67,OID!E75,OID!V75) -> 8 | I10: =sum(OID!F3,OID!W3,OID!F11,OID!W11,OID!F19,OID!W19,OID!F27,OID!W27,OID!F35,OID!W35,OID!F43,OID!W43,OID!F51,OID!W51,OID!F59,OID!W59,OID!F67,OID!W67,OID!F75,OID!W75) -> 1278 | J10: =sum(OID!G3,OID!X3,OID!G11,OID!X11,OID!G19,OID!X19,OID!G27,OID!X27,OID!G35,OID!X35,OID!G43,OID!X43,OID!G51,OID!X51,OID!G59,OID!X59,OID!G67,OID!X67,OID!G75,OID!X75) -> 0.39974537 | K10: =sum(OID!H3,OID!Y3,OID!H11,OID!Y11,OID!H19,OID!Y19,OID!H27,OID!Y27,OID!H35,OID!Y35,OID!H43,OID!Y43,OID!H51,OID!Y51,OID!H59,OID!Y59,OID!H67,OID!Y67,OID!H75,OID!Y75) -> -134 | L10: =K10/(HOUR(J10)*60+(MINUTE(J10)+((SECOND(J10)/60)))) -> -0.23278708 | M10: =sum(OID!J3,OID!AA3,OID!J11,OID!AA11,OID!J19,OID!AA19,OID!J27,OID!AA27,OID!J35,OID!AA35,OID!J43,OID!AA43,OID!J51,OID!AA51,OID!J59,OID!AA59,OID!J67,OID!AA67,OID!J75,OID!AA75) -> 80 | N10: =sum(OID!K3,OID!AB3,OID!K11,OID!AB11,OID!K19,OID!AB19,OID!K27,OID!AB27,OID!K35,OID!AB35,OID!K43,OID!AB43,OID!K51,OID!AB51,OID!K59,OID!AB59,OID!K67,OID!AB67,OID!K75,OID!AB75) -> 110 | O10: =sum(OID!L3,OID!AC3,OID!L11,OID!AC11,OID!L19,OID!AC19,OID!L27,OID!AC27,OID!L35,OID!AC35,OID!L43,OID!AC43,OID!L51,OID!AC51,OID!L59,OID!AC59,OID!L67,OID!AC67,OID!L75,OID!AC75) -> 18 | P10: =sum(OID!M3,OID!AD3,OID!M11,OID!AD11,OID!M19,OID!AD19,OID!M27,OID!AD27,OID!M35,OID!AD35,OID!M43,OID!AD43,OID!M51,OID!AD51,OID!M59,OID!AD59,OID!M67,OID!AD67,OID!M75,OID!AD75) -> 6 | Q10: =sum(OID!N3,OID!AE3,OID!N11,OID!AE11,OID!N19,OID!AE19,OID!N27,OID!AE27,OID!N35,OID!AE35,OID!N43,OID!AE43,OID!N51,OID!AE51,OID!N59,OID!AE59,OID!N67,OID!AE67,OID!N75,OID!AE75) -> 29 | R10: =sum(OID!O3,OID!AF3,OID!O11,OID!AF11,OID!O19,OID!AF19,OID!O27,OID!AF27,OID!O35,OID!AF35,OID!O43,OID!AF43,OID!O51,OID!AF51,OID!O59,OID!AF59,OID!O67,OID!AF67,OID!O75,OID!AF75) -> 0 | S10: =sum(OID!P3,OID!AG3,OID!P11,OID!AG11,OID!P19,OID!AG19,OID!P27,OID!AG27,OID!P35,OID!AG35,OID!P43,OID!AG43,OID!P51,OID!AG51,OID!P59,OID!AG59,OID!P67,OID!AG67,OID!P75,OID!AG75) -> 0 | T10: =J10/I10 -> 0.0003127898
A11: Only in Dreams | B11: Dhmon (From MM) | C11: =sum(D11:E11) -> 18 | D11: 12 | E11: 6 | F11: =sum(OID!C4,OID!T4,OID!C12,OID!T12,OID!C20,OID!T20,OID!C28,OID!T28,OID!C36,OID!T36,OID!C44,OID!T44,OID!C52,OID!T52,OID!C60,OID!T60,OID!C68,OID!T68,OID!C76,OID!T76) -> 13 | G11: =sum(OID!D4,OID!U4,OID!D12,OID!U12,OID!D20,OID!U20,OID!D28,OID!U28,OID!D36,OID!U36,OID!D44,OID!U44,OID!D52,OID!U52,OID!D60,OID!U60,OID!D68,OID!U68,OID!D76,OID!U76) -> 2333 | H11: =sum(OID!E4,OID!V4,OID!E12,OID!V12,OID!E20,OID!V20,OID!E28,OID!V28,OID!E36,OID!V36,OID!E44,OID!V44,OID!E52,OID!V52,OID!E60,OID!V60,OID!E68,OID!V68,OID!E76,OID!V76) -> 12 | I11: =sum(OID!F4,OID!W4,OID!F12,OID!W12,OID!F20,OID!W20,OID!F28,OID!W28,OID!F36,OID!W36,OID!F44,OID!W44,OID!F52,OID!W52,OID!F60,OID!W60,OID!F68,OID!W68,OID!F76,OID!W76) -> 2129 | J11: =sum(OID!G4,OID!X4,OID!G12,OID!X12,OID!G20,OID!X20,OID!G28,OID!X28,OID!G36,OID!X36,OID!G44,OID!X44,OID!G52,OID!X52,OID!G60,OID!X60,OID!G68,OID!X68,OID!G76,OID!X76) -> 0.39974537 | K11: =sum(OID!H4,OID!Y4,OID!H12,OID!Y12,OID!H20,OID!Y20,OID!H28,OID!Y28,OID!H36,OID!Y36,OID!H44,OID!Y44,OID!H52,OID!Y52,OID!H60,OID!Y60,OID!H68,OID!Y68,OID!H76,OID!Y76) -> 204 | L11: =K11/(HOUR(J11)*60+(MINUTE(J11)+((SECOND(J11)/60)))) -> 0.35439226 | M11: =sum(OID!J4,OID!AA4,OID!J12,OID!AA12,OID!J20,OID!AA20,OID!J28,OID!AA28,OID!J36,OID!AA36,OID!J44,OID!AA44,OID!J52,OID!AA52,OID!J60,OID!AA60,OID!J68,OID!AA68,OID!J76,OID!AA76) -> 70 | N11: =sum(OID!K4,OID!AB4,OID!K12,OID!AB12,OID!K20,OID!AB20,OID!K28,OID!AB28,OID!K36,OID!AB36,OID!K44,OID!AB44,OID!K52,OID!AB52,OID!K60,OID!AB60,OID!K68,OID!AB68,OID!K76,OID!AB76) -> 376 | O11: =sum(OID!L4,OID!AC4,OID!L12,OID!AC12,OID!L20,OID!AC20,OID!L28,OID!AC28,OID!L36,OID!AC36,OID!L44,OID!AC44,OID!L52,OID!AC52,OID!L60,OID!AC60,OID!L68,OID!AC68,OID!L76,OID!AC76) -> 79 | P11: =sum(OID!M4,OID!AD4,OID!M12,OID!AD12,OID!M20,OID!AD20,OID!M28,OID!AD28,OID!M36,OID!AD36,OID!M44,OID!AD44,OID!M52,OID!AD52,OID!M60,OID!AD60,OID!M68,OID!AD68,OID!M76,OID!AD76) -> 32 | Q11: =sum(OID!N4,OID!AE4,OID!N12,OID!AE12,OID!N20,OID!AE20,OID!N28,OID!AE28,OID!N36,OID!AE36,OID!N44,OID!AE44,OID!N52,OID!AE52,OID!N60,OID!AE60,OID!N68,OID!AE68,OID!N76,OID!AE76) -> 58 | R11: =sum(OID!O4,OID!AF4,OID!O12,OID!AF12,OID!O20,OID!AF20,OID!O28,OID!AF28,OID!O36,OID!AF36,OID!O44,OID!AF44,OID!O52,OID!AF52,OID!O60,OID!AF60,OID!O68,OID!AF68,OID!O76,OID!AF76) -> 2 | S11: =sum(OID!P4,OID!AG4,OID!P12,OID!AG12,OID!P20,OID!AG20,OID!P28,OID!AG28,OID!P36,OID!AG36,OID!P44,OID!AG44,OID!P52,OID!AG52,OID!P60,OID!AG60,OID!P68,OID!AG68,OID!P76,OID!AG76) -> 0 | T11: =J11/I11 -> 0.00018776203
A12: Only in Dreams | B12: GodSnipezX (From PIE) | C12: =sum(D12:E12) -> 18 | D12: 12 | E12: 6 | F12: =sum(OID!C5,OID!T5,OID!C13,OID!T13,OID!C21,OID!T21,OID!C29,OID!T29,OID!C37,OID!T37,OID!C45,OID!T45,OID!C53,OID!T53,OID!C61,OID!T61,OID!C69,OID!T69,OID!C77,OID!T77) -> 5 | G12: =sum(OID!D5,OID!U5,OID!D13,OID!U13,OID!D21,OID!U21,OID!D29,OID!U29,OID!D37,OID!U37,OID!D45,OID!U45,OID!D53,OID!U53,OID!D61,OID!U61,OID!D69,OID!U69,OID!D77,OID!U77) -> 2134 | H12: =sum(OID!E5,OID!V5,OID!E13,OID!V13,OID!E21,OID!V21,OID!E29,OID!V29,OID!E37,OID!V37,OID!E45,OID!V45,OID!E53,OID!V53,OID!E61,OID!V61,OID!E69,OID!V69,OID!E77,OID!V77) -> 12 | I12: =sum(OID!F5,OID!W5,OID!F13,OID!W13,OID!F21,OID!W21,OID!F29,OID!W29,OID!F37,OID!W37,OID!F45,OID!W45,OID!F53,OID!W53,OID!F61,OID!W61,OID!F69,OID!W69,OID!F77,OID!W77) -> 1919 | J12: =sum(OID!G5,OID!X5,OID!G13,OID!X13,OID!G21,OID!X21,OID!G29,OID!X29,OID!G37,OID!X37,OID!G45,OID!X45,OID!G53,OID!X53,OID!G61,OID!X61,OID!G69,OID!X69,OID!G77,OID!X77) -> 0.39974537 | K12: =sum(OID!H5,OID!Y5,OID!H13,OID!Y13,OID!H21,OID!Y21,OID!H29,OID!Y29,OID!H37,OID!Y37,OID!H45,OID!Y45,OID!H53,OID!Y53,OID!H61,OID!Y61,OID!H69,OID!Y69,OID!H77,OID!Y77) -> 215 | L12: =K12/(HOUR(J12)*60+(MINUTE(J12)+((SECOND(J12)/60)))) -> 0.37350165 | M12: =sum(OID!J5,OID!AA5,OID!J13,OID!AA13,OID!J21,OID!AA21,OID!J29,OID!AA29,OID!J37,OID!AA37,OID!J45,OID!AA45,OID!J53,OID!AA53,OID!J61,OID!AA61,OID!J69,OID!AA69,OID!J77,OID!AA77) -> 70 | N12: =sum(OID!K5,OID!AB5,OID!K13,OID!AB13,OID!K21,OID!AB21,OID!K29,OID!AB29,OID!K37,OID!AB37,OID!K45,OID!AB45,OID!K53,OID!AB53,OID!K61,OID!AB61,OID!K69,OID!AB69,OID!K77,OID!AB77) -> 324 | O12: =sum(OID!L5,OID!AC5,OID!L13,OID!AC13,OID!L21,OID!AC21,OID!L29,OID!AC29,OID!L37,OID!AC37,OID!L45,OID!AC45,OID!L53,OID!AC53,OID!L61,OID!AC61,OID!L69,OID!AC69,OID!L77,OID!AC77) -> 84 | P12: =sum(OID!M5,OID!AD5,OID!M13,OID!AD13,OID!M21,OID!AD21,OID!M29,OID!AD29,OID!M37,OID!AD37,OID!M45,OID!AD45,OID!M53,OID!AD53,OID!M61,OID!AD61,OID!M69,OID!AD69,OID!M77,OID!AD77) -> 27 | Q12: =sum(OID!N5,OID!AE5,OID!N13,OID!AE13,OID!N21,OID!AE21,OID!N29,OID!AE29,OID!N37,OID!AE37,OID!N45,OID!AE45,OID!N53,OID!AE53,OID!N61,OID!AE61,OID!N69,OID!AE69,OID!N77,OID!AE77) -> 66 | R12: =sum(OID!O5,OID!AF5,OID!O13,OID!AF13,OID!O21,OID!AF21,OID!O29,OID!AF29,OID!O37,OID!AF37,OID!O45,OID!AF45,OID!O53,OID!AF53,OID!O61,OID!AF61,OID!O69,OID!AF69,OID!O77,OID!AF77) -> 1 | S12: =sum(OID!P5,OID!AG5,OID!P13,OID!AG13,OID!P21,OID!AG21,OID!P29,OID!AG29,OID!P37,OID!AG37,OID!P45,OID!AG45,OID!P53,OID!AG53,OID!P61,OID!AG61,OID!P69,OID!AG69,OID!P77,OID!AG77) -> 0 | T12: =J12/I12 -> 0.00020830921
A13: Only in Dreams | B13: SaltyPeterBread | C13: =sum(D13:E13) -> 13 | D13: 9 | E13: 4 | F13: =sum(OID!C6,OID!T6,OID!C14,OID!T14,OID!C22,OID!T22,OID!C30,OID!T30,OID!C38,OID!T38,OID!C46,OID!T46,OID!C54,OID!T54,OID!C62,OID!T62,OID!C70,OID!T70,OID!C78,OID!T78) -> 2 | G13: =sum(OID!D6,OID!U6,OID!D14,OID!U14,OID!D22,OID!U22,OID!D30,OID!U30,OID!D38,OID!U38,OID!D46,OID!U46,OID!D54,OID!U54,OID!D62,OID!U62,OID!D70,OID!U70,OID!D78,OID!U78) -> 1333 | H13: =sum(OID!E6,OID!V6,OID!E14,OID!V14,OID!E22,OID!V22,OID!E30,OID!V30,OID!E38,OID!V38,OID!E46,OID!V46,OID!E54,OID!V54,OID!E62,OID!V62,OID!E70,OID!V70,OID!E78,OID!V78) -> 2 | I13: =sum(OID!F6,OID!W6,OID!F14,OID!W14,OID!F22,OID!W22,OID!F30,OID!W30,OID!F38,OID!W38,OID!F46,OID!W46,OID!F54,OID!W54,OID!F62,OID!W62,OID!F70,OID!W70,OID!F78,OID!W78) -> 1381 | J13: =sum(OID!G6,OID!X6,OID!G14,OID!X14,OID!G22,OID!X22,OID!G30,OID!X30,OID!G38,OID!X38,OID!G46,OID!X46,OID!G54,OID!X54,OID!G62,OID!X62,OID!G70,OID!X70,OID!G78,OID!X78) -> 0.24648148 | K13: =sum(OID!H6,OID!Y6,OID!H14,OID!Y14,OID!H22,OID!Y22,OID!H30,OID!Y30,OID!H38,OID!Y38,OID!H46,OID!Y46,OID!H54,OID!Y54,OID!H62,OID!Y62,OID!H70,OID!Y70,OID!H78,OID!Y78) -> -48 | L13: =K13/(HOUR(J13)*60+(MINUTE(J13)+((SECOND(J13)/60)))) -> -0.13523666 | M13: =sum(OID!J6,OID!AA6,OID!J14,OID!AA14,OID!J22,OID!AA22,OID!J30,OID!AA30,OID!J38,OID!AA38,OID!J46,OID!AA46,OID!J54,OID!AA54,OID!J62,OID!AA62,OID!J70,OID!AA70,OID!J78,OID!AA78) -> 25 | N13: =sum(OID!K6,OID!AB6,OID!K14,OID!AB14,OID!K22,OID!AB22,OID!K30,OID!AB30,OID!K38,OID!AB38,OID!K46,OID!AB46,OID!K54,OID!AB54,OID!K62,OID!AB62,OID!K70,OID!AB70,OID!K78,OID!AB78) -> 210 | O13: =sum(OID!L6,OID!AC6,OID!L14,OID!AC14,OID!L22,OID!AC22,OID!L30,OID!AC30,OID!L38,OID!AC38,OID!L46,OID!AC46,OID!L54,OID!AC54,OID!L62,OID!AC62,OID!L70,OID!AC70,OID!L78,OID!AC78) -> 42 | P13: =sum(OID!M6,OID!AD6,OID!M14,OID!AD14,OID!M22,OID!AD22,OID!M30,OID!AD30,OID!M38,OID!AD38,OID!M46,OID!AD46,OID!M54,OID!AD54,OID!M62,OID!AD62,OID!M70,OID!AD70,OID!M78,OID!AD78) -> 18 | Q13: =sum(OID!N6,OID!AE6,OID!N14,OID!AE14,OID!N22,OID!AE22,OID!N30,OID!AE30,OID!N38,OID!AE38,OID!N46,OID!AE46,OID!N54,OID!AE54,OID!N62,OID!AE62,OID!N70,OID!AE70,OID!N78,OID!AE78) -> 24 | R13: =sum(OID!O6,OID!AF6,OID!O14,OID!AF14,OID!O22,OID!AF22,OID!O30,OID!AF30,OID!O38,OID!AF38,OID!O46,OID!AF46,OID!O54,OID!AF54,OID!O62,OID!AF62,OID!O70,OID!AF70,OID!O78,OID!AF78) -> 1 | S13: =sum(OID!P6,OID!AG6,OID!P14,OID!AG14,OID!P22,OID!AG22,OID!P30,OID!AG30,OID!P38,OID!AG38,OID!P46,OID!AG46,OID!P54,OID!AG54,OID!P62,OID!AG62,OID!P70,OID!AG70,OID!P78,OID!AG78) -> 0 | T13: =J13/I13 -> 0.00017848044
A14: Only in Dreams | B14: cxrnchip | C14: =sum(D14:E14) -> 5 | D14: 3 | E14: 2 | F14: =sum(OID!C7,OID!T7,OID!C15,OID!T15,OID!C23,OID!T23,OID!C31,OID!T31,OID!C39,OID!T39,OID!C47,OID!T47,OID!C55,OID!T55,OID!C63,OID!T63,OID!C71,OID!T71,OID!C79,OID!T79) -> 5 | G14: =sum(OID!D7,OID!U7,OID!D15,OID!U15,OID!D23,OID!U23,OID!D31,OID!U31,OID!D39,OID!U39,OID!D47,OID!U47,OID!D55,OID!U55,OID!D63,OID!U63,OID!D71,OID!U71,OID!D79,OID!U79) -> 667 | H14: =sum(OID!E7,OID!V7,OID!E15,OID!V15,OID!E23,OID!V23,OID!E31,OID!V31,OID!E39,OID!V39,OID!E47,OID!V47,OID!E55,OID!V55,OID!E63,OID!V63,OID!E71,OID!V71,OID!E79,OID!V79) -> 2 | I14: =sum(OID!F7,OID!W7,OID!F15,OID!W15,OID!F23,OID!W23,OID!F31,OID!W31,OID!F39,OID!W39,OID!F47,OID!W47,OID!F55,OID!W55,OID!F63,OID!W63,OID!F71,OID!W71,OID!F79,OID!W79) -> 702 | J14: =sum(OID!G7,OID!X7,OID!G15,OID!X15,OID!G23,OID!X23,OID!G31,OID!X31,OID!G39,OID!X39,OID!G47,OID!X47,OID!G55,OID!X55,OID!G63,OID!X63,OID!G71,OID!X71,OID!G79,OID!X79) -> 0.15326389 | K14: =sum(OID!H7,OID!Y7,OID!H15,OID!Y15,OID!H23,OID!Y23,OID!H31,OID!Y31,OID!H39,OID!Y39,OID!H47,OID!Y47,OID!H55,OID!Y55,OID!H63,OID!Y63,OID!H71,OID!Y71,OID!H79,OID!Y79) -> -35 | L14: =K14/(HOUR(J14)*60+(MINUTE(J14)+((SECOND(J14)/60)))) -> -0.15858632 | M14: =sum(OID!J7,OID!AA7,OID!J15,OID!AA15,OID!J23,OID!AA23,OID!J31,OID!AA31,OID!J39,OID!AA39,OID!J47,OID!AA47,OID!J55,OID!AA55,OID!J63,OID!AA63,OID!J71,OID!AA71,OID!J79,OID!AA79) -> 24 | N14: =sum(OID!K7,OID!AB7,OID!K15,OID!AB15,OID!K23,OID!AB23,OID!K31,OID!AB31,OID!K39,OID!AB39,OID!K47,OID!AB47,OID!K55,OID!AB55,OID!K63,OID!AB63,OID!K71,OID!AB71,OID!K79,OID!AB79) -> 77 | O14: =sum(OID!L7,OID!AC7,OID!L15,OID!AC15,OID!L23,OID!AC23,OID!L31,OID!AC31,OID!L39,OID!AC39,OID!L47,OID!AC47,OID!L55,OID!AC55,OID!L63,OID!AC63,OID!L71,OID!AC71,OID!L79,OID!AC79) -> 23 | P14: =sum(OID!M7,OID!AD7,OID!M15,OID!AD15,OID!M23,OID!AD23,OID!M31,OID!AD31,OID!M39,OID!AD39,OID!M47,OID!AD47,OID!M55,OID!AD55,OID!M63,OID!AD63,OID!M71,OID!AD71,OID!M79,OID!AD79) -> 11 | Q14: =sum(OID!N7,OID!AE7,OID!N15,OID!AE15,OID!N23,OID!AE23,OID!N31,OID!AE31,OID!N39,OID!AE39,OID!N47,OID!AE47,OID!N55,OID!AE55,OID!N63,OID!AE63,OID!N71,OID!AE71,OID!N79,OID!AE79) -> 12 | R14: =sum(OID!O7,OID!AF7,OID!O15,OID!AF15,OID!O23,OID!AF23,OID!O31,OID!AF31,OID!O39,OID!AF39,OID!O47,OID!AF47,OID!O55,OID!AF55,OID!O63,OID!AF63,OID!O71,OID!AF71,OID!O79,OID!AF79) -> 0 | S14: =sum(OID!P7,OID!AG7,OID!P15,OID!AG15,OID!P23,OID!AG23,OID!P31,OID!AG31,OID!P39,OID!AG39,OID!P47,OID!AG47,OID!P55,OID!AG55,OID!P63,OID!AG63,OID!P71,OID!AG71,OID!P79,OID!AG79) -> 1 | T14: =J14/I14 -> 0.00021832463
A16: Bridge For Host | B16: Xerack Pls | C16: =sum(D16:E16) -> 18 | D16: 10 | E16: 8 | F16: =sum(BFH!C3,BFH!T3,BFH!C11,BFH!T11,BFH!C19,BFH!T19,BFH!C27,BFH!T27,BFH!C35,BFH!T35,BFH!C43,BFH!T43,BFH!C51,BFH!T51,BFH!C59,BFH!T59,BFH!C67,BFH!T67,BFH!C75,BFH!T75) -> 59 | G16: =sum(BFH!D3,BFH!U3,BFH!D11,BFH!U11,BFH!D19,BFH!U19,BFH!D27,BFH!U27,BFH!D35,BFH!U35,BFH!D43,BFH!U43,BFH!D51,BFH!U51,BFH!D59,BFH!U59,BFH!D67,BFH!U67,BFH!D75,BFH!U75) -> 1044 | H16: =sum(BFH!E3,BFH!V3,BFH!E11,BFH!V11,BFH!E19,BFH!V19,BFH!E27,BFH!V27,BFH!E35,BFH!V35,BFH!E43,BFH!V43,BFH!E51,BFH!V51,BFH!E59,BFH!V59,BFH!E67,BFH!V67,BFH!E75,BFH!V75) -> 9 | I16: =sum(BFH!F3,BFH!W3,BFH!F11,BFH!W11,BFH!F19,BFH!W19,BFH!F27,BFH!W27,BFH!F35,BFH!W35,BFH!F43,BFH!W43,BFH!F51,BFH!W51,BFH!F59,BFH!W59,BFH!F67,BFH!W67,BFH!F75,BFH!W75) -> 1028 | J16: =sum(BFH!G3,BFH!X3,BFH!G11,BFH!X11,BFH!G19,BFH!X19,BFH!G27,BFH!X27,BFH!G35,BFH!X35,BFH!G43,BFH!X43,BFH!G51,BFH!X51,BFH!G59,BFH!X59,BFH!G67,BFH!X67,BFH!G75,BFH!X75) -> 0.38283565 | K16: =sum(BFH!H3,BFH!Y3,BFH!H11,BFH!Y11,BFH!H19,BFH!Y19,BFH!H27,BFH!Y27,BFH!H35,BFH!Y35,BFH!H43,BFH!Y43,BFH!H51,BFH!Y51,BFH!H59,BFH!Y59,BFH!H67,BFH!Y67,BFH!H75,BFH!Y75) -> 16 | L16: =K16/(HOUR(J16)*60+(MINUTE(J16)+((SECOND(J16)/60)))) -> 0.029023188 | M16: =sum(BFH!J3,BFH!AA3,BFH!J11,BFH!AA11,BFH!J19,BFH!AA19,BFH!J27,BFH!AA27,BFH!J35,BFH!AA35,BFH!J43,BFH!AA43,BFH!J51,BFH!AA51,BFH!J59,BFH!AA59,BFH!J67,BFH!AA67,BFH!J75,BFH!AA75) -> 52 | N16: =sum(BFH!K3,BFH!AB3,BFH!K11,BFH!AB11,BFH!K19,BFH!AB19,BFH!K27,BFH!AB27,BFH!K35,BFH!AB35,BFH!K43,BFH!AB43,BFH!K51,BFH!AB51,BFH!K59,BFH!AB59,BFH!K67,BFH!AB67,BFH!K75,BFH!AB75) -> 103 | O16: =sum(BFH!L3,BFH!AC3,BFH!L11,BFH!AC11,BFH!L19,BFH!AC19,BFH!L27,BFH!AC27,BFH!L35,BFH!AC35,BFH!L43,BFH!AC43,BFH!L51,BFH!AC51,BFH!L59,BFH!AC59,BFH!L67,BFH!AC67,BFH!L75,BFH!AC75) -> 10 | P16: =sum(BFH!M3,BFH!AD3,BFH!M11,BFH!AD11,BFH!M19,BFH!AD19,BFH!M27,BFH!AD27,BFH!M35,BFH!AD35,BFH!M43,BFH!AD43,BFH!M51,BFH!AD51,BFH!M59,BFH!AD59,BFH!M67,BFH!AD67,BFH!M75,BFH!AD75) -> 4 | Q16: =sum(BFH!N3,BFH!AE3,BFH!N11,BFH!AE11,BFH!N19,BFH!AE19,BFH!N27,BFH!AE27,BFH!N35,BFH!AE35,BFH!N43,BFH!AE43,BFH!N51,BFH!AE51,BFH!N59,BFH!AE59,BFH!N67,BFH!AE67,BFH!N75,BFH!AE75) -> 23 | R16: =sum(BFH!O3,BFH!AF3,BFH!O11,BFH!AF11,BFH!O19,BFH!AF19,BFH!O27,BFH!AF27,BFH!O35,BFH!AF35,BFH!O43,BFH!AF43,BFH!O51,BFH!AF51,BFH!O59,BFH!AF59,BFH!O67,BFH!AF67,BFH!O75,BFH!AF75) -> 1 | S16: =sum(BFH!P3,BFH!AG3,BFH!P11,BFH!AG11,BFH!P19,BFH!AG19,BFH!P27,BFH!AG27,BFH!P35,BFH!AG35,BFH!P43,BFH!AG43,BFH!P51,BFH!AG51,BFH!P59,BFH!AG59,BFH!P67,BFH!AG67,BFH!P75,BFH!AG75) -> 1 | T16: =J16/I16 -> 0.00037240822
A17: Bridge For Host | B17: Ace B S1entND1 | C17: =sum(D17:E17) -> 18 | D17: 10 | E17: 8 | F17: =sum(BFH!C4,BFH!T4,BFH!C12,BFH!T12,BFH!C20,BFH!T20,BFH!C28,BFH!T28,BFH!C36,BFH!T36,BFH!C44,BFH!T44,BFH!C52,BFH!T52,BFH!C60,BFH!T60,BFH!C68,BFH!T68,BFH!C76,BFH!T76) -> 5 | G17: =sum(BFH!D4,BFH!U4,BFH!D12,BFH!U12,BFH!D20,BFH!U20,BFH!D28,BFH!U28,BFH!D36,BFH!U36,BFH!D44,BFH!U44,BFH!D52,BFH!U52,BFH!D60,BFH!U60,BFH!D68,BFH!U68,BFH!D76,BFH!U76) -> 2272 | H17: =sum(BFH!E4,BFH!V4,BFH!E12,BFH!V12,BFH!E20,BFH!V20,BFH!E28,BFH!V28,BFH!E36,BFH!V36,BFH!E44,BFH!V44,BFH!E52,BFH!V52,BFH!E60,BFH!V60,BFH!E68,BFH!V68,BFH!E76,BFH!V76) -> 6 | I17: =sum(BFH!F4,BFH!W4,BFH!F12,BFH!W12,BFH!F20,BFH!W20,BFH!F28,BFH!W28,BFH!F36,BFH!W36,BFH!F44,BFH!W44,BFH!F52,BFH!W52,BFH!F60,BFH!W60,BFH!F68,BFH!W68,BFH!F76,BFH!W76) -> 1980 | J17: =sum(BFH!G4,BFH!X4,BFH!G12,BFH!X12,BFH!G20,BFH!X20,BFH!G28,BFH!X28,BFH!G36,BFH!X36,BFH!G44,BFH!X44,BFH!G52,BFH!X52,BFH!G60,BFH!X60,BFH!G68,BFH!X68,BFH!G76,BFH!X76) -> 0.38283565 | K17: =sum(BFH!H4,BFH!Y4,BFH!H12,BFH!Y12,BFH!H20,BFH!Y20,BFH!H28,BFH!Y28,BFH!H36,BFH!Y36,BFH!H44,BFH!Y44,BFH!H52,BFH!Y52,BFH!H60,BFH!Y60,BFH!H68,BFH!Y68,BFH!H76,BFH!Y76) -> 292 | L17: =K17/(HOUR(J17)*60+(MINUTE(J17)+((SECOND(J17)/60)))) -> 0.52967319 | M17: =sum(BFH!J4,BFH!AA4,BFH!J12,BFH!AA12,BFH!J20,BFH!AA20,BFH!J28,BFH!AA28,BFH!J36,BFH!AA36,BFH!J44,BFH!AA44,BFH!J52,BFH!AA52,BFH!J60,BFH!AA60,BFH!J68,BFH!AA68,BFH!J76,BFH!AA76) -> 54 | N17: =sum(BFH!K4,BFH!AB4,BFH!K12,BFH!AB12,BFH!K20,BFH!AB20,BFH!K28,BFH!AB28,BFH!K36,BFH!AB36,BFH!K44,BFH!AB44,BFH!K52,BFH!AB52,BFH!K60,BFH!AB60,BFH!K68,BFH!AB68,BFH!K76,BFH!AB76) -> 357 | O17: =sum(BFH!L4,BFH!AC4,BFH!L12,BFH!AC12,BFH!L20,BFH!AC20,BFH!L28,BFH!AC28,BFH!L36,BFH!AC36,BFH!L44,BFH!AC44,BFH!L52,BFH!AC52,BFH!L60,BFH!AC60,BFH!L68,BFH!AC68,BFH!L76,BFH!AC76) -> 72 | P17: =sum(BFH!M4,BFH!AD4,BFH!M12,BFH!AD12,BFH!M20,BFH!AD20,BFH!M28,BFH!AD28,BFH!M36,BFH!AD36,BFH!M44,BFH!AD44,BFH!M52,BFH!AD52,BFH!M60,BFH!AD60,BFH!M68,BFH!AD68,BFH!M76,BFH!AD76) -> 65 | Q17: =sum(BFH!N4,BFH!AE4,BFH!N12,BFH!AE12,BFH!N20,BFH!AE20,BFH!N28,BFH!AE28,BFH!N36,BFH!AE36,BFH!N44,BFH!AE44,BFH!N52,BFH!AE52,BFH!N60,BFH!AE60,BFH!N68,BFH!AE68,BFH!N76,BFH!AE76) -> 61 | R17: =sum(BFH!O4,BFH!AF4,BFH!O12,BFH!AF12,BFH!O20,BFH!AF20,BFH!O28,BFH!AF28,BFH!O36,BFH!AF36,BFH!O44,BFH!AF44,BFH!O52,BFH!AF52,BFH!O60,BFH!AF60,BFH!O68,BFH!AF68,BFH!O76,BFH!AF76) -> 3 | S17: =sum(BFH!P4,BFH!AG4,BFH!P12,BFH!AG12,BFH!P20,BFH!AG20,BFH!P28,BFH!AG28,BFH!P36,BFH!AG36,BFH!P44,BFH!AG44,BFH!P52,BFH!AG52,BFH!P60,BFH!AG60,BFH!P68,BFH!AG68,BFH!P76,BFH!AG76) -> 0 | T17: =J17/I17 -> 0.00019335134
A18: Bridge For Host | B18: Rage More Nerd | C18: =sum(D18:E18) -> 18 | D18: 10 | E18: 8 | F18: =sum(BFH!C5,BFH!T5,BFH!C13,BFH!T13,BFH!C21,BFH!T21,BFH!C29,BFH!T29,BFH!C37,BFH!T37,BFH!C45,BFH!T45,BFH!C53,BFH!T53,BFH!C61,BFH!T61,BFH!C69,BFH!T69,BFH!C77,BFH!T77) -> 5 | G18: =sum(BFH!D5,BFH!U5,BFH!D13,BFH!U13,BFH!D21,BFH!U21,BFH!D29,BFH!U29,BFH!D37,BFH!U37,BFH!D45,BFH!U45,BFH!D53,BFH!U53,BFH!D61,BFH!U61,BFH!D69,BFH!U69,BFH!D77,BFH!U77) -> 1887 | H18: =sum(BFH!E5,BFH!V5,BFH!E13,BFH!V13,BFH!E21,BFH!V21,BFH!E29,BFH!V29,BFH!E37,BFH!V37,BFH!E45,BFH!V45,BFH!E53,BFH!V53,BFH!E61,BFH!V61,BFH!E69,BFH!V69,BFH!E77,BFH!V77) -> 12 | I18: =sum(BFH!F5,BFH!W5,BFH!F13,BFH!W13,BFH!F21,BFH!W21,BFH!F29,BFH!W29,BFH!F37,BFH!W37,BFH!F45,BFH!W45,BFH!F53,BFH!W53,BFH!F61,BFH!W61,BFH!F69,BFH!W69,BFH!F77,BFH!W77) -> 1906 | J18: =sum(BFH!G5,BFH!X5,BFH!G13,BFH!X13,BFH!G21,BFH!X21,BFH!G29,BFH!X29,BFH!G37,BFH!X37,BFH!G45,BFH!X45,BFH!G53,BFH!X53,BFH!G61,BFH!X61,BFH!G69,BFH!X69,BFH!G77,BFH!X77) -> 0.38283565 | K18: =sum(BFH!H5,BFH!Y5,BFH!H13,BFH!Y13,BFH!H21,BFH!Y21,BFH!H29,BFH!Y29,BFH!H37,BFH!Y37,BFH!H45,BFH!Y45,BFH!H53,BFH!Y53,BFH!H61,BFH!Y61,BFH!H69,BFH!Y69,BFH!H77,BFH!Y77) -> -19 | L18: =K18/(HOUR(J18)*60+(MINUTE(J18)+((SECOND(J18)/60)))) -> -0.034465036 | M18: =sum(BFH!J5,BFH!AA5,BFH!J13,BFH!AA13,BFH!J21,BFH!AA21,BFH!J29,BFH!AA29,BFH!J37,BFH!AA37,BFH!J45,BFH!AA45,BFH!J53,BFH!AA53,BFH!J61,BFH!AA61,BFH!J69,BFH!AA69,BFH!J77,BFH!AA77) -> 51 | N18: =sum(BFH!K5,BFH!AB5,BFH!K13,BFH!AB13,BFH!K21,BFH!AB21,BFH!K29,BFH!AB29,BFH!K37,BFH!AB37,BFH!K45,BFH!AB45,BFH!K53,BFH!AB53,BFH!K61,BFH!AB61,BFH!K69,BFH!AB69,BFH!K77,BFH!AB77) -> 285 | O18: =sum(BFH!L5,BFH!AC5,BFH!L13,BFH!AC13,BFH!L21,BFH!AC21,BFH!L29,BFH!AC29,BFH!L37,BFH!AC37,BFH!L45,BFH!AC45,BFH!L53,BFH!AC53,BFH!L61,BFH!AC61,BFH!L69,BFH!AC69,BFH!L77,BFH!AC77) -> 58 | P18: =sum(BFH!M5,BFH!AD5,BFH!M13,BFH!AD13,BFH!M21,BFH!AD21,BFH!M29,BFH!AD29,BFH!M37,BFH!AD37,BFH!M45,BFH!AD45,BFH!M53,BFH!AD53,BFH!M61,BFH!AD61,BFH!M69,BFH!AD69,BFH!M77,BFH!AD77) -> 21 | Q18: =sum(BFH!N5,BFH!AE5,BFH!N13,BFH!AE13,BFH!N21,BFH!AE21,BFH!N29,BFH!AE29,BFH!N37,BFH!AE37,BFH!N45,BFH!AE45,BFH!N53,BFH!AE53,BFH!N61,BFH!AE61,BFH!N69,BFH!AE69,BFH!N77,BFH!AE77) -> 48 | R18: =sum(BFH!O5,BFH!AF5,BFH!O13,BFH!AF13,BFH!O21,BFH!AF21,BFH!O29,BFH!AF29,BFH!O37,BFH!AF37,BFH!O45,BFH!AF45,BFH!O53,BFH!AF53,BFH!O61,BFH!AF61,BFH!O69,BFH!AF69,BFH!O77,BFH!AF77) -> 3 | S18: =sum(BFH!P5,BFH!AG5,BFH!P13,BFH!AG13,BFH!P21,BFH!AG21,BFH!P29,BFH!AG29,BFH!P37,BFH!AG37,BFH!P45,BFH!AG45,BFH!P53,BFH!AG53,BFH!P61,BFH!AG61,BFH!P69,BFH!AG69,BFH!P77,BFH!AG77) -> 0 | T18: =J18/I18 -> 0.00020085816
A19: Bridge For Host | B19: Tad Neptune | C19: =sum(D19:E19) -> 17 | D19: 10 | E19: 7 | F19: =sum(BFH!C6,BFH!T6,BFH!C14,BFH!T14,BFH!C22,BFH!T22,BFH!C30,BFH!T30,BFH!C38,BFH!T38,BFH!C46,BFH!T46,BFH!C54,BFH!T54,BFH!C62,BFH!T62,BFH!C70,BFH!T70,BFH!C78,BFH!T78) -> 5 | G19: =sum(BFH!D6,BFH!U6,BFH!D14,BFH!U14,BFH!D22,BFH!U22,BFH!D30,BFH!U30,BFH!D38,BFH!U38,BFH!D46,BFH!U46,BFH!D54,BFH!U54,BFH!D62,BFH!U62,BFH!D70,BFH!U70,BFH!D78,BFH!U78) -> 1637 | H19: =sum(BFH!E6,BFH!V6,BFH!E14,BFH!V14,BFH!E22,BFH!V22,BFH!E30,BFH!V30,BFH!E38,BFH!V38,BFH!E46,BFH!V46,BFH!E54,BFH!V54,BFH!E62,BFH!V62,BFH!E70,BFH!V70,BFH!E78,BFH!V78) -> 2 | I19: =sum(BFH!F6,BFH!W6,BFH!F14,BFH!W14,BFH!F22,BFH!W22,BFH!F30,BFH!W30,BFH!F38,BFH!W38,BFH!F46,BFH!W46,BFH!F54,BFH!W54,BFH!F62,BFH!W62,BFH!F70,BFH!W70,BFH!F78,BFH!W78) -> 1842 | J19: =sum(BFH!G6,BFH!X6,BFH!G14,BFH!X14,BFH!G22,BFH!X22,BFH!G30,BFH!X30,BFH!G38,BFH!X38,BFH!G46,BFH!X46,BFH!G54,BFH!X54,BFH!G62,BFH!X62,BFH!G70,BFH!X70,BFH!G78,BFH!X78) -> 0.34828704 | K19: =sum(BFH!H6,BFH!Y6,BFH!H14,BFH!Y14,BFH!H22,BFH!Y22,BFH!H30,BFH!Y30,BFH!H38,BFH!Y38,BFH!H46,BFH!Y46,BFH!H54,BFH!Y54,BFH!H62,BFH!Y62,BFH!H70,BFH!Y70,BFH!H78,BFH!Y78) -> -205 | L19: =K19/(HOUR(J19)*60+(MINUTE(J19)+((SECOND(J19)/60)))) -> -0.40874651 | M19: =sum(BFH!J6,BFH!AA6,BFH!J14,BFH!AA14,BFH!J22,BFH!AA22,BFH!J30,BFH!AA30,BFH!J38,BFH!AA38,BFH!J46,BFH!AA46,BFH!J54,BFH!AA54,BFH!J62,BFH!AA62,BFH!J70,BFH!AA70,BFH!J78,BFH!AA78) -> 47 | N19: =sum(BFH!K6,BFH!AB6,BFH!K14,BFH!AB14,BFH!K22,BFH!AB22,BFH!K30,BFH!AB30,BFH!K38,BFH!AB38,BFH!K46,BFH!AB46,BFH!K54,BFH!AB54,BFH!K62,BFH!AB62,BFH!K70,BFH!AB70,BFH!K78,BFH!AB78) -> 229 | O19: =sum(BFH!L6,BFH!AC6,BFH!L14,BFH!AC14,BFH!L22,BFH!AC22,BFH!L30,BFH!AC30,BFH!L38,BFH!AC38,BFH!L46,BFH!AC46,BFH!L54,BFH!AC54,BFH!L62,BFH!AC62,BFH!L70,BFH!AC70,BFH!L78,BFH!AC78) -> 48 | P19: =sum(BFH!M6,BFH!AD6,BFH!M14,BFH!AD14,BFH!M22,BFH!AD22,BFH!M30,BFH!AD30,BFH!M38,BFH!AD38,BFH!M46,BFH!AD46,BFH!M54,BFH!AD54,BFH!M62,BFH!AD62,BFH!M70,BFH!AD70,BFH!M78,BFH!AD78) -> 12 | Q19: =sum(BFH!N6,BFH!AE6,BFH!N14,BFH!AE14,BFH!N22,BFH!AE22,BFH!N30,BFH!AE30,BFH!N38,BFH!AE38,BFH!N46,BFH!AE46,BFH!N54,BFH!AE54,BFH!N62,BFH!AE62,BFH!N70,BFH!AE70,BFH!N78,BFH!AE78) -> 23 | R19: =sum(BFH!O6,BFH!AF6,BFH!O14,BFH!AF14,BFH!O22,BFH!AF22,BFH!O30,BFH!AF30,BFH!O38,BFH!AF38,BFH!O46,BFH!AF46,BFH!O54,BFH!AF54,BFH!O62,BFH!AF62,BFH!O70,BFH!AF70,BFH!O78,BFH!AF78) -> 1 | S19: =sum(BFH!P6,BFH!AG6,BFH!P14,BFH!AG14,BFH!P22,BFH!AG22,BFH!P30,BFH!AG30,BFH!P38,BFH!AG38,BFH!P46,BFH!AG46,BFH!P54,BFH!AG54,BFH!P62,BFH!AG62,BFH!P70,BFH!AG70,BFH!P78,BFH!AG78) -> 1 | T19: =J19/I19 -> 0.00018908091
A20: Bridge For Host | B20: Myst The Cold | C20: =sum(D20:E20) -> 1 | D20: 0 | E20: 1 | F20: =sum(BFH!C7,BFH!T7,BFH!C15,BFH!T15,BFH!C23,BFH!T23,BFH!C31,BFH!T31,BFH!C39,BFH!T39,BFH!C47,BFH!T47,BFH!C55,BFH!T55,BFH!C63,BFH!T63,BFH!C71,BFH!T71,BFH!C79,BFH!T79) -> 0 | G20: =sum(BFH!D7,BFH!U7,BFH!D15,BFH!U15,BFH!D23,BFH!U23,BFH!D31,BFH!U31,BFH!D39,BFH!U39,BFH!D47,BFH!U47,BFH!D55,BFH!U55,BFH!D63,BFH!U63,BFH!D71,BFH!U71,BFH!D79,BFH!U79) -> 110 | H20: =sum(BFH!E7,BFH!V7,BFH!E15,BFH!V15,BFH!E23,BFH!V23,BFH!E31,BFH!V31,BFH!E39,BFH!V39,BFH!E47,BFH!V47,BFH!E55,BFH!V55,BFH!E63,BFH!V63,BFH!E71,BFH!V71,BFH!E79,BFH!V79) -> 1 | I20: =sum(BFH!F7,BFH!W7,BFH!F15,BFH!W15,BFH!F23,BFH!W23,BFH!F31,BFH!W31,BFH!F39,BFH!W39,BFH!F47,BFH!W47,BFH!F55,BFH!W55,BFH!F63,BFH!W63,BFH!F71,BFH!W71,BFH!F79,BFH!W79) -> 150 | J20: =sum(BFH!G7,BFH!X7,BFH!G15,BFH!X15,BFH!G23,BFH!X23,BFH!G31,BFH!X31,BFH!G39,BFH!X39,BFH!G47,BFH!X47,BFH!G55,BFH!X55,BFH!G63,BFH!X63,BFH!G71,BFH!X71,BFH!G79,BFH!X79) -> 0.034548611 | K20: =sum(BFH!H7,BFH!Y7,BFH!H15,BFH!Y15,BFH!H23,BFH!Y23,BFH!H31,BFH!Y31,BFH!H39,BFH!Y39,BFH!H47,BFH!Y47,BFH!H55,BFH!Y55,BFH!H63,BFH!Y63,BFH!H71,BFH!Y71,BFH!H79,BFH!Y79) -> -40 | L20: =K20/(HOUR(J20)*60+(MINUTE(J20)+((SECOND(J20)/60)))) -> -0.8040201 | M20: =sum(BFH!J7,BFH!AA7,BFH!J15,BFH!AA15,BFH!J23,BFH!AA23,BFH!J31,BFH!AA31,BFH!J39,BFH!AA39,BFH!J47,BFH!AA47,BFH!J55,BFH!AA55,BFH!J63,BFH!AA63,BFH!J71,BFH!AA71,BFH!J79,BFH!AA79) -> 4 | N20: =sum(BFH!K7,BFH!AB7,BFH!K15,BFH!AB15,BFH!K23,BFH!AB23,BFH!K31,BFH!AB31,BFH!K39,BFH!AB39,BFH!K47,BFH!AB47,BFH!K55,BFH!AB55,BFH!K63,BFH!AB63,BFH!K71,BFH!AB71,BFH!K79,BFH!AB79) -> 9 | O20: =sum(BFH!L7,BFH!AC7,BFH!L15,BFH!AC15,BFH!L23,BFH!AC23,BFH!L31,BFH!AC31,BFH!L39,BFH!AC39,BFH!L47,BFH!AC47,BFH!L55,BFH!AC55,BFH!L63,BFH!AC63,BFH!L71,BFH!AC71,BFH!L79,BFH!AC79) -> 1 | P20: =sum(BFH!M7,BFH!AD7,BFH!M15,BFH!AD15,BFH!M23,BFH!AD23,BFH!M31,BFH!AD31,BFH!M39,BFH!AD39,BFH!M47,BFH!AD47,BFH!M55,BFH!AD55,BFH!M63,BFH!AD63,BFH!M71,BFH!AD71,BFH!M79,BFH!AD79) -> 0 | Q20: =sum(BFH!N7,BFH!AE7,BFH!N15,BFH!AE15,BFH!N23,BFH!AE23,BFH!N31,BFH!AE31,BFH!N39,BFH!AE39,BFH!N47,BFH!AE47,BFH!N55,BFH!AE55,BFH!N63,BFH!AE63,BFH!N71,BFH!AE71,BFH!N79,BFH!AE79) -> 3 | R20: =sum(BFH!O7,BFH!AF7,BFH!O15,BFH!AF15,BFH!O23,BFH!AF23,BFH!O31,BFH!AF31,BFH!O39,BFH!AF39,BFH!O47,BFH!AF47,BFH!O55,BFH!AF55,BFH!O63,BFH!AF63,BFH!O71,BFH!AF71,BFH!O79,BFH!AF79) -> 0 | S20: =sum(BFH!P7,BFH!AG7,BFH!P15,BFH!AG15,BFH!P23,BFH!AG23,BFH!P31,BFH!AG31,BFH!P39,BFH!AG39,BFH!P47,BFH!AG47,BFH!P55,BFH!AG55,BFH!P63,BFH!AG63,BFH!P71,BFH!AG71,BFH!P79,BFH!AG79) -> 0 | T20: =J20/I20 -> 0.00023032407
A22: Chaos of the Missing Pens | B22: DCleak | C22: =sum(D22:E22) -> 16 | D22: 3 | E22: 13 | F22: =sum(CMP!C3,CMP!T3,CMP!C11,CMP!T11,CMP!C19,CMP!T19,CMP!C27,CMP!T27,CMP!C35,CMP!T35,CMP!C43,CMP!T43,CMP!C51,CMP!T51,CMP!C59,CMP!T59,CMP!C68,CMP!T68,CMP!C76,CMP!T76) -> 13 | G22: =sum(CMP!D3,CMP!U3,CMP!D11,CMP!U11,CMP!D19,CMP!U19,CMP!D27,CMP!U27,CMP!D35,CMP!U35,CMP!D43,CMP!U43,CMP!D51,CMP!U51,CMP!D59,CMP!U59,CMP!D68,CMP!U68,CMP!D76,CMP!U76) -> 1089 | H22: =sum(CMP!E3,CMP!V3,CMP!E11,CMP!V11,CMP!E19,CMP!V19,CMP!E27,CMP!V27,CMP!E35,CMP!V35,CMP!E43,CMP!V43,CMP!E51,CMP!V51,CMP!E59,CMP!V59,CMP!E68,CMP!V68,CMP!E76,CMP!V76) -> 7 | I22: =sum(CMP!F3,CMP!W3,CMP!F11,CMP!W11,CMP!F19,CMP!W19,CMP!F27,CMP!W27,CMP!F35,CMP!W35,CMP!F43,CMP!W43,CMP!F51,CMP!W51,CMP!F59,CMP!W59,CMP!F68,CMP!W68,CMP!F76,CMP!W76) -> 1298 | J22: =sum(CMP!G3,CMP!X3,CMP!G11,CMP!X11,CMP!G19,CMP!X19,CMP!G27,CMP!X27,CMP!G35,CMP!X35,CMP!G43,CMP!X43,CMP!G51,CMP!X51,CMP!G59,CMP!X59,CMP!G68,CMP!X68,CMP!G76,CMP!X76) -> 0.2590162 | K22: =sum(CMP!H3,CMP!Y3,CMP!H11,CMP!Y11,CMP!H19,CMP!Y19,CMP!H27,CMP!Y27,CMP!H35,CMP!Y35,CMP!H43,CMP!Y43,CMP!H51,CMP!Y51,CMP!H59,CMP!Y59,CMP!H68,CMP!Y68,CMP!H76,CMP!Y76) -> -209 | L22: =K22/(HOUR(J22)*60+(MINUTE(J22)+((SECOND(J22)/60)))) -> -0.56034675 | M22: =sum(CMP!J3,CMP!AA3,CMP!J11,CMP!AA11,CMP!J19,CMP!AA19,CMP!J27,CMP!AA27,CMP!J35,CMP!AA35,CMP!J43,CMP!AA43,CMP!J51,CMP!AA51,CMP!J59,CMP!AA59,CMP!J68,CMP!AA68,CMP!J76,CMP!AA76) -> 74 | N22: =sum(CMP!K3,CMP!AB3,CMP!K11,CMP!AB11,CMP!K19,CMP!AB19,CMP!K27,CMP!AB27,CMP!K35,CMP!AB35,CMP!K43,CMP!AB43,CMP!K51,CMP!AB51,CMP!K59,CMP!AB59,CMP!K68,CMP!AB68,CMP!K76,CMP!AB76) -> 152 | O22: =sum(CMP!L3,CMP!AC3,CMP!L11,CMP!AC11,CMP!L19,CMP!AC19,CMP!L27,CMP!AC27,CMP!L35,CMP!AC35,CMP!L43,CMP!AC43,CMP!L51,CMP!AC51,CMP!L59,CMP!AC59,CMP!L68,CMP!AC68,CMP!L76,CMP!AC76) -> 23 | P22: =sum(CMP!M3,CMP!AD3,CMP!M11,CMP!AD11,CMP!M19,CMP!AD19,CMP!M27,CMP!AD27,CMP!M35,CMP!AD35,CMP!M43,CMP!AD43,CMP!M51,CMP!AD51,CMP!M59,CMP!AD59,CMP!M68,CMP!AD68,CMP!M76,CMP!AD76) -> 3 | Q22: =sum(CMP!N3,CMP!AE3,CMP!N11,CMP!AE11,CMP!N19,CMP!AE19,CMP!N27,CMP!AE27,CMP!N35,CMP!AE35,CMP!N43,CMP!AE43,CMP!N51,CMP!AE51,CMP!N59,CMP!AE59,CMP!N68,CMP!AE68,CMP!N76,CMP!AE76) -> 20 | R22: =sum(CMP!O3,CMP!AF3,CMP!O11,CMP!AF11,CMP!O19,CMP!AF19,CMP!O27,CMP!AF27,CMP!O35,CMP!AF35,CMP!O43,CMP!AF43,CMP!O51,CMP!AF51,CMP!O59,CMP!AF59,CMP!O68,CMP!AF68,CMP!O76,CMP!AF76) -> 0 | S22: =sum(CMP!P3,CMP!AG3,CMP!P11,CMP!AG11,CMP!P19,CMP!AG19,CMP!P27,CMP!AG27,CMP!P35,CMP!AG35,CMP!P43,CMP!AG43,CMP!P51,CMP!AG51,CMP!P59,CMP!AG59,CMP!P68,CMP!AG68,CMP!P76,CMP!AG76) -> 0 | T22: =J22/I22 -> 0.00019955023
A23: Chaos of the Missing Pens | B23: Invayda Zim | C23: =sum(D23:E23) -> 14 | D23: 3 | E23: 11 | F23: =sum(CMP!C4,CMP!T4,CMP!C12,CMP!T12,CMP!C20,CMP!T20,CMP!C28,CMP!T28,CMP!C36,CMP!T36,CMP!C44,CMP!T44,CMP!C52,CMP!T52,CMP!C60,CMP!T60,CMP!C69,CMP!T69,CMP!C77,CMP!T77) -> 15 | G23: =sum(CMP!D4,CMP!U4,CMP!D12,CMP!U12,CMP!D20,CMP!U20,CMP!D28,CMP!U28,CMP!D36,CMP!U36,CMP!D44,CMP!U44,CMP!D52,CMP!U52,CMP!D60,CMP!U60,CMP!D69,CMP!U69,CMP!D77,CMP!U77) -> 1125 | H23: =sum(CMP!E4,CMP!V4,CMP!E12,CMP!V12,CMP!E20,CMP!V20,CMP!E28,CMP!V28,CMP!E36,CMP!V36,CMP!E44,CMP!V44,CMP!E52,CMP!V52,CMP!E60,CMP!V60,CMP!E69,CMP!V69,CMP!E77,CMP!V77) -> 7 | I23: =sum(CMP!F4,CMP!W4,CMP!F12,CMP!W12,CMP!F20,CMP!W20,CMP!F28,CMP!W28,CMP!F36,CMP!W36,CMP!F44,CMP!W44,CMP!F52,CMP!W52,CMP!F60,CMP!W60,CMP!F69,CMP!W69,CMP!F77,CMP!W77) -> 1123 | J23: =sum(CMP!G4,CMP!X4,CMP!G12,CMP!X12,CMP!G20,CMP!X20,CMP!G28,CMP!X28,CMP!G36,CMP!X36,CMP!G44,CMP!X44,CMP!G52,CMP!X52,CMP!G60,CMP!X60,CMP!G69,CMP!X69,CMP!G77,CMP!X77) -> 0.23439815 | K23: =sum(CMP!H4,CMP!Y4,CMP!H12,CMP!Y12,CMP!H20,CMP!Y20,CMP!H28,CMP!Y28,CMP!H36,CMP!Y36,CMP!H44,CMP!Y44,CMP!H52,CMP!Y52,CMP!H60,CMP!Y60,CMP!H69,CMP!Y69,CMP!H77,CMP!Y77) -> 2 | L23: =K23/(HOUR(J23)*60+(MINUTE(J23)+((SECOND(J23)/60)))) -> 0.0059253407 | M23: =sum(CMP!J4,CMP!AA4,CMP!J12,CMP!AA12,CMP!J20,CMP!AA20,CMP!J28,CMP!AA28,CMP!J36,CMP!AA36,CMP!J44,CMP!AA44,CMP!J52,CMP!AA52,CMP!J60,CMP!AA60,CMP!J69,CMP!AA69,CMP!J77,CMP!AA77) -> 54 | N23: =sum(CMP!K4,CMP!AB4,CMP!K12,CMP!AB12,CMP!K20,CMP!AB20,CMP!K28,CMP!AB28,CMP!K36,CMP!AB36,CMP!K44,CMP!AB44,CMP!K52,CMP!AB52,CMP!K60,CMP!AB60,CMP!K69,CMP!AB69,CMP!K77,CMP!AB77) -> 176 | O23: =sum(CMP!L4,CMP!AC4,CMP!L12,CMP!AC12,CMP!L20,CMP!AC20,CMP!L28,CMP!AC28,CMP!L36,CMP!AC36,CMP!L44,CMP!AC44,CMP!L52,CMP!AC52,CMP!L60,CMP!AC60,CMP!L69,CMP!AC69,CMP!L77,CMP!AC77) -> 22 | P23: =sum(CMP!M4,CMP!AD4,CMP!M12,CMP!AD12,CMP!M20,CMP!AD20,CMP!M28,CMP!AD28,CMP!M36,CMP!AD36,CMP!M44,CMP!AD44,CMP!M52,CMP!AD52,CMP!M60,CMP!AD60,CMP!M69,CMP!AD69,CMP!M77,CMP!AD77) -> 6 | Q23: =sum(CMP!N4,CMP!AE4,CMP!N12,CMP!AE12,CMP!N20,CMP!AE20,CMP!N28,CMP!AE28,CMP!N36,CMP!AE36,CMP!N44,CMP!AE44,CMP!N52,CMP!AE52,CMP!N60,CMP!AE60,CMP!N69,CMP!AE69,CMP!N77,CMP!AE77) -> 23 | R23: =sum(CMP!O4,CMP!AF4,CMP!O12,CMP!AF12,CMP!O20,CMP!AF20,CMP!O28,CMP!AF28,CMP!O36,CMP!AF36,CMP!O44,CMP!AF44,CMP!O52,CMP!AF52,CMP!O60,CMP!AF60,CMP!O69,CMP!AF69,CMP!O77,CMP!AF77) -> 0 | S23: =sum(CMP!P4,CMP!AG4,CMP!P12,CMP!AG12,CMP!P20,CMP!AG20,CMP!P28,CMP!AG28,CMP!P36,CMP!AG36,CMP!P44,CMP!AG44,CMP!P52,CMP!AG52,CMP!P60,CMP!AG60,CMP!P69,CMP!AG69,CMP!P77,CMP!AG77) -> 0 | T23: =J23/I23 -> 0.00020872498
A24: Chaos of the Missing Pens | B24: Grunt Padre | C24: =sum(D24:E24) -> 15 | D24: 3 | E24: 12 | F24: =sum(CMP!C5,CMP!T5,CMP!C13,CMP!T13,CMP!C21,CMP!T21,CMP!C29,CMP!T29,CMP!C37,CMP!T37,CMP!C45,CMP!T45,CMP!C53,CMP!T53,CMP!C61,CMP!T61,CMP!C70,CMP!T70,CMP!C78,CMP!T78) -> 3 | G24: =sum(CMP!D5,CMP!U5,CMP!D13,CMP!U13,CMP!D21,CMP!U21,CMP!D29,CMP!U29,CMP!D37,CMP!U37,CMP!D45,CMP!U45,CMP!D53,CMP!U53,CMP!D61,CMP!U61,CMP!D70,CMP!U70,CMP!D78,CMP!U78) -> 1166 | H24: =sum(CMP!E5,CMP!V5,CMP!E13,CMP!V13,CMP!E21,CMP!V21,CMP!E29,CMP!V29,CMP!E37,CMP!V37,CMP!E45,CMP!V45,CMP!E53,CMP!V53,CMP!E61,CMP!V61,CMP!E70,CMP!V70,CMP!E78,CMP!V78) -> 5 | I24: =sum(CMP!F5,CMP!W5,CMP!F13,CMP!W13,CMP!F21,CMP!W21,CMP!F29,CMP!W29,CMP!F37,CMP!W37,CMP!F45,CMP!W45,CMP!F53,CMP!W53,CMP!F61,CMP!W61,CMP!F70,CMP!W70,CMP!F78,CMP!W78) -> 1480 | J24: =sum(CMP!G5,CMP!X5,CMP!G13,CMP!X13,CMP!G21,CMP!X21,CMP!G29,CMP!X29,CMP!G37,CMP!X37,CMP!G45,CMP!X45,CMP!G53,CMP!X53,CMP!G61,CMP!X61,CMP!G70,CMP!X70,CMP!G78,CMP!X78) -> 0.24631944 | K24: =sum(CMP!H5,CMP!Y5,CMP!H13,CMP!Y13,CMP!H21,CMP!Y21,CMP!H29,CMP!Y29,CMP!H37,CMP!Y37,CMP!H45,CMP!Y45,CMP!H53,CMP!Y53,CMP!H61,CMP!Y61,CMP!H70,CMP!Y70,CMP!H78,CMP!Y78) -> -314 | L24: =K24/(HOUR(J24)*60+(MINUTE(J24)+((SECOND(J24)/60)))) -> -0.88525515 | M24: =sum(CMP!J5,CMP!AA5,CMP!J13,CMP!AA13,CMP!J21,CMP!AA21,CMP!J29,CMP!AA29,CMP!J37,CMP!AA37,CMP!J45,CMP!AA45,CMP!J53,CMP!AA53,CMP!J61,CMP!AA61,CMP!J70,CMP!AA70,CMP!J78,CMP!AA78) -> 35 | N24: =sum(CMP!K5,CMP!AB5,CMP!K13,CMP!AB13,CMP!K21,CMP!AB21,CMP!K29,CMP!AB29,CMP!K37,CMP!AB37,CMP!K45,CMP!AB45,CMP!K53,CMP!AB53,CMP!K61,CMP!AB61,CMP!K70,CMP!AB70,CMP!K78,CMP!AB78) -> 173 | O24: =sum(CMP!L5,CMP!AC5,CMP!L13,CMP!AC13,CMP!L21,CMP!AC21,CMP!L29,CMP!AC29,CMP!L37,CMP!AC37,CMP!L45,CMP!AC45,CMP!L53,CMP!AC53,CMP!L61,CMP!AC61,CMP!L70,CMP!AC70,CMP!L78,CMP!AC78) -> 50 | P24: =sum(CMP!M5,CMP!AD5,CMP!M13,CMP!AD13,CMP!M21,CMP!AD21,CMP!M29,CMP!AD29,CMP!M37,CMP!AD37,CMP!M45,CMP!AD45,CMP!M53,CMP!AD53,CMP!M61,CMP!AD61,CMP!M70,CMP!AD70,CMP!M78,CMP!AD78) -> 13 | Q24: =sum(CMP!N5,CMP!AE5,CMP!N13,CMP!AE13,CMP!N21,CMP!AE21,CMP!N29,CMP!AE29,CMP!N37,CMP!AE37,CMP!N45,CMP!AE45,CMP!N53,CMP!AE53,CMP!N61,CMP!AE61,CMP!N70,CMP!AE70,CMP!N78,CMP!AE78) -> 16 | R24: =sum(CMP!O5,CMP!AF5,CMP!O13,CMP!AF13,CMP!O21,CMP!AF21,CMP!O29,CMP!AF29,CMP!O37,CMP!AF37,CMP!O45,CMP!AF45,CMP!O53,CMP!AF53,CMP!O61,CMP!AF61,CMP!O70,CMP!AF70,CMP!O78,CMP!AF78) -> 1 | S24: =sum(CMP!P5,CMP!AG5,CMP!P13,CMP!AG13,CMP!P21,CMP!AG21,CMP!P29,CMP!AG29,CMP!P37,CMP!AG37,CMP!P45,CMP!AG45,CMP!P53,CMP!AG53,CMP!P61,CMP!AG61,CMP!P70,CMP!AG70,CMP!P78,CMP!AG78) -> 0 | T24: =J24/I24 -> 0.00016643206
A25: Chaos of the Missing Pens | B25: Nihilus | C25: =sum(D25:E25) -> 15 | D25: 3 | E25: 12 | F25: =sum(CMP!C6,CMP!T6,CMP!C14,CMP!T14,CMP!C22,CMP!T22,CMP!C30,CMP!T30,CMP!C38,CMP!T38,CMP!C46,CMP!T46,CMP!C54,CMP!T54,CMP!C62,CMP!T62,CMP!C71,CMP!T71,CMP!C79,CMP!T79) -> 2 | G25: =sum(CMP!D6,CMP!U6,CMP!D14,CMP!U14,CMP!D22,CMP!U22,CMP!D30,CMP!U30,CMP!D38,CMP!U38,CMP!D46,CMP!U46,CMP!D54,CMP!U54,CMP!D62,CMP!U62,CMP!D71,CMP!U71,CMP!D79,CMP!U79) -> 1117 | H25: =sum(CMP!E6,CMP!V6,CMP!E14,CMP!V14,CMP!E22,CMP!V22,CMP!E30,CMP!V30,CMP!E38,CMP!V38,CMP!E46,CMP!V46,CMP!E54,CMP!V54,CMP!E62,CMP!V62,CMP!E71,CMP!V71,CMP!E79,CMP!V79) -> 9 | I25: =sum(CMP!F6,CMP!W6,CMP!F14,CMP!W14,CMP!F22,CMP!W22,CMP!F30,CMP!W30,CMP!F38,CMP!W38,CMP!F46,CMP!W46,CMP!F54,CMP!W54,CMP!F62,CMP!W62,CMP!F71,CMP!W71,CMP!F79,CMP!W79) -> 1140 | J25: =sum(CMP!G6,CMP!X6,CMP!G14,CMP!X14,CMP!G22,CMP!X22,CMP!G30,CMP!X30,CMP!G38,CMP!X38,CMP!G46,CMP!X46,CMP!G54,CMP!X54,CMP!G62,CMP!X62,CMP!G71,CMP!X71,CMP!G79,CMP!X79) -> 0.24709491 | K25: =sum(CMP!H6,CMP!Y6,CMP!H14,CMP!Y14,CMP!H22,CMP!Y22,CMP!H30,CMP!Y30,CMP!H38,CMP!Y38,CMP!H46,CMP!Y46,CMP!H54,CMP!Y54,CMP!H62,CMP!Y62,CMP!H71,CMP!Y71,CMP!H79,CMP!Y79) -> -23 | L25: =K25/(HOUR(J25)*60+(MINUTE(J25)+((SECOND(J25)/60)))) -> -0.06464003 | M25: =sum(CMP!J6,CMP!AA6,CMP!J14,CMP!AA14,CMP!J22,CMP!AA22,CMP!J30,CMP!AA30,CMP!J38,CMP!AA38,CMP!J46,CMP!AA46,CMP!J54,CMP!AA54,CMP!J62,CMP!AA62,CMP!J71,CMP!AA71,CMP!J79,CMP!AA79) -> 34 | N25: =sum(CMP!K6,CMP!AB6,CMP!K14,CMP!AB14,CMP!K22,CMP!AB22,CMP!K30,CMP!AB30,CMP!K38,CMP!AB38,CMP!K46,CMP!AB46,CMP!K54,CMP!AB54,CMP!K62,CMP!AB62,CMP!K71,CMP!AB71,CMP!K79,CMP!AB79) -> 147 | O25: =sum(CMP!L6,CMP!AC6,CMP!L14,CMP!AC14,CMP!L22,CMP!AC22,CMP!L30,CMP!AC30,CMP!L38,CMP!AC38,CMP!L46,CMP!AC46,CMP!L54,CMP!AC54,CMP!L62,CMP!AC62,CMP!L71,CMP!AC71,CMP!L79,CMP!AC79) -> 22 | P25: =sum(CMP!M6,CMP!AD6,CMP!M14,CMP!AD14,CMP!M22,CMP!AD22,CMP!M30,CMP!AD30,CMP!M38,CMP!AD38,CMP!M46,CMP!AD46,CMP!M54,CMP!AD54,CMP!M62,CMP!AD62,CMP!M71,CMP!AD71,CMP!M79,CMP!AD79) -> 5 | Q25: =sum(CMP!N6,CMP!AE6,CMP!N14,CMP!AE14,CMP!N22,CMP!AE22,CMP!N30,CMP!AE30,CMP!N38,CMP!AE38,CMP!N46,CMP!AE46,CMP!N54,CMP!AE54,CMP!N62,CMP!AE62,CMP!N71,CMP!AE71,CMP!N79,CMP!AE79) -> 25 | R25: =sum(CMP!O6,CMP!AF6,CMP!O14,CMP!AF14,CMP!O22,CMP!AF22,CMP!O30,CMP!AF30,CMP!O38,CMP!AF38,CMP!O46,CMP!AF46,CMP!O54,CMP!AF54,CMP!O62,CMP!AF62,CMP!O71,CMP!AF71,CMP!O79,CMP!AF79) -> 1 | S25: =sum(CMP!P6,CMP!AG6,CMP!P14,CMP!AG14,CMP!P22,CMP!AG22,CMP!P30,CMP!AG30,CMP!P38,CMP!AG38,CMP!P46,CMP!AG46,CMP!P54,CMP!AG54,CMP!P62,CMP!AG62,CMP!P71,CMP!AG71,CMP!P79,CMP!AG79) -> 0 | T25: =J25/I25 -> 0.00021674992
A26: Chaos of the Missing Pens | B26: Beam1n1 | C26: =sum(D26:E26) -> 2 | D26: 0 | E26: 2 | F26: =sum(CMP!C7,CMP!T7,CMP!C15,CMP!T15,CMP!C23,CMP!T23,CMP!C31,CMP!T31,CMP!C39,CMP!T39,CMP!C47,CMP!T47,CMP!C55,CMP!T55,CMP!C63,CMP!T63,CMP!C72,CMP!T72,CMP!C80,CMP!T80) -> 0 | G26: =sum(CMP!D7,CMP!U7,CMP!D15,CMP!U15,CMP!D23,CMP!U23,CMP!D31,CMP!U31,CMP!D39,CMP!U39,CMP!D47,CMP!U47,CMP!D55,CMP!U55,CMP!D63,CMP!U63,CMP!D72,CMP!U72,CMP!D80,CMP!U80) -> 101 | H26: =sum(CMP!E7,CMP!V7,CMP!E15,CMP!V15,CMP!E23,CMP!V23,CMP!E31,CMP!V31,CMP!E39,CMP!V39,CMP!E47,CMP!V47,CMP!E55,CMP!V55,CMP!E63,CMP!V63,CMP!E72,CMP!V72,CMP!E80,CMP!V80) -> 0 | I26: =sum(CMP!F7,CMP!W7,CMP!F15,CMP!W15,CMP!F23,CMP!W23,CMP!F31,CMP!W31,CMP!F39,CMP!W39,CMP!F47,CMP!W47,CMP!F55,CMP!W55,CMP!F63,CMP!W63,CMP!F72,CMP!W72,CMP!F80,CMP!W80) -> 142 | J26: =sum(CMP!G7,CMP!X7,CMP!G15,CMP!X15,CMP!G23,CMP!X23,CMP!G31,CMP!X31,CMP!G39,CMP!X39,CMP!G47,CMP!X47,CMP!G55,CMP!X55,CMP!G63,CMP!X63,CMP!G72,CMP!X72,CMP!G80,CMP!X80) -> 0.024618056 | K26: =sum(CMP!H7,CMP!Y7,CMP!H15,CMP!Y15,CMP!H23,CMP!Y23,CMP!H31,CMP!Y31,CMP!H39,CMP!Y39,CMP!H47,CMP!Y47,CMP!H55,CMP!Y55,CMP!H63,CMP!Y63,CMP!H72,CMP!Y72,CMP!H80,CMP!Y80) -> -41 | L26: =K26/(HOUR(J26)*60+(MINUTE(J26)+((SECOND(J26)/60)))) -> -1.1565585 | M26: =sum(CMP!J7,CMP!AA7,CMP!J15,CMP!AA15,CMP!J23,CMP!AA23,CMP!J31,CMP!AA31,CMP!J39,CMP!AA39,CMP!J47,CMP!AA47,CMP!J55,CMP!AA55,CMP!J63,CMP!AA63,CMP!J72,CMP!AA72,CMP!J80,CMP!AA80) -> 2 | N26: =sum(CMP!K7,CMP!AB7,CMP!K15,CMP!AB15,CMP!K23,CMP!AB23,CMP!K31,CMP!AB31,CMP!K39,CMP!AB39,CMP!K47,CMP!AB47,CMP!K55,CMP!AB55,CMP!K63,CMP!AB63,CMP!K72,CMP!AB72,CMP!K80,CMP!AB80) -> 11 | O26: =sum(CMP!L7,CMP!AC7,CMP!L15,CMP!AC15,CMP!L23,CMP!AC23,CMP!L31,CMP!AC31,CMP!L39,CMP!AC39,CMP!L47,CMP!AC47,CMP!L55,CMP!AC55,CMP!L63,CMP!AC63,CMP!L72,CMP!AC72,CMP!L80,CMP!AC80) -> 3 | P26: =sum(CMP!M7,CMP!AD7,CMP!M15,CMP!AD15,CMP!M23,CMP!AD23,CMP!M31,CMP!AD31,CMP!M39,CMP!AD39,CMP!M47,CMP!AD47,CMP!M55,CMP!AD55,CMP!M63,CMP!AD63,CMP!M72,CMP!AD72,CMP!M80,CMP!AD80) -> 0 | Q26: =sum(CMP!N7,CMP!AE7,CMP!N15,CMP!AE15,CMP!N23,CMP!AE23,CMP!N31,CMP!AE31,CMP!N39,CMP!AE39,CMP!N47,CMP!AE47,CMP!N55,CMP!AE55,CMP!N63,CMP!AE63,CMP!N72,CMP!AE72,CMP!N80,CMP!AE80) -> 0 | R26: =sum(CMP!O7,CMP!AF7,CMP!O15,CMP!AF15,CMP!O23,CMP!AF23,CMP!O31,CMP!AF31,CMP!O39,CMP!AF39,CMP!O47,CMP!AF47,CMP!O55,CMP!AF55,CMP!O63,CMP!AF63,CMP!O72,CMP!AF72,CMP!O80,CMP!AF80) -> 0 | S26: =sum(CMP!P7,CMP!AG7,CMP!P15,CMP!AG15,CMP!P23,CMP!AG23,CMP!P31,CMP!AG31,CMP!P39,CMP!AG39,CMP!P47,CMP!AG47,CMP!P55,CMP!AG55,CMP!P63,CMP!AG63,CMP!P72,CMP!AG72,CMP!P80,CMP!AG80) -> 0 | T26: =J26/I26 -> 0.00017336659
B27: AJ (Sub) | C27: =sum(D27:E27) -> 2 | D27: 0 | E27: 2 | F27: =sum(CMP!C64,CMP!T64) -> 0 | G27: =sum(CMP!D64,CMP!U64) -> 123 | H27: =sum(CMP!E64,CMP!V64) -> 0 | I27: =sum(CMP!F64,CMP!W64) -> 134 | J27: =sum(CMP!G64,CMP!X64) -> 0.024618056 | K27: =sum(CMP!H64,CMP!Y64) -> -11 | L27: =K27/(HOUR(J27)*60+(MINUTE(J27)+((SECOND(J27)/60)))) -> -0.31029619 | M27: =sum(CMP!J64,CMP!AA64) -> 1 | N27: =sum(CMP!K64,CMP!AB64) -> 18 | O27: =sum(CMP!L64,CMP!AC64) -> 3 | P27: =sum(CMP!M64,CMP!AD64) -> 1 | Q27: =sum(CMP!N64,CMP!AE64) -> 4 | R27: =sum(CMP!O64,CMP!AF64) -> 0 | S27: =sum(CMP!P64,CMP!AG64) -> 0 | T27: =J27/I27 -> 0.00018371683
A29: Limitless | B29: irobot9000 | C29: =sum(D29:E29) -> 18 | D29: 14 | E29: 4 | F29: =sum(LMT!C3,LMT!T3,LMT!C11,LMT!T11,LMT!C19,LMT!T19,LMT!C27,LMT!T27,LMT!C35,LMT!T35,LMT!C43,LMT!T43,LMT!C51,LMT!T51,LMT!C59,LMT!T59,LMT!C67,LMT!T67,LMT!C75,LMT!T75) -> 58 | G29: =sum(LMT!D3,LMT!U3,LMT!D11,LMT!U11,LMT!D19,LMT!U19,LMT!D27,LMT!U27,LMT!D35,LMT!U35,LMT!D43,LMT!U43,LMT!D51,LMT!U51,LMT!D59,LMT!U59,LMT!D67,LMT!U67,LMT!D75,LMT!U75) -> 909 | H29: =sum(LMT!E3,LMT!V3,LMT!E11,LMT!V11,LMT!E19,LMT!V19,LMT!E27,LMT!V27,LMT!E35,LMT!V35,LMT!E43,LMT!V43,LMT!E51,LMT!V51,LMT!E59,LMT!V59,LMT!E67,LMT!V67,LMT!E75,LMT!V75) -> 10 | I29: =sum(LMT!F3,LMT!W3,LMT!F11,LMT!W11,LMT!F19,LMT!W19,LMT!F27,LMT!W27,LMT!F35,LMT!W35,LMT!F43,LMT!W43,LMT!F51,LMT!W51,LMT!F59,LMT!W59,LMT!F67,LMT!W67,LMT!F75,LMT!W75) -> 1249 | J29: =sum(LMT!G3,LMT!X3,LMT!G11,LMT!X11,LMT!G19,LMT!X19,LMT!G27,LMT!X27,LMT!G35,LMT!X35,LMT!G43,LMT!X43,LMT!G51,LMT!X51,LMT!G59,LMT!X59,LMT!G67,LMT!X67,LMT!G75,LMT!X75) -> 0.34819444 | K29: =sum(LMT!H3,LMT!Y3,LMT!H11,LMT!Y11,LMT!H19,LMT!Y19,LMT!H27,LMT!Y27,LMT!H35,LMT!Y35,LMT!H43,LMT!Y43,LMT!H51,LMT!Y51,LMT!H59,LMT!Y59,LMT!H67,LMT!Y67,LMT!H75,LMT!Y75) -> -340 | L29: =K29/(HOUR(J29)*60+(MINUTE(J29)+((SECOND(J29)/60)))) -> -0.67810132 | M29: =sum(LMT!J3,LMT!AA3,LMT!J11,LMT!AA11,LMT!J19,LMT!AA19,LMT!J27,LMT!AA27,LMT!J35,LMT!AA35,LMT!J43,LMT!AA43,LMT!J51,LMT!AA51,LMT!J59,LMT!AA59,LMT!J67,LMT!AA67,LMT!J75,LMT!AA75) -> 62 | N29: =sum(LMT!K3,LMT!AB3,LMT!K11,LMT!AB11,LMT!K19,LMT!AB19,LMT!K27,LMT!AB27,LMT!K35,LMT!AB35,LMT!K43,LMT!AB43,LMT!K51,LMT!AB51,LMT!K59,LMT!AB59,LMT!K67,LMT!AB67,LMT!K75,LMT!AB75) -> 96 | O29: =sum(LMT!L3,LMT!AC3,LMT!L11,LMT!AC11,LMT!L19,LMT!AC19,LMT!L27,LMT!AC27,LMT!L35,LMT!AC35,LMT!L43,LMT!AC43,LMT!L51,LMT!AC51,LMT!L59,LMT!AC59,LMT!L67,LMT!AC67,LMT!L75,LMT!AC75) -> 16 | P29: =sum(LMT!M3,LMT!AD3,LMT!M11,LMT!AD11,LMT!M19,LMT!AD19,LMT!M27,LMT!AD27,LMT!M35,LMT!AD35,LMT!M43,LMT!AD43,LMT!M51,LMT!AD51,LMT!M59,LMT!AD59,LMT!M67,LMT!AD67,LMT!M75,LMT!AD75) -> 2 | Q29: =sum(LMT!N3,LMT!AE3,LMT!N11,LMT!AE11,LMT!N19,LMT!AE19,LMT!N27,LMT!AE27,LMT!N35,LMT!AE35,LMT!N43,LMT!AE43,LMT!N51,LMT!AE51,LMT!N59,LMT!AE59,LMT!N67,LMT!AE67,LMT!N75,LMT!AE75) -> 5 | R29: =sum(LMT!O3,LMT!AF3,LMT!O11,LMT!AF11,LMT!O19,LMT!AF19,LMT!O27,LMT!AF27,LMT!O35,LMT!AF35,LMT!O43,LMT!AF43,LMT!O51,LMT!AF51,LMT!O59,LMT!AF59,LMT!O67,LMT!AF67,LMT!O75,LMT!AF75) -> 1 | S29: =sum(LMT!P3,LMT!AG3,LMT!P11,LMT!AG11,LMT!P19,LMT!AG19,LMT!P27,LMT!AG27,LMT!P35,LMT!AG35,LMT!P43,LMT!AG43,LMT!P51,LMT!AG51,LMT!P59,LMT!AG59,LMT!P67,LMT!AG67,LMT!P75,LMT!AG75) -> 0 | T29: =J29/I29 -> 0.00027877858
A30: Limitless | B30: Sabasauros Rex | C30: =sum(D30:E30) -> 18 | D30: 14 | E30: 4 | F30: =sum(LMT!C4,LMT!T4,LMT!C12,LMT!T12,LMT!C20,LMT!T20,LMT!C28,LMT!T28,LMT!C36,LMT!T36,LMT!C44,LMT!T44,LMT!C52,LMT!T52,LMT!C60,LMT!T60,LMT!C68,LMT!T68,LMT!C76,LMT!T76) -> 14 | G30: =sum(LMT!D4,LMT!U4,LMT!D12,LMT!U12,LMT!D20,LMT!U20,LMT!D28,LMT!U28,LMT!D36,LMT!U36,LMT!D44,LMT!U44,LMT!D52,LMT!U52,LMT!D60,LMT!U60,LMT!D68,LMT!U68,LMT!D76,LMT!U76) -> 2081 | H30: =sum(LMT!E4,LMT!V4,LMT!E12,LMT!V12,LMT!E20,LMT!V20,LMT!E28,LMT!V28,LMT!E36,LMT!V36,LMT!E44,LMT!V44,LMT!E52,LMT!V52,LMT!E60,LMT!V60,LMT!E68,LMT!V68,LMT!E76,LMT!V76) -> 15 | I30: =sum(LMT!F4,LMT!W4,LMT!F12,LMT!W12,LMT!F20,LMT!W20,LMT!F28,LMT!W28,LMT!F36,LMT!W36,LMT!F44,LMT!W44,LMT!F52,LMT!W52,LMT!F60,LMT!W60,LMT!F68,LMT!W68,LMT!F76,LMT!W76) -> 1819 | J30: =sum(LMT!G4,LMT!X4,LMT!G12,LMT!X12,LMT!G20,LMT!X20,LMT!G28,LMT!X28,LMT!G36,LMT!X36,LMT!G44,LMT!X44,LMT!G52,LMT!X52,LMT!G60,LMT!X60,LMT!G68,LMT!X68,LMT!G76,LMT!X76) -> 0.34819444 | K30: =sum(LMT!H4,LMT!Y4,LMT!H12,LMT!Y12,LMT!H20,LMT!Y20,LMT!H28,LMT!Y28,LMT!H36,LMT!Y36,LMT!H44,LMT!Y44,LMT!H52,LMT!Y52,LMT!H60,LMT!Y60,LMT!H68,LMT!Y68,LMT!H76,LMT!Y76) -> 262 | L30: =K30/(HOUR(J30)*60+(MINUTE(J30)+((SECOND(J30)/60)))) -> 0.5225369 | M30: =sum(LMT!J4,LMT!AA4,LMT!J12,LMT!AA12,LMT!J20,LMT!AA20,LMT!J28,LMT!AA28,LMT!J36,LMT!AA38,LMT!J44,LMT!AA44,LMT!J52,LMT!AA52,LMT!J60,LMT!AA60,LMT!J68,LMT!AA68,LMT!J76,LMT!AA76) -> 94 | N30: =sum(LMT!K4,LMT!AB4,LMT!K12,LMT!AB12,LMT!K20,LMT!AB20,LMT!K28,LMT!AB28,LMT!K36,LMT!AB38,LMT!K44,LMT!AB44,LMT!K52,LMT!AB52,LMT!K60,LMT!AB60,LMT!K68,LMT!AB68,LMT!K76,LMT!AB76) -> 353 | O30: =sum(LMT!L4,LMT!AC4,LMT!L12,LMT!AC12,LMT!L20,LMT!AC20,LMT!L28,LMT!AC28,LMT!L36,LMT!AC38,LMT!L44,LMT!AC44,LMT!L52,LMT!AC52,LMT!L60,LMT!AC60,LMT!L68,LMT!AC68,LMT!L76,LMT!AC76) -> 78 | P30: =sum(LMT!M4,LMT!AD4,LMT!M12,LMT!AD12,LMT!M20,LMT!AD20,LMT!M28,LMT!AD28,LMT!M36,LMT!AD38,LMT!M44,LMT!AD44,LMT!M52,LMT!AD52,LMT!M60,LMT!AD60,LMT!M68,LMT!AD68,LMT!M76,LMT!AD76) -> 19 | Q30: =sum(LMT!N4,LMT!AE4,LMT!N12,LMT!AE12,LMT!N20,LMT!AE20,LMT!N28,LMT!AE28,LMT!N36,LMT!AE38,LMT!N44,LMT!AE44,LMT!N52,LMT!AE52,LMT!N60,LMT!AE60,LMT!N68,LMT!AE68,LMT!N76,LMT!AE76) -> 53 | R30: =sum(LMT!O4,LMT!AF4,LMT!O12,LMT!AF12,LMT!O20,LMT!AF20,LMT!O28,LMT!AF28,LMT!O36,LMT!AF36,LMT!O44,LMT!AF44,LMT!O52,LMT!AF52,LMT!O60,LMT!AF60,LMT!O68,LMT!AF68,LMT!O76,LMT!AF76) -> 2 | S30: =sum(LMT!P4,LMT!AG4,LMT!P12,LMT!AG12,LMT!P20,LMT!AG20,LMT!P28,LMT!AG28,LMT!P36,LMT!AG36,LMT!P44,LMT!AG44,LMT!P52,LMT!AG52,LMT!P60,LMT!AG60,LMT!P68,LMT!AG68,LMT!P76,LMT!AG76) -> 0 | T30: =J30/I30 -> 0.00019142081
A31: Limitless | B31: ManCanonPls | C31: =sum(D31:E31) -> 18 | D31: 14 | E31: 4 | F31: =sum(LMT!C5,LMT!T5,LMT!C13,LMT!T13,LMT!C21,LMT!T21,LMT!C29,LMT!T29,LMT!C37,LMT!T37,LMT!C45,LMT!T45,LMT!C53,LMT!T53,LMT!C61,LMT!T61,LMT!C69,LMT!T69,LMT!C77,LMT!T77) -> 5 | G31: =sum(LMT!D5,LMT!U5,LMT!D13,LMT!U13,LMT!D21,LMT!U21,LMT!D29,LMT!U29,LMT!D37,LMT!U37,LMT!D45,LMT!U45,LMT!D53,LMT!U53,LMT!D61,LMT!U61,LMT!D69,LMT!U69,LMT!D77,LMT!U77) -> 1579 | H31: =sum(LMT!E5,LMT!V5,LMT!E13,LMT!V13,LMT!E21,LMT!V21,LMT!E29,LMT!V29,LMT!E37,LMT!V37,LMT!E45,LMT!V45,LMT!E53,LMT!V53,LMT!E61,LMT!V61,LMT!E69,LMT!V69,LMT!E77,LMT!V77) -> 2 | I31: =sum(LMT!F5,LMT!W5,LMT!F13,LMT!W13,LMT!F21,LMT!W21,LMT!F29,LMT!W29,LMT!F37,LMT!W37,LMT!F45,LMT!W45,LMT!F53,LMT!W53,LMT!F61,LMT!W61,LMT!F69,LMT!W69,LMT!F77,LMT!W77) -> 1597 | J31: =sum(LMT!G5,LMT!X5,LMT!G13,LMT!X13,LMT!G21,LMT!X21,LMT!G29,LMT!X29,LMT!G37,LMT!X37,LMT!G45,LMT!X45,LMT!G53,LMT!X53,LMT!G61,LMT!X61,LMT!G69,LMT!X69,LMT!G77,LMT!X77) -> 0.34819444 | K31: =sum(LMT!H5,LMT!Y5,LMT!H13,LMT!Y13,LMT!H21,LMT!Y21,LMT!H29,LMT!Y29,LMT!H37,LMT!Y37,LMT!H45,LMT!Y45,LMT!H53,LMT!Y53,LMT!H61,LMT!Y61,LMT!H69,LMT!Y69,LMT!H77,LMT!Y77) -> -18 | L31: =K31/(HOUR(J31)*60+(MINUTE(J31)+((SECOND(J31)/60)))) -> -0.035899481 | M31: =sum(LMT!J5,LMT!AA5,LMT!J13,LMT!AA13,LMT!J21,LMT!AA21,LMT!J29,LMT!AA29,LMT!J37,LMT!AA37,LMT!J45,LMT!AA45,LMT!J53,LMT!AA53,LMT!J61,LMT!AA61,LMT!J69,LMT!AA69,LMT!J77,LMT!AA77) -> 74 | N31: =sum(LMT!K5,LMT!AB5,LMT!K13,LMT!AB13,LMT!K21,LMT!AB21,LMT!K29,LMT!AB29,LMT!K37,LMT!AB37,LMT!K45,LMT!AB45,LMT!K53,LMT!AB53,LMT!K61,LMT!AB61,LMT!K69,LMT!AB69,LMT!K77,LMT!AB77) -> 215 | O31: =sum(LMT!L5,LMT!AC5,LMT!L13,LMT!AC13,LMT!L21,LMT!AC21,LMT!L29,LMT!AC29,LMT!L37,LMT!AC37,LMT!L45,LMT!AC45,LMT!L53,LMT!AC53,LMT!L61,LMT!AC61,LMT!L69,LMT!AC69,LMT!L77,LMT!AC77) -> 30 | P31: =sum(LMT!M5,LMT!AD5,LMT!M13,LMT!AD13,LMT!M21,LMT!AD21,LMT!M29,LMT!AD29,LMT!M37,LMT!AD37,LMT!M45,LMT!AD45,LMT!M53,LMT!AD53,LMT!M61,LMT!AD61,LMT!M69,LMT!AD69,LMT!M77,LMT!AD77) -> 10 | Q31: =sum(LMT!N5,LMT!AE5,LMT!N13,LMT!AE13,LMT!N21,LMT!AE21,LMT!N29,LMT!AE29,LMT!N37,LMT!AE37,LMT!N45,LMT!AE45,LMT!N53,LMT!AE53,LMT!N61,LMT!AE61,LMT!N69,LMT!AE69,LMT!N77,LMT!AE77) -> 35 | R31: =sum(LMT!O5,LMT!AF5,LMT!O13,LMT!AF13,LMT!O21,LMT!AF21,LMT!O29,LMT!AF29,LMT!O37,LMT!AF37,LMT!O45,LMT!AF45,LMT!O53,LMT!AF53,LMT!O61,LMT!AF61,LMT!O69,LMT!AF69,LMT!O77,LMT!AF77) -> 2 | S31: =sum(LMT!P5,LMT!AG5,LMT!P13,LMT!AG13,LMT!P21,LMT!AG21,LMT!P29,LMT!AG29,LMT!P37,LMT!AG37,LMT!P45,LMT!AG45,LMT!P53,LMT!AG53,LMT!P61,LMT!AG61,LMT!P69,LMT!AG69,LMT!P77,LMT!AG77) -> 0 | T31: =J31/I31 -> 0.00021803033
A32: Limitless | B32: Gilded Grams | C32: =sum(D32:E32) -> 18 | D32: 14 | E32: 4 | F32: =sum(LMT!C6,LMT!T6,LMT!C14,LMT!T14,LMT!C22,LMT!T22,LMT!C30,LMT!T30,LMT!C38,LMT!T38,LMT!C46,LMT!T46,LMT!C54,LMT!T54,LMT!C62,LMT!T62,LMT!C70,LMT!T70,LMT!C78,LMT!T78) -> 10 | G32: =sum(LMT!D6,LMT!U6,LMT!D14,LMT!U14,LMT!D22,LMT!U22,LMT!D30,LMT!U30,LMT!D38,LMT!U38,LMT!D46,LMT!U46,LMT!D54,LMT!U54,LMT!D62,LMT!U62,LMT!D70,LMT!U70,LMT!D78,LMT!U78) -> 1703 | H32: =sum(LMT!E6,LMT!V6,LMT!E14,LMT!V14,LMT!E22,LMT!V22,LMT!E30,LMT!V30,LMT!E38,LMT!V38,LMT!E46,LMT!V46,LMT!E54,LMT!V54,LMT!E62,LMT!V62,LMT!E70,LMT!V70,LMT!E78,LMT!V78) -> 16 | I32: =sum(LMT!F6,LMT!W6,LMT!F14,LMT!W14,LMT!F22,LMT!W22,LMT!F30,LMT!W30,LMT!F38,LMT!W38,LMT!F46,LMT!W46,LMT!F54,LMT!W54,LMT!F62,LMT!W62,LMT!F70,LMT!W70,LMT!F78,LMT!W78) -> 1855 | J32: =sum(LMT!G6,LMT!X6,LMT!G14,LMT!X14,LMT!G22,LMT!X22,LMT!G30,LMT!X30,LMT!G38,LMT!X38,LMT!G46,LMT!X46,LMT!G54,LMT!X54,LMT!G62,LMT!X62,LMT!G70,LMT!X70,LMT!G78,LMT!X78) -> 0.34819444 | K32: =sum(LMT!H6,LMT!Y6,LMT!H14,LMT!Y14,LMT!H22,LMT!Y22,LMT!H30,LMT!Y30,LMT!H38,LMT!Y38,LMT!H46,LMT!Y46,LMT!H54,LMT!Y54,LMT!H62,LMT!Y62,LMT!H70,LMT!Y70,LMT!H78,LMT!Y78) -> -152 | L32: =K32/(HOUR(J32)*60+(MINUTE(J32)+((SECOND(J32)/60)))) -> -0.30315118 | M32: =sum(LMT!J6,LMT!AA6,LMT!J14,LMT!AA14,LMT!J22,LMT!AA22,LMT!J30,LMT!AA30,LMT!J38,LMT!AA38,LMT!J46,LMT!AA46,LMT!J54,LMT!AA54,LMT!J62,LMT!AA62,LMT!J70,LMT!AA70,LMT!J78,LMT!AA78) -> 57 | N32: =sum(LMT!K6,LMT!AB6,LMT!K14,LMT!AB14,LMT!K22,LMT!AB22,LMT!K30,LMT!AB30,LMT!K38,LMT!AB38,LMT!K46,LMT!AB46,LMT!K54,LMT!AB54,LMT!K62,LMT!AB62,LMT!K70,LMT!AB70,LMT!K78,LMT!AB78) -> 226 | O32: =sum(LMT!L6,LMT!AC6,LMT!L14,LMT!AC14,LMT!L22,LMT!AC22,LMT!L30,LMT!AC30,LMT!L38,LMT!AC38,LMT!L46,LMT!AC46,LMT!L54,LMT!AC54,LMT!L62,LMT!AC62,LMT!L70,LMT!AC70,LMT!L78,LMT!AC78) -> 33 | P32: =sum(LMT!M6,LMT!AD6,LMT!M14,LMT!AD14,LMT!M22,LMT!AD22,LMT!M30,LMT!AD30,LMT!M38,LMT!AD38,LMT!M46,LMT!AD46,LMT!M54,LMT!AD54,LMT!M62,LMT!AD62,LMT!M70,LMT!AD70,LMT!M78,LMT!AD78) -> 8 | Q32: =sum(LMT!N6,LMT!AE6,LMT!N14,LMT!AE14,LMT!N22,LMT!AE22,LMT!N30,LMT!AE30,LMT!N38,LMT!AE38,LMT!N46,LMT!AE46,LMT!N54,LMT!AE54,LMT!N62,LMT!AE62,LMT!N70,LMT!AE70,LMT!N78,LMT!AE78) -> 29 | R32: =sum(LMT!O6,LMT!AF6,LMT!O14,LMT!AF14,LMT!O22,LMT!AF22,LMT!O30,LMT!AF30,LMT!O38,LMT!AF38,LMT!O46,LMT!AF46,LMT!O54,LMT!AF54,LMT!O62,LMT!AF62,LMT!O70,LMT!AF70,LMT!O78,LMT!AF78) -> 0 | S32: =sum(LMT!P6,LMT!AG6,LMT!P14,LMT!AG14,LMT!P22,LMT!AG22,LMT!P30,LMT!AG30,LMT!P38,LMT!AG38,LMT!P46,LMT!AG46,LMT!P54,LMT!AG54,LMT!P62,LMT!AG62,LMT!P70,LMT!AG70,LMT!P78,LMT!AG78) -> 0 | T32: =J32/I32 -> 0.0001877059
A33: Limitless | B33: Perturbingly | C33: =sum(D33:E33) -> 0 | D33: 0 | E33: 0 | F33: =sum(LMT!C7,LMT!T7,LMT!C15,LMT!T15,LMT!C23,LMT!T23,LMT!C31,LMT!T31,LMT!C39,LMT!T39,LMT!C47,LMT!T47,LMT!C55,LMT!T55,LMT!C63,LMT!T63,LMT!C71,LMT!T71,LMT!C79,LMT!T79) -> 0 | G33: =sum(LMT!D7,LMT!U7,LMT!D15,LMT!U15,LMT!D23,LMT!U23,LMT!D31,LMT!U31,LMT!D39,LMT!U39,LMT!D47,LMT!U47,LMT!D55,LMT!U55,LMT!D63,LMT!U63,LMT!D71,LMT!U71,LMT!D79,LMT!U79) -> 0 | H33: =sum(LMT!E7,LMT!V7,LMT!E15,LMT!V15,LMT!E23,LMT!V23,LMT!E31,LMT!V31,LMT!E39,LMT!V39,LMT!E47,LMT!V47,LMT!E55,LMT!V55,LMT!E63,LMT!V63,LMT!E71,LMT!V71,LMT!E79,LMT!V79) -> 0 | I33: =sum(LMT!F7,LMT!W7,LMT!F15,LMT!W15,LMT!F23,LMT!W23,LMT!F31,LMT!W31,LMT!F39,LMT!W39,LMT!F47,LMT!W47,LMT!F55,LMT!W55,LMT!F63,LMT!W63,LMT!F71,LMT!W71,LMT!F79,LMT!W79) -> 0 | J33: =sum(LMT!G7,LMT!X7,LMT!G15,LMT!X15,LMT!G23,LMT!X23,LMT!G31,LMT!X31,LMT!G39,LMT!X39,LMT!G47,LMT!X47,LMT!G55,LMT!X55,LMT!G63,LMT!X63,LMT!G71,LMT!X71,LMT!G79,LMT!X79) -> 0 | K33: =sum(LMT!H7,LMT!Y7,LMT!H15,LMT!Y15,LMT!H23,LMT!Y23,LMT!H31,LMT!Y31,LMT!H39,LMT!Y39,LMT!H47,LMT!Y47,LMT!H55,LMT!Y55,LMT!H63,LMT!Y63,LMT!H71,LMT!Y71,LMT!H79,LMT!Y79) -> 0 | L33: =K33/(HOUR(J33)*60+(MINUTE(J33)+((SECOND(J33)/60)))) -> #DIV/0! | M33: =sum(LMT!J7,LMT!AA7,LMT!J15,LMT!AA15,LMT!J23,LMT!AA23,LMT!J31,LMT!AA31,LMT!J39,LMT!AA39,LMT!J47,LMT!AA47,LMT!J55,LMT!AA55,LMT!J63,LMT!AA63,LMT!J71,LMT!AA71,LMT!J79,LMT!AA79) -> 0 | N33: =sum(LMT!K7,LMT!AB7,LMT!K15,LMT!AB15,LMT!K23,LMT!AB23,LMT!K31,LMT!AB31,LMT!K39,LMT!AB39,LMT!K47,LMT!AB47,LMT!K55,LMT!AB55,LMT!K63,LMT!AB63,LMT!K71,LMT!AB71,LMT!K79,LMT!AB79) -> 0 | O33: =sum(LMT!L7,LMT!AC7,LMT!L15,LMT!AC15,LMT!L23,LMT!AC23,LMT!L31,LMT!AC31,LMT!L39,LMT!AC39,LMT!L47,LMT!AC47,LMT!L55,LMT!AC55,LMT!L63,LMT!AC63,LMT!L71,LMT!AC71,LMT!L79,LMT!AC79) -> 0 | P33: =sum(LMT!M7,LMT!AD7,LMT!M15,LMT!AD15,LMT!M23,LMT!AD23,LMT!M31,LMT!AD31,LMT!M39,LMT!AD39,LMT!M47,LMT!AD47,LMT!M55,LMT!AD55,LMT!M63,LMT!AD63,LMT!M71,LMT!AD71,LMT!M79,LMT!AD79) -> 0 | Q33: =sum(LMT!N7,LMT!AE7,LMT!N15,LMT!AE15,LMT!N23,LMT!AE23,LMT!N31,LMT!AE31,LMT!N39,LMT!AE39,LMT!N47,LMT!AE47,LMT!N55,LMT!AE55,LMT!N63,LMT!AE63,LMT!N71,LMT!AE71,LMT!N79,LMT!AE79) -> 0 | R33: =sum(LMT!O7,LMT!AF7,LMT!O15,LMT!AF15,LMT!O23,LMT!AF23,LMT!O31,LMT!AF31,LMT!O39,LMT!AF39,LMT!O47,LMT!AF47,LMT!O55,LMT!AF55,LMT!O63,LMT!AF63,LMT!O71,LMT!AF71,LMT!O79,LMT!AF79) -> 0 | S33: =sum(LMT!P7,LMT!AG7,LMT!P15,LMT!AG15,LMT!P23,LMT!AG23,LMT!P31,LMT!AG31,LMT!P39,LMT!AG39,LMT!P47,LMT!AG47,LMT!P55,LMT!AG55,LMT!P63,LMT!AG63,LMT!P71,LMT!AG71,LMT!P79,LMT!AG79) -> 0 | T33: =J33/I33 -> #DIV/0!
A35: Rock Bottom | B35: Regresser | C35: =sum(D35:E35) -> 18 | D35: 10 | E35: 8 | F35: =sum(RB!C3,RB!T3,RB!C11,RB!T11,RB!C19,RB!T19,RB!C27,RB!T27,RB!C35,RB!T35,RB!C43,RB!T43,RB!C51,RB!T51,RB!C59,RB!T59,RB!C67,RB!T67,RB!C75,RB!T75) -> 53 | G35: =sum(RB!D3,RB!U3,RB!D11,RB!U11,RB!D19,RB!U19,RB!D27,RB!U27,RB!D35,RB!U35,RB!D43,RB!U43,RB!D51,RB!U51,RB!D59,RB!U59,RB!D67,RB!U67,RB!D75,RB!U75) -> 1233 | H35: =sum(RB!E3,RB!V3,RB!E11,RB!V11,RB!E19,RB!V19,RB!E27,RB!V27,RB!E35,RB!V35,RB!E43,RB!V43,RB!E51,RB!V51,RB!E59,RB!V59,RB!E67,RB!V67,RB!E75,RB!V75) -> 8 | I35: =sum(RB!F3,RB!W3,RB!F11,RB!W11,RB!F19,RB!W19,RB!F27,RB!W27,RB!F35,RB!W35,RB!F43,RB!W43,RB!F51,RB!W51,RB!F59,RB!W59,RB!F67,RB!W67,RB!F75,RB!W75) -> 1472 | J35: =sum(RB!G3,RB!X3,RB!G11,RB!X11,RB!G19,RB!X19,RB!G27,RB!X27,RB!G35,RB!X35,RB!G43,RB!X43,RB!G51,RB!X51,RB!G59,RB!X59,RB!G67,RB!X67,RB!G75,RB!X75) -> 0.34340278 | K35: =sum(RB!H3,RB!Y3,RB!H11,RB!Y11,RB!H19,RB!Y19,RB!H27,RB!Y27,RB!H35,RB!Y35,RB!H43,RB!Y43,RB!H51,RB!Y51,RB!H59,RB!Y59,RB!H67,RB!Y67,RB!H75,RB!Y75) -> -239 | L35: =K35/(HOUR(J35)*60+(MINUTE(J35)+((SECOND(J35)/60)))) -> -0.48331648 | M35: =sum(RB!J3,RB!AA3,RB!J11,RB!AA11,RB!J19,RB!AA19,RB!J27,RB!AA27,RB!J35,RB!AA35,RB!J43,RB!AA43,RB!J51,RB!AA51,RB!J59,RB!AA59,RB!J67,RB!AA67,RB!J75,RB!AA75) -> 37 | N35: =sum(RB!K3,RB!AB3,RB!K11,RB!AB11,RB!K19,RB!AB19,RB!K27,RB!AB27,RB!K35,RB!AB35,RB!K43,RB!AB43,RB!K51,RB!AB51,RB!K59,RB!AB59,RB!K67,RB!AB67,RB!K75,RB!AB75) -> 136 | O35: =sum(RB!L3,RB!AC3,RB!L11,RB!AC11,RB!L19,RB!AC19,RB!L27,RB!AC27,RB!L35,RB!AC35,RB!L43,RB!AC43,RB!L51,RB!AC51,RB!L59,RB!AC59,RB!L67,RB!AC67,RB!L75,RB!AC75) -> 16 | P35: =sum(RB!M3,RB!AD3,RB!M11,RB!AD11,RB!M19,RB!AD19,RB!M27,RB!AD27,RB!M35,RB!AD35,RB!M43,RB!AD43,RB!M51,RB!AD51,RB!M59,RB!AD59,RB!M67,RB!AD67,RB!M75,RB!AD75) -> 2 | Q35: =sum(RB!N3,RB!AE3,RB!N11,RB!AE11,RB!N19,RB!AE19,RB!N27,RB!AE27,RB!N35,RB!AE35,RB!N43,RB!AE43,RB!N51,RB!AE51,RB!N59,RB!AE59,RB!N67,RB!AE67,RB!N75,RB!AE75) -> 12 | R35: =sum(RB!O3,RB!AF3,RB!O11,RB!AF11,RB!O19,RB!AF19,RB!O27,RB!AF27,RB!O35,RB!AF35,RB!O43,RB!AF43,RB!O51,RB!AF51,RB!O59,RB!AF59,RB!O67,RB!AF67,RB!O75,RB!AF75) -> 0 | S35: =sum(RB!P3,RB!AG3,RB!P11,RB!AG11,RB!P19,RB!AG19,RB!P27,RB!AG27,RB!P35,RB!AG35,RB!P43,RB!AG43,RB!P51,RB!AG51,RB!P59,RB!AG59,RB!P67,RB!AG67,RB!P75,RB!AG75) -> 0 | T35: =J35/I35 -> 0.00023328993
A36: Rock Bottom | B36: OverweightGOAT | C36: =sum(D36:E36) -> 18 | D36: 10 | E36: 8 | F36: =sum(RB!C4,RB!T4,RB!C12,RB!T12,RB!C20,RB!T20,RB!C28,RB!T28,RB!C36,RB!T36,RB!C44,RB!T44,RB!C52,RB!T52,RB!C60,RB!T60,RB!C68,RB!T68,RB!C76,RB!T76) -> 9 | G36: =sum(RB!D4,RB!U4,RB!D12,RB!U12,RB!D20,RB!U20,RB!D28,RB!U28,RB!D36,RB!U36,RB!D44,RB!U44,RB!D52,RB!U52,RB!D60,RB!U60,RB!D68,RB!U68,RB!D76,RB!U76) -> 1782 | H36: =sum(RB!E4,RB!V4,RB!E12,RB!V12,RB!E20,RB!V20,RB!E28,RB!V28,RB!E36,RB!V36,RB!E44,RB!V44,RB!E52,RB!V52,RB!E60,RB!V60,RB!E68,RB!V68,RB!E76,RB!V76) -> 4 | I36: =sum(RB!F4,RB!W4,RB!F12,RB!W12,RB!F20,RB!W20,RB!F28,RB!W28,RB!F36,RB!W36,RB!F44,RB!W44,RB!F52,RB!W52,RB!F60,RB!W60,RB!F68,RB!W68,RB!F76,RB!W76) -> 1882 | J36: =sum(RB!G4,RB!X4,RB!G12,RB!X12,RB!G20,RB!X20,RB!G28,RB!X28,RB!G36,RB!X36,RB!G44,RB!X44,RB!G52,RB!X52,RB!G60,RB!X60,RB!G68,RB!X68,RB!G76,RB!X76) -> 0.34340278 | K36: =sum(RB!H4,RB!Y4,RB!H12,RB!Y12,RB!H20,RB!Y20,RB!H28,RB!Y28,RB!H36,RB!Y36,RB!H44,RB!Y44,RB!H52,RB!Y52,RB!H60,RB!Y60,RB!H68,RB!Y68,RB!H76,RB!Y76) -> -100 | L36: =K36/(HOUR(J36)*60+(MINUTE(J36)+((SECOND(J36)/60)))) -> -0.20222447 | M36: =sum(RB!J4,RB!AA4,RB!J12,RB!AA12,RB!J20,RB!AA20,RB!J28,RB!AA28,RB!J36,RB!AA36,RB!J44,RB!AA44,RB!J52,RB!AA52,RB!J60,RB!AA60,RB!J68,RB!AA68,RB!J76,RB!AA76) -> 80 | N36: =sum(RB!K4,RB!AB4,RB!K12,RB!AB12,RB!K20,RB!AB20,RB!K28,RB!AB28,RB!K36,RB!AB36,RB!K44,RB!AB44,RB!K52,RB!AB52,RB!K60,RB!AB60,RB!K68,RB!AB68,RB!K76,RB!AB76) -> 245 | O36: =sum(RB!L4,RB!AC4,RB!L12,RB!AC12,RB!L20,RB!AC20,RB!L28,RB!AC28,RB!L36,RB!AC36,RB!L44,RB!AC44,RB!L52,RB!AC52,RB!L60,RB!AC60,RB!L68,RB!AC68,RB!L76,RB!AC76) -> 54 | P36: =sum(RB!M4,RB!AD4,RB!M12,RB!AD12,RB!M20,RB!AD20,RB!M28,RB!AD28,RB!M36,RB!AD36,RB!M44,RB!AD44,RB!M52,RB!AD52,RB!M60,RB!AD60,RB!M68,RB!AD68,RB!M76,RB!AD76) -> 22 | Q36: =sum(RB!N4,RB!AE4,RB!N12,RB!AE12,RB!N20,RB!AE20,RB!N28,RB!AE28,RB!N36,RB!AE36,RB!N44,RB!AE44,RB!N52,RB!AE52,RB!N60,RB!AE60,RB!N68,RB!AE68,RB!N76,RB!AE76) -> 36 | R36: =sum(RB!O4,RB!AF4,RB!O12,RB!AF12,RB!O20,RB!AF20,RB!O28,RB!AF28,RB!O36,RB!AF36,RB!O44,RB!AF44,RB!O52,RB!AF52,RB!O60,RB!AF60,RB!O68,RB!AF68,RB!O76,RB!AF76) -> 2 | S36: =sum(RB!P4,RB!AG4,RB!P12,RB!AG12,RB!P20,RB!AG20,RB!P28,RB!AG28,RB!P36,RB!AG36,RB!P44,RB!AG44,RB!P52,RB!AG52,RB!P60,RB!AG60,RB!P68,RB!AG68,RB!P76,RB!AG76) -> 0 | T36: =J36/I36 -> 0.00018246694
A37: Rock Bottom | B37: El Diablo x230x | C37: =sum(D37:E37) -> 18 | D37: 10 | E37: 8 | F37: =sum(RB!C5,RB!T5,RB!C13,RB!T13,RB!C21,RB!T21,RB!C29,RB!T29,RB!C37,RB!T37,RB!C45,RB!T45,RB!C53,RB!T53,RB!C61,RB!T61,RB!C69,RB!T69,RB!C77,RB!T77) -> 5 | G37: =sum(RB!D5,RB!U5,RB!D13,RB!U13,RB!D21,RB!U21,RB!D29,RB!U29,RB!D37,RB!U37,RB!D45,RB!U45,RB!D53,RB!U53,RB!D61,RB!U61,RB!D69,RB!U69,RB!D77,RB!U77) -> 1593 | H37: =sum(RB!E5,RB!V5,RB!E13,RB!V13,RB!E21,RB!V21,RB!E29,RB!V29,RB!E37,RB!V37,RB!E45,RB!V45,RB!E53,RB!V53,RB!E61,RB!V61,RB!E69,RB!V69,RB!E77,RB!V77) -> 4 | I37: =sum(RB!F5,RB!W5,RB!F13,RB!W13,RB!F21,RB!W21,RB!F29,RB!W29,RB!F37,RB!W37,RB!F45,RB!W45,RB!F53,RB!W53,RB!F61,RB!W61,RB!F69,RB!W69,RB!F77,RB!W77) -> 1865 | J37: =sum(RB!G5,RB!X5,RB!G13,RB!X13,RB!G21,RB!X21,RB!G29,RB!X29,RB!G37,RB!X37,RB!G45,RB!X45,RB!G53,RB!X53,RB!G61,RB!X61,RB!G69,RB!X69,RB!G77,RB!X77) -> 0.34340278 | K37: =sum(RB!H5,RB!Y5,RB!H13,RB!Y13,RB!H21,RB!Y21,RB!H29,RB!Y29,RB!H37,RB!Y37,RB!H45,RB!Y45,RB!H53,RB!Y53,RB!H61,RB!Y61,RB!H69,RB!Y69,RB!H77,RB!Y77) -> -272 | L37: =K37/(HOUR(J37)*60+(MINUTE(J37)+((SECOND(J37)/60)))) -> -0.55005056 | M37: =sum(RB!J5,RB!AA5,RB!J13,RB!AA13,RB!J21,RB!AA21,RB!J29,RB!AA29,RB!J37,RB!AA37,RB!J45,RB!AA45,RB!J53,RB!AA53,RB!J61,RB!AA61,RB!J69,RB!AA69,RB!J77,RB!AA77) -> 48 | N37: =sum(RB!K5,RB!AB5,RB!K13,RB!AB13,RB!K21,RB!AB21,RB!K29,RB!AB29,RB!K37,RB!AB37,RB!K45,RB!AB45,RB!K53,RB!AB53,RB!K61,RB!AB61,RB!K69,RB!AB69,RB!K77,RB!AB77) -> 197 | O37: =sum(RB!L5,RB!AC5,RB!L13,RB!AC13,RB!L21,RB!AC21,RB!L29,RB!AC29,RB!L37,RB!AC37,RB!L45,RB!AC45,RB!L53,RB!AC53,RB!L61,RB!AC61,RB!L69,RB!AC69,RB!L77,RB!AC77) -> 26 | P37: =sum(RB!M5,RB!AD5,RB!M13,RB!AD13,RB!M21,RB!AD21,RB!M29,RB!AD29,RB!M37,RB!AD37,RB!M45,RB!AD45,RB!M53,RB!AD53,RB!M61,RB!AD61,RB!M69,RB!AD69,RB!M77,RB!AD77) -> 4 | Q37: =sum(RB!N5,RB!AE5,RB!N13,RB!AE13,RB!N21,RB!AE21,RB!N29,RB!AE29,RB!N37,RB!AE37,RB!N45,RB!AE45,RB!N53,RB!AE53,RB!N61,RB!AE61,RB!N69,RB!AE69,RB!N77,RB!AE77) -> 14 | R37: =sum(RB!O5,RB!AF5,RB!O13,RB!AF13,RB!O21,RB!AF21,RB!O29,RB!AF29,RB!O37,RB!AF37,RB!O45,RB!AF45,RB!O53,RB!AF53,RB!O61,RB!AF61,RB!O69,RB!AF69,RB!O77,RB!AF77) -> 0 | S37: =sum(RB!P5,RB!AG5,RB!P13,RB!AG13,RB!P21,RB!AG21,RB!P29,RB!AG29,RB!P37,RB!AG37,RB!P45,RB!AG45,RB!P53,RB!AG53,RB!P61,RB!AG61,RB!P69,RB!AG69,RB!P77,RB!AG77) -> 0 | T37: =J37/I37 -> 0.00018413018
A38: Rock Bottom | B38: Atone Militant | C38: =sum(D38:E38) -> 18 | D38: 10 | E38: 8 | F38: =sum(RB!C6,RB!T6,RB!C14,RB!T14,RB!C22,RB!T22,RB!C30,RB!T30,RB!C38,RB!T38,RB!C46,RB!T46,RB!C54,RB!T54,RB!C62,RB!T62,RB!C70,RB!T70,RB!C78,RB!T78) -> 7 | G38: =sum(RB!D6,RB!U6,RB!D14,RB!U14,RB!D22,RB!U22,RB!D30,RB!U30,RB!D38,RB!U38,RB!D46,RB!U46,RB!D54,RB!U54,RB!D62,RB!U62,RB!D70,RB!U70,RB!D78,RB!U78) -> 1644 | H38: =sum(RB!E6,RB!V6,RB!E14,RB!V14,RB!E22,RB!V22,RB!E30,RB!V30,RB!E38,RB!V38,RB!E46,RB!V46,RB!E54,RB!V54,RB!E62,RB!V62,RB!E70,RB!V70,RB!E78,RB!V78) -> 9 | I38: =sum(RB!F6,RB!W6,RB!F14,RB!W14,RB!F22,RB!W22,RB!F30,RB!W30,RB!F38,RB!W38,RB!F46,RB!W46,RB!F54,RB!W54,RB!F62,RB!W62,RB!F70,RB!W70,RB!F78,RB!W78) -> 1679 | J38: =sum(RB!G6,RB!X6,RB!G14,RB!X14,RB!G22,RB!X22,RB!G30,RB!X30,RB!G38,RB!X38,RB!G46,RB!X46,RB!G54,RB!X54,RB!G62,RB!X62,RB!G70,RB!X70,RB!G78,RB!X78) -> 0.34340278 | K38: =sum(RB!H6,RB!Y6,RB!H14,RB!Y14,RB!H22,RB!Y22,RB!H30,RB!Y30,RB!H38,RB!Y38,RB!H46,RB!Y46,RB!H54,RB!Y54,RB!H62,RB!Y62,RB!H70,RB!Y70,RB!H78,RB!Y78) -> -35 | L38: =K38/(HOUR(J38)*60+(MINUTE(J38)+((SECOND(J38)/60)))) -> -0.070778564 | M38: =sum(RB!J6,RB!AA6,RB!J14,RB!AA14,RB!J22,RB!AA22,RB!J30,RB!AA30,RB!J38,RB!AA38,RB!J46,RB!AA46,RB!J54,RB!AA54,RB!J62,RB!AA62,RB!J70,RB!AA70,RB!J78,RB!AA78) -> 61 | N38: =sum(RB!K6,RB!AB6,RB!K14,RB!AB14,RB!K22,RB!AB22,RB!K30,RB!AB30,RB!K38,RB!AB38,RB!K46,RB!AB46,RB!K54,RB!AB54,RB!K62,RB!AB62,RB!K70,RB!AB70,RB!K78,RB!AB78) -> 238 | O38: =sum(RB!L6,RB!AC6,RB!L14,RB!AC14,RB!L22,RB!AC22,RB!L30,RB!AC30,RB!L38,RB!AC38,RB!L46,RB!AC46,RB!L54,RB!AC54,RB!L62,RB!AC62,RB!L70,RB!AC70,RB!L78,RB!AC78) -> 52 | P38: =sum(RB!M6,RB!AD6,RB!M14,RB!AD14,RB!M22,RB!AD22,RB!M30,RB!AD30,RB!M38,RB!AD38,RB!M46,RB!AD46,RB!M54,RB!AD54,RB!M62,RB!AD62,RB!M70,RB!AD70,RB!M78,RB!AD78) -> 10 | Q38: =sum(RB!N6,RB!AE6,RB!N14,RB!AE14,RB!N22,RB!AE22,RB!N30,RB!AE30,RB!N38,RB!AE38,RB!N46,RB!AE46,RB!N54,RB!AE54,RB!N62,RB!AE62,RB!N70,RB!AE70,RB!N78,RB!AE78) -> 37 | R38: =sum(RB!O6,RB!AF6,RB!O14,RB!AF14,RB!O22,RB!AF22,RB!O30,RB!AF30,RB!O38,RB!AF38,RB!O46,RB!AF46,RB!O54,RB!AF54,RB!O62,RB!AF62,RB!O70,RB!AF70,RB!O78,RB!AF78) -> 1 | S38: =sum(RB!P6,RB!AG6,RB!P14,RB!AG14,RB!P22,RB!AG22,RB!P30,RB!AG30,RB!P38,RB!AG38,RB!P46,RB!AG46,RB!P54,RB!AG54,RB!P62,RB!AG62,RB!P70,RB!AG70,RB!P78,RB!AG78) -> 0 | T38: =J38/I38 -> 0.00020452816
A39: Rock Bottom | B39: LiquidNitrogen | C39: =sum(D39:E39) -> 0 | D39: 0 | E39: 0 | F39: =sum(RB!C7,RB!T7,RB!C15,RB!T15,RB!C23,RB!T23,RB!C31,RB!T31,RB!C39,RB!T39,RB!C47,RB!T47,RB!C55,RB!T55,RB!C63,RB!T63,RB!C71,RB!T71,RB!C79,RB!T79) -> 0 | G39: =sum(RB!D7,RB!U7,RB!D15,RB!U15,RB!D23,RB!U23,RB!D31,RB!U31,RB!D39,RB!U39,RB!D47,RB!U47,RB!D55,RB!U55,RB!D63,RB!U63,RB!D71,RB!U71,RB!D79,RB!U79) -> 0 | H39: =sum(RB!E7,RB!V7,RB!E15,RB!V15,RB!E23,RB!V23,RB!E31,RB!V31,RB!E39,RB!V39,RB!E47,RB!V47,RB!E55,RB!V55,RB!E63,RB!V63,RB!E71,RB!V71,RB!E79,RB!V79) -> 0 | I39: =sum(RB!F7,RB!W7,RB!F15,RB!W15,RB!F23,RB!W23,RB!F31,RB!W31,RB!F39,RB!W39,RB!F47,RB!W47,RB!F55,RB!W55,RB!F63,RB!W63,RB!F71,RB!W71,RB!F79,RB!W79) -> 0 | J39: =sum(RB!G7,RB!X7,RB!G15,RB!X15,RB!G23,RB!X23,RB!G31,RB!X31,RB!G39,RB!X39,RB!G47,RB!X47,RB!G55,RB!X55,RB!G63,RB!X63,RB!G71,RB!X71,RB!G79,RB!X79) -> 0 | K39: =sum(RB!H7,RB!Y7,RB!H15,RB!Y15,RB!H23,RB!Y23,RB!H31,RB!Y31,RB!H39,RB!Y39,RB!H47,RB!Y47,RB!H55,RB!Y55,RB!H63,RB!Y63,RB!H71,RB!Y71,RB!H79,RB!Y79) -> 0 | L39: =K39/(HOUR(J39)*60+(MINUTE(J39)+((SECOND(J39)/60)))) -> #DIV/0! | M39: =sum(RB!J7,RB!AA7,RB!J15,RB!AA15,RB!J23,RB!AA23,RB!J31,RB!AA31,RB!J39,RB!AA39,RB!J47,RB!AA47,RB!J55,RB!AA55,RB!J63,RB!AA63,RB!J71,RB!AA71,RB!J79,RB!AA79) -> 0 | N39: =sum(RB!K7,RB!AB7,RB!K15,RB!AB15,RB!K23,RB!AB23,RB!K31,RB!AB31,RB!K39,RB!AB39,RB!K47,RB!AB47,RB!K55,RB!AB55,RB!K63,RB!AB63,RB!K71,RB!AB71,RB!K79,RB!AB79) -> 0 | O39: =sum(RB!L7,RB!AC7,RB!L15,RB!AC15,RB!L23,RB!AC23,RB!L31,RB!AC31,RB!L39,RB!AC39,RB!L47,RB!AC47,RB!L55,RB!AC55,RB!L63,RB!AC63,RB!L71,RB!AC71,RB!L79,RB!AC79) -> 0 | P39: =sum(RB!M7,RB!AD7,RB!M15,RB!AD15,RB!M23,RB!AD23,RB!M31,RB!AD31,RB!M39,RB!AD39,RB!M47,RB!AD47,RB!M55,RB!AD55,RB!M63,RB!AD63,RB!M71,RB!AD71,RB!M79,RB!AD79) -> 0 | Q39: =sum(RB!N7,RB!AE7,RB!N15,RB!AE15,RB!N23,RB!AE23,RB!N31,RB!AE31,RB!N39,RB!AE39,RB!N47,RB!AE47,RB!N55,RB!AE55,RB!N63,RB!AE63,RB!N71,RB!AE71,RB!N79,RB!AE79) -> 0 | R39: =sum(RB!O7,RB!AF7,RB!O15,RB!AF15,RB!O23,RB!AF23,RB!O31,RB!AF31,RB!O39,RB!AF39,RB!O47,RB!AF47,RB!O55,RB!AF55,RB!O63,RB!AF63,RB!O71,RB!AF71,RB!O79,RB!AF79) -> 0 | S39: =sum(RB!P7,RB!AG7,RB!P15,RB!AG15,RB!P23,RB!AG23,RB!P31,RB!AG31,RB!P39,RB!AG39,RB!P47,RB!AG47,RB!P55,RB!AG55,RB!P63,RB!AG63,RB!P71,RB!AG71,RB!P79,RB!AG79) -> 0 | T39: =J39/I39 -> #DIV/0!
A41: Yung Humma | B41: ixGingy | C41: =sum(D41:E41) -> 18 | D41: 12 | E41: 6 | F41: =sum(YH!C3,YH!T3,YH!C11,YH!T11,YH!C19,YH!T19,YH!C27,YH!T27,YH!C35,YH!T35,YH!C43,YH!T43,YH!C51,YH!T51,YH!C59,YH!T59,YH!C67,YH!T67,YH!C75,YH!T75) -> 4 | G41: =sum(YH!D3,YH!U3,YH!D11,YH!U11,YH!D19,YH!U19,YH!D27,YH!U27,YH!D35,YH!U35,YH!D43,YH!U43,YH!D51,YH!U51,YH!D59,YH!U59,YH!D67,YH!U67,YH!D75,YH!U75) -> 1891 | H41: =sum(YH!E3,YH!V3,YH!E11,YH!V11,YH!E19,YH!V19,YH!E27,YH!V27,YH!E35,YH!V35,YH!E43,YH!V43,YH!E51,YH!V51,YH!E59,YH!V59,YH!E67,YH!V67,YH!E75,YH!V75) -> 8 | I41: =sum(YH!F3,YH!W3,YH!F11,YH!W11,YH!F19,YH!W19,YH!F27,YH!W27,YH!F35,YH!W35,YH!F43,YH!W43,YH!F51,YH!W51,YH!F59,YH!W59,YH!F67,YH!W67,YH!F75,YH!W75) -> 1648 | J41: =sum(YH!G3,YH!X3,YH!G11,YH!X11,YH!G19,YH!X19,YH!G27,YH!X27,YH!G35,YH!X35,YH!G43,YH!X43,YH!G51,YH!X51,YH!G59,YH!X59,YH!G67,YH!X67,YH!G75,YH!X75) -> 0.31038194 | K41: =sum(YH!H3,YH!Y3,YH!H11,YH!Y11,YH!H19,YH!Y19,YH!H27,YH!Y27,YH!H35,YH!Y35,YH!H43,YH!Y43,YH!H51,YH!Y51,YH!H59,YH!Y59,YH!H67,YH!Y67,YH!H75,YH!Y75) -> 243 | L41: =K41/(HOUR(J41)*60+(MINUTE(J41)+((SECOND(J41)/60)))) -> 0.54368498 | M41: =sum(YH!J3,YH!AA3,YH!J11,YH!AA11,YH!J19,YH!AA19,YH!J27,YH!AA27,YH!J35,YH!AA35,YH!J43,YH!AA43,YH!J51,YH!AA51,YH!J59,YH!AA59,YH!J67,YH!AA67,YH!J75,YH!AA75) -> 66 | N41: =sum(YH!K3,YH!AB3,YH!K11,YH!AB11,YH!K19,YH!AB19,YH!K27,YH!AB27,YH!K35,YH!AB35,YH!K43,YH!AB43,YH!K51,YH!AB51,YH!K59,YH!AB59,YH!K67,YH!AB67,YH!K75,YH!AB75) -> 283 | O41: =sum(YH!L3,YH!AC3,YH!L11,YH!AC11,YH!L19,YH!AC19,YH!L27,YH!AC27,YH!L35,YH!AC35,YH!L43,YH!AC43,YH!L51,YH!AC51,YH!L59,YH!AC59,YH!L67,YH!AC67,YH!L75,YH!AC75) -> 68 | P41: =sum(YH!M3,YH!AD3,YH!M11,YH!AD11,YH!M19,YH!AD19,YH!M27,YH!AD27,YH!M35,YH!AD35,YH!M43,YH!AD43,YH!M51,YH!AD51,YH!M59,YH!AD59,YH!M67,YH!AD67,YH!M75,YH!AD75) -> 33 | Q41: =sum(YH!N3,YH!AE3,YH!N11,YH!AE11,YH!N19,YH!AE19,YH!N27,YH!AE27,YH!N35,YH!AE35,YH!N43,YH!AE43,YH!N51,YH!AE51,YH!N59,YH!AE59,YH!N67,YH!AE67,YH!N75,YH!AE75) -> 47 | R41: =sum(YH!O3,YH!AF3,YH!O11,YH!AF11,YH!O19,YH!AF19,YH!O27,YH!AF27,YH!O35,YH!AF35,YH!O43,YH!AF43,YH!O51,YH!AF51,YH!O59,YH!AF59,YH!O67,YH!AF67,YH!O75,YH!AF75) -> 0 | S41: =sum(YH!P3,YH!AG3,YH!P11,YH!AG11,YH!P19,YH!AG19,YH!P27,YH!AG27,YH!P35,YH!AG35,YH!P43,YH!AG43,YH!P51,YH!AG51,YH!P59,YH!AG59,YH!P67,YH!AG67,YH!P75,YH!AG75) -> 0 | T41: =J41/I41 -> 0.00018833856
A42: Yung Humma | B42: halfbreed105 | C42: =sum(D42:E42) -> 18 | D42: 12 | E42: 6 | F42: =sum(YH!C4,YH!T4,YH!C12,YH!T12,YH!C20,YH!T20,YH!C28,YH!T28,YH!C36,YH!T36,YH!C44,YH!T44,YH!C52,YH!T52,YH!C60,YH!T60,YH!C68,YH!T68,YH!C76,YH!T76) -> 9 | G42: =sum(YH!D4,YH!U4,YH!D12,YH!U12,YH!D20,YH!U20,YH!D28,YH!U28,YH!D36,YH!U36,YH!D44,YH!U44,YH!D52,YH!U52,YH!D60,YH!U60,YH!D68,YH!U68,YH!D76,YH!U76) -> 1983 | H42: =sum(YH!E4,YH!V4,YH!E12,YH!V12,YH!E20,YH!V20,YH!E28,YH!V28,YH!E36,YH!V36,YH!E44,YH!V44,YH!E52,YH!V52,YH!E60,YH!V60,YH!E68,YH!V68,YH!E76,YH!V76) -> 8 | I42: =sum(YH!F4,YH!W4,YH!F12,YH!W12,YH!F20,YH!W20,YH!F28,YH!W28,YH!F36,YH!W36,YH!F44,YH!W44,YH!F52,YH!W52,YH!F60,YH!W60,YH!F68,YH!W68,YH!F76,YH!W76) -> 1586 | J42: =sum(YH!G4,YH!X4,YH!G12,YH!X12,YH!G20,YH!X20,YH!G28,YH!X28,YH!G36,YH!X36,YH!G44,YH!X44,YH!G52,YH!X52,YH!G60,YH!X60,YH!G68,YH!X68,YH!G76,YH!X76) -> 0.31038194 | K42: =sum(YH!H4,YH!Y4,YH!H12,YH!Y12,YH!H20,YH!Y20,YH!H28,YH!Y28,YH!H36,YH!Y36,YH!H44,YH!Y44,YH!H52,YH!Y52,YH!H60,YH!Y60,YH!H68,YH!Y68,YH!H76,YH!Y76) -> 397 | L42: =K42/(HOUR(J42)*60+(MINUTE(J42)+((SECOND(J42)/60)))) -> 0.88824253 | M42: =sum(YH!J4,YH!AA4,YH!J12,YH!AA12,YH!J20,YH!AA20,YH!J28,YH!AA28,YH!J36,YH!AA36,YH!J44,YH!AA44,YH!J52,YH!AA52,YH!J60,YH!AA60,YH!J68,YH!AA68,YH!J76,YH!AA76) -> 52 | N42: =sum(YH!K4,YH!AB4,YH!K12,YH!AB12,YH!K20,YH!AB20,YH!K28,YH!AB28,YH!K36,YH!AB36,YH!K44,YH!AB44,YH!K52,YH!AB52,YH!K60,YH!AB60,YH!K68,YH!AB68,YH!K76,YH!AB76) -> 355 | O42: =sum(YH!L4,YH!AC4,YH!L12,YH!AC12,YH!L20,YH!AC20,YH!L28,YH!AC28,YH!L36,YH!AC36,YH!L44,YH!AC44,YH!L52,YH!AC52,YH!L60,YH!AC60,YH!L68,YH!AC68,YH!L76,YH!AC76) -> 90 | P42: =sum(YH!M4,YH!AD4,YH!M12,YH!AD12,YH!M20,YH!AD20,YH!M28,YH!AD28,YH!M36,YH!AD36,YH!M44,YH!AD44,YH!M52,YH!AD52,YH!M60,YH!AD60,YH!M68,YH!AD68,YH!M76,YH!AD76) -> 34 | Q42: =sum(YH!N4,YH!AE4,YH!N12,YH!AE12,YH!N20,YH!AE20,YH!N28,YH!AE28,YH!N36,YH!AE36,YH!N44,YH!AE44,YH!N52,YH!AE52,YH!N60,YH!AE60,YH!N68,YH!AE68,YH!N76,YH!AE76) -> 65 | R42: =sum(YH!O4,YH!AF4,YH!O12,YH!AF12,YH!O20,YH!AF20,YH!O28,YH!AF28,YH!O36,YH!AF36,YH!O44,YH!AF44,YH!O52,YH!AF52,YH!O60,YH!AF60,YH!O68,YH!AF68,YH!O76,YH!AF76) -> 0 | S42: =sum(YH!P4,YH!AG4,YH!P12,YH!AG12,YH!P20,YH!AG20,YH!P28,YH!AG28,YH!P36,YH!AG36,YH!P44,YH!AG44,YH!P52,YH!AG52,YH!P60,YH!AG60,YH!P68,YH!AG68,YH!P76,YH!AG76) -> 0 | T42: =J42/I42 -> 0.0001957011
A43: Yung Humma | B43: Doerstopper | C43: =sum(D43:E43) -> 18 | D43: 12 | E43: 6 | F43: =sum(YH!C5,YH!T5,YH!C13,YH!T13,YH!C21,YH!T21,YH!C29,YH!T29,YH!C37,YH!T37,YH!C45,YH!T45,YH!C53,YH!T53,YH!C61,YH!T61,YH!C69,YH!T69,YH!C77,YH!T77) -> 68 | G43: =sum(YH!D5,YH!U5,YH!D13,YH!U13,YH!D21,YH!U21,YH!D29,YH!U29,YH!D37,YH!U37,YH!D45,YH!U45,YH!D53,YH!U53,YH!D61,YH!U61,YH!D69,YH!U69,YH!D77,YH!U77) -> 882 | H43: =sum(YH!E5,YH!V5,YH!E13,YH!V13,YH!E21,YH!V21,YH!E29,YH!V29,YH!E37,YH!V37,YH!E45,YH!V45,YH!E53,YH!V53,YH!E61,YH!V61,YH!E69,YH!V69,YH!E77,YH!V77) -> 5 | I43: =sum(YH!F5,YH!W5,YH!F13,YH!W13,YH!F21,YH!W21,YH!F29,YH!W29,YH!F37,YH!W37,YH!F45,YH!W45,YH!F53,YH!W53,YH!F61,YH!W61,YH!F69,YH!W69,YH!F77,YH!W77) -> 1206 | J43: =sum(YH!G5,YH!X5,YH!G13,YH!X13,YH!G21,YH!X21,YH!G29,YH!X29,YH!G37,YH!X37,YH!G45,YH!X45,YH!G53,YH!X53,YH!G61,YH!X61,YH!G69,YH!X69,YH!G77,YH!X77) -> 0.31038194 | K43: =sum(YH!H5,YH!Y5,YH!H13,YH!Y13,YH!H21,YH!Y21,YH!H29,YH!Y29,YH!H37,YH!Y37,YH!H45,YH!Y45,YH!H53,YH!Y53,YH!H61,YH!Y61,YH!H69,YH!Y69,YH!H77,YH!Y77) -> -324 | L43: =K43/(HOUR(J43)*60+(MINUTE(J43)+((SECOND(J43)/60)))) -> -0.7249133 | M43: =sum(YH!J5,YH!AA5,YH!J13,YH!AA13,YH!J21,YH!AA21,YH!J29,YH!AA29,YH!J37,YH!AA37,YH!J45,YH!AA45,YH!J53,YH!AA53,YH!J61,YH!AA61,YH!J69,YH!AA69,YH!J77,YH!AA77) -> 36 | N43: =sum(YH!K5,YH!AB5,YH!K13,YH!AB13,YH!K21,YH!AB21,YH!K29,YH!AB29,YH!K37,YH!AB37,YH!K45,YH!AB45,YH!K53,YH!AB53,YH!K61,YH!AB61,YH!K69,YH!AB69,YH!K77,YH!AB77) -> 91 | O43: =sum(YH!L5,YH!AC5,YH!L13,YH!AC13,YH!L21,YH!AC21,YH!L29,YH!AC29,YH!L37,YH!AC37,YH!L45,YH!AC45,YH!L53,YH!AC53,YH!L61,YH!AC61,YH!L69,YH!AC69,YH!L77,YH!AC77) -> 18 | P43: =sum(YH!M5,YH!AD5,YH!M13,YH!AD13,YH!M21,YH!AD21,YH!M29,YH!AD29,YH!M37,YH!AD37,YH!M45,YH!AD45,YH!M53,YH!AD53,YH!M61,YH!AD61,YH!M69,YH!AD69,YH!M77,YH!AD77) -> 0 | Q43: =sum(YH!N5,YH!AE5,YH!N13,YH!AE13,YH!N21,YH!AE21,YH!N29,YH!AE29,YH!N37,YH!AE37,YH!N45,YH!AE45,YH!N53,YH!AE53,YH!N61,YH!AE61,YH!N69,YH!AE69,YH!N77,YH!AE77) -> 5 | R43: =sum(YH!O5,YH!AF5,YH!O13,YH!AF13,YH!O21,YH!AF21,YH!O29,YH!AF29,YH!O37,YH!AF37,YH!O45,YH!AF45,YH!O53,YH!AF53,YH!O61,YH!AF61,YH!O69,YH!AF69,YH!O77,YH!AF77) -> 0 | S43: =sum(YH!P5,YH!AG5,YH!P13,YH!AG13,YH!P21,YH!AG21,YH!P29,YH!AG29,YH!P37,YH!AG37,YH!P45,YH!AG45,YH!P53,YH!AG53,YH!P61,YH!AG61,YH!P69,YH!AG69,YH!P77,YH!AG77) -> 0 | T43: =J43/I43 -> 0.0002573648
A44: Yung Humma | B44: Killerz Legit | C44: =sum(D44:E44) -> 14 | D44: 9 | E44: 5 | F44: =sum(YH!C6,YH!T6,YH!C14,YH!T14,YH!C22,YH!T22,YH!C30,YH!T30,YH!C38,YH!T38,YH!C46,YH!T46,YH!C54,YH!T54,YH!C62,YH!T62,YH!C70,YH!T70,YH!C78,YH!T78) -> 6 | G44: =sum(YH!D6,YH!U6,YH!D14,YH!U14,YH!D22,YH!U22,YH!D30,YH!U30,YH!D38,YH!U38,YH!D46,YH!U46,YH!D54,YH!U54,YH!D62,YH!U62,YH!D70,YH!U70,YH!D78,YH!U78) -> 1122 | H44: =sum(YH!E6,YH!V6,YH!E14,YH!V14,YH!E22,YH!V22,YH!E30,YH!V30,YH!E38,YH!V38,YH!E46,YH!V46,YH!E54,YH!V54,YH!E62,YH!V62,YH!E70,YH!V70,YH!E78,YH!V78) -> 5 | I44: =sum(YH!F6,YH!W6,YH!F14,YH!W14,YH!F22,YH!W22,YH!F30,YH!W30,YH!F38,YH!W38,YH!F46,YH!W46,YH!F54,YH!W54,YH!F62,YH!W62,YH!F70,YH!W70,YH!F78,YH!W78) -> 1260 | J44: =sum(YH!G6,YH!X6,YH!G14,YH!X14,YH!G22,YH!X22,YH!G30,YH!X30,YH!G38,YH!X38,YH!G46,YH!X46,YH!G54,YH!X54,YH!G62,YH!X62,YH!G70,YH!X70,YH!G78,YH!X78) -> 0.24322917 | K44: =sum(YH!H6,YH!Y6,YH!H14,YH!Y14,YH!H22,YH!Y22,YH!H30,YH!Y30,YH!H38,YH!Y38,YH!H46,YH!Y46,YH!H54,YH!Y54,YH!H62,YH!Y62,YH!H70,YH!Y70,YH!H78,YH!Y78) -> -138 | L44: =K44/(HOUR(J44)*60+(MINUTE(J44)+((SECOND(J44)/60)))) -> -0.39400428 | M44: =sum(YH!J6,YH!AA6,YH!J14,YH!AA14,YH!J22,YH!AA22,YH!J30,YH!AA30,YH!J38,YH!AA38,YH!J46,YH!AA46,YH!J54,YH!AA54,YH!J62,YH!AA62,YH!J70,YH!AA70,YH!J78,YH!AA78) -> 48 | N44: =sum(YH!K6,YH!AB6,YH!K14,YH!AB14,YH!K22,YH!AB22,YH!K30,YH!AB30,YH!K38,YH!AB38,YH!K46,YH!AB46,YH!K54,YH!AB54,YH!K62,YH!AB62,YH!K70,YH!AB70,YH!K78,YH!AB78) -> 152 | O44: =sum(YH!L6,YH!AC6,YH!L14,YH!AC14,YH!L22,YH!AC22,YH!L30,YH!AC30,YH!L38,YH!AC38,YH!L46,YH!AC46,YH!L54,YH!AC54,YH!L62,YH!AC62,YH!L70,YH!AC70,YH!L78,YH!AC78) -> 33 | P44: =sum(YH!M6,YH!AD6,YH!M14,YH!AD14,YH!M22,YH!AD22,YH!M30,YH!AD30,YH!M38,YH!AD38,YH!M46,YH!AD46,YH!M54,YH!AD54,YH!M62,YH!AD62,YH!M70,YH!AD70,YH!M78,YH!AD78) -> 13 | Q44: =sum(YH!N6,YH!AE6,YH!N14,YH!AE14,YH!N22,YH!AE22,YH!N30,YH!AE30,YH!N38,YH!AE38,YH!N46,YH!AE46,YH!N54,YH!AE54,YH!N62,YH!AE62,YH!N70,YH!AE70,YH!N78,YH!AE78) -> 19 | R44: =sum(YH!O6,YH!AF6,YH!O14,YH!AF14,YH!O22,YH!AF22,YH!O30,YH!AF30,YH!O38,YH!AF38,YH!O46,YH!AF46,YH!O54,YH!AF54,YH!O62,YH!AF62,YH!O70,YH!AF70,YH!O78,YH!AF78) -> 0 | S44: =sum(YH!P6,YH!AG6,YH!P14,YH!AG14,YH!P22,YH!AG22,YH!P30,YH!AG30,YH!P38,YH!AG38,YH!P46,YH!AG46,YH!P54,YH!AG54,YH!P62,YH!AG62,YH!P70,YH!AG70,YH!P78,YH!AG78) -> 0 | T44: =J44/I44 -> 0.00019303902
A45: Yung Humma | B45: TommyWstSide793 | C45: =sum(D45:E45) -> 4 | D45: 3 | E45: 1 | F45: =sum(YH!C7,YH!T7,YH!C15,YH!T15,YH!C23,YH!T23,YH!C31,YH!T31,YH!C39,YH!T39,YH!C47,YH!T47,YH!C55,YH!T55,YH!C63,YH!T63,YH!C71,YH!T71,YH!C79,YH!T79) -> 0 | G45: =sum(YH!D7,YH!U7,YH!D15,YH!U15,YH!D23,YH!U23,YH!D31,YH!U31,YH!D39,YH!U39,YH!D47,YH!U47,YH!D55,YH!U55,YH!D63,YH!U63,YH!D71,YH!U71,YH!D79,YH!U79) -> 280 | H45: =sum(YH!E7,YH!V7,YH!E15,YH!V15,YH!E23,YH!V23,YH!E31,YH!V31,YH!E39,YH!V39,YH!E47,YH!V47,YH!E55,YH!V55,YH!E63,YH!V63,YH!E71,YH!V71,YH!E79,YH!V79) -> 3 | I45: =sum(YH!F7,YH!W7,YH!F15,YH!W15,YH!F23,YH!W23,YH!F31,YH!W31,YH!F39,YH!W39,YH!F47,YH!W47,YH!F55,YH!W55,YH!F63,YH!W63,YH!F71,YH!W71,YH!F79,YH!W79) -> 342 | J45: =sum(YH!G7,YH!X7,YH!G15,YH!X15,YH!G23,YH!X23,YH!G31,YH!X31,YH!G39,YH!X39,YH!G47,YH!X47,YH!G55,YH!X55,YH!G63,YH!X63,YH!G71,YH!X71,YH!G79,YH!X79) -> 0.067152778 | K45: =sum(YH!H7,YH!Y7,YH!H15,YH!Y15,YH!H23,YH!Y23,YH!H31,YH!Y31,YH!H39,YH!Y39,YH!H47,YH!Y47,YH!H55,YH!Y55,YH!H63,YH!Y63,YH!H71,YH!Y71,YH!H79,YH!Y79) -> -62 | L45: =K45/(HOUR(J45)*60+(MINUTE(J45)+((SECOND(J45)/60)))) -> -0.64115822 | M45: =sum(YH!J7,YH!AA7,YH!J15,YH!AA15,YH!J23,YH!AA23,YH!J31,YH!AA31,YH!J39,YH!AA39,YH!J47,YH!AA47,YH!J55,YH!AA55,YH!J63,YH!AA63,YH!J71,YH!AA71,YH!J79,YH!AA79) -> 16 | N45: =sum(YH!K7,YH!AB7,YH!K15,YH!AB15,YH!K23,YH!AB23,YH!K31,YH!AB31,YH!K39,YH!AB39,YH!K47,YH!AB47,YH!K55,YH!AB55,YH!K63,YH!AB63,YH!K71,YH!AB71,YH!K79,YH!AB79) -> 30 | O45: =sum(YH!L7,YH!AC7,YH!L15,YH!AC15,YH!L23,YH!AC23,YH!L31,YH!AC31,YH!L39,YH!AC39,YH!L47,YH!AC47,YH!L55,YH!AC55,YH!L63,YH!AC63,YH!L71,YH!AC71,YH!L79,YH!AC79) -> 1 | P45: =sum(YH!M7,YH!AD7,YH!M15,YH!AD15,YH!M23,YH!AD23,YH!M31,YH!AD31,YH!M39,YH!AD39,YH!M47,YH!AD47,YH!M55,YH!AD55,YH!M63,YH!AD63,YH!M71,YH!AD71,YH!M79,YH!AD79) -> 0 | Q45: =sum(YH!N7,YH!AE7,YH!N15,YH!AE15,YH!N23,YH!AE23,YH!N31,YH!AE31,YH!N39,YH!AE39,YH!N47,YH!AE47,YH!N55,YH!AE55,YH!N63,YH!AE63,YH!N71,YH!AE71,YH!N79,YH!AE79) -> 2 | R45: =sum(YH!O7,YH!AF7,YH!O15,YH!AF15,YH!O23,YH!AF23,YH!O31,YH!AF31,YH!O39,YH!AF39,YH!O47,YH!AF47,YH!O55,YH!AF55,YH!O63,YH!AF63,YH!O71,YH!AF71,YH!O79,YH!AF79) -> 0 | S45: =sum(YH!P7,YH!AG7,YH!P15,YH!AG15,YH!P23,YH!AG23,YH!P31,YH!AG31,YH!P39,YH!AG39,YH!P47,YH!AG47,YH!P55,YH!AG55,YH!P63,YH!AG63,YH!P71,YH!AG71,YH!P79,YH!AG79) -> 0 | T45: =J45/I45 -> 0.00019635315
A47: No Handlebars | B47: x Zeg x | C47: =sum(D47:E47) -> 16 | D47: 6 | E47: 10 | F47: =sum(NH!C3,NH!T3,NH!C11,NH!T11,NH!C19,NH!T19,NH!C27,NH!T27,NH!C35,NH!T35,NH!C45,NH!T45,NH!C55,NH!T55,NH!C65,NH!T65,NH!C75,NH!T75,NH!C85,NH!T85) -> 3 | G47: =sum(NH!D3,NH!U3,NH!D11,NH!U11,NH!D19,NH!U19,NH!D27,NH!U27,NH!D35,NH!U35,NH!D45,NH!U45,NH!D55,NH!U55,NH!D65,NH!U65,NH!D75,NH!U75,NH!D85,NH!U85) -> 1207 | H47: =sum(NH!E3,NH!V3,NH!E11,NH!V11,NH!E19,NH!V19,NH!E27,NH!V27,NH!E35,NH!V35,NH!E45,NH!V45,NH!E55,NH!V55,NH!E65,NH!V65,NH!E75,NH!V75,NH!E85,NH!V85) -> 4 | I47: =sum(NH!F3,NH!W3,NH!F11,NH!W11,NH!F19,NH!W19,NH!F27,NH!W27,NH!F35,NH!W35,NH!F45,NH!W45,NH!F55,NH!W55,NH!F65,NH!W65,NH!F75,NH!W75,NH!F85,NH!W85) -> 1276 | J47: =sum(NH!G3,NH!X3,NH!G11,NH!X11,NH!G19,NH!X19,NH!G27,NH!X27,NH!G35,NH!X35,NH!G45,NH!X45,NH!G55,NH!X55,NH!G65,NH!X65,NH!G75,NH!X75,NH!G85,NH!X85) -> 0.20777778 | K47: =sum(NH!H3,NH!Y3,NH!H11,NH!Y11,NH!H19,NH!Y19,NH!H27,NH!Y27,NH!H35,NH!Y35,NH!H45,NH!Y45,NH!H55,NH!Y55,NH!H65,NH!Y65,NH!H75,NH!Y75,NH!H85,NH!Y85) -> -69 | L47: =K47/(HOUR(J47)*60+(MINUTE(J47)+((SECOND(J47)/60)))) -> -0.23061497 | M47: =sum(NH!J3,NH!AA3,NH!J11,NH!AA11,NH!J19,NH!AA19,NH!J27,NH!AA27,NH!J35,NH!AA35,NH!J45,NH!AA45,NH!J55,NH!AA55,NH!J65,NH!AA65,NH!J75,NH!AA75,NH!J85,NH!AA85) -> 39 | N47: =sum(NH!K3,NH!AB3,NH!K11,NH!AB11,NH!K19,NH!AB19,NH!K27,NH!AB27,NH!K35,NH!AB35,NH!K45,NH!AB45,NH!K55,NH!AB55,NH!K65,NH!AB65,NH!K75,NH!AB75,NH!K85,NH!AB85) -> 192 | O47: =sum(NH!L3,NH!AC3,NH!L11,NH!AC11,NH!L19,NH!AC19,NH!L27,NH!AC27,NH!L35,NH!AC35,NH!L45,NH!AC45,NH!L55,NH!AC55,NH!L65,NH!AC65,NH!L75,NH!AC75,NH!L85,NH!AC85) -> 39 | P47: =sum(NH!M3,NH!AD3,NH!M11,NH!AD11,NH!M19,NH!AD19,NH!M27,NH!AD27,NH!M35,NH!AD35,NH!M45,NH!AD45,NH!M55,NH!AD55,NH!M65,NH!AD65,NH!M75,NH!AD75,NH!M85,NH!AD85) -> 21 | Q47: =sum(NH!N3,NH!AE3,NH!N11,NH!AE11,NH!N19,NH!AE19,NH!N27,NH!AE27,NH!N35,NH!AE35,NH!N45,NH!AE45,NH!N55,NH!AE55,NH!N65,NH!AE65,NH!N75,NH!AE75,NH!N85,NH!AE85) -> 28 | R47: =sum(NH!O3,NH!AF3,NH!O11,NH!AF11,NH!O19,NH!AF19,NH!O27,NH!AF27,NH!O35,NH!AF35,NH!O45,NH!AF45,NH!O55,NH!AF55,NH!O65,NH!AF65,NH!O75,NH!AF75,NH!O85,NH!AF85) -> 2 | S47: =sum(NH!P3,NH!AG3,NH!P11,NH!AG11,NH!P19,NH!AG19,NH!P27,NH!AG27,NH!P35,NH!AG35,NH!P45,NH!AG45,NH!P55,NH!AG55,NH!P65,NH!AG65,NH!P75,NH!AG75,NH!P85,NH!AG85) -> 0 | T47: =J47/I47 -> 0.00016283525
A48: No Handlebars | B48: oDhmon (to OID) | C48: =sum(D48:E48) -> 8 | D48: 3 | E48: 5 | F48: =sum(NH!C4,NH!T4,NH!C12,NH!T12,NH!C20,NH!T20,NH!C28,NH!T28,NH!C36,NH!T36,NH!C46,NH!T46,NH!C56,NH!T56,NH!C66,NH!T66,NH!C76,NH!T76,NH!C86,NH!T86) -> 0 | G48: =sum(NH!D4,NH!U4,NH!D12,NH!U12,NH!D20,NH!U20,NH!D28,NH!U28,NH!D36,NH!U36,NH!D46,NH!U46,NH!D56,NH!U56,NH!D66,NH!U66,NH!D76,NH!U76,NH!D86,NH!U86) -> 680 | H48: =sum(NH!E4,NH!V4,NH!E12,NH!V12,NH!E20,NH!V20,NH!E28,NH!V28,NH!E36,NH!V36,NH!E46,NH!V46,NH!E56,NH!V56,NH!E66,NH!V66,NH!E76,NH!V76,NH!E86,NH!V86) -> 2 | I48: =sum(NH!F4,NH!W4,NH!F12,NH!W12,NH!F20,NH!W20,NH!F28,NH!W28,NH!F36,NH!W36,NH!F46,NH!W46,NH!F56,NH!W56,NH!F66,NH!W66,NH!F76,NH!W76,NH!F86,NH!W86) -> 561 | J48: =sum(NH!G4,NH!X4,NH!G12,NH!X12,NH!G20,NH!X20,NH!G28,NH!X28,NH!G36,NH!X36,NH!G46,NH!X46,NH!G56,NH!X56,NH!G66,NH!X66,NH!G76,NH!X76,NH!G86,NH!X86) -> 0.11458333 | K48: =sum(NH!H4,NH!Y4,NH!H12,NH!Y12,NH!H20,NH!Y20,NH!H28,NH!Y28,NH!H36,NH!Y36,NH!H46,NH!Y46,NH!H56,NH!Y56,NH!H66,NH!Y66,NH!H76,NH!Y76,NH!H86,NH!Y86) -> 119 | L48: =K48/(HOUR(J48)*60+(MINUTE(J48)+((SECOND(J48)/60)))) -> 0.72121212 | M48: =sum(NH!J4,NH!AA4,NH!J12,NH!AA12,NH!J20,NH!AA20,NH!J28,NH!AA28,NH!J36,NH!AA36,NH!J46,NH!AA46,NH!J56,NH!AA56,NH!J66,NH!AA66,NH!J76,NH!AA76,NH!J86,NH!AA86) -> 22 | N48: =sum(NH!K4,NH!AB4,NH!K12,NH!AB12,NH!K20,NH!AB20,NH!K28,NH!AB28,NH!K36,NH!AB36,NH!K46,NH!AB46,NH!K56,NH!AB56,NH!K66,NH!AB66,NH!K76,NH!AB76,NH!K86,NH!AB86) -> 101 | O48: =sum(NH!L4,NH!AC4,NH!L12,NH!AC12,NH!L20,NH!AC20,NH!L28,NH!AC28,NH!L36,NH!AC36,NH!L46,NH!AC46,NH!L56,NH!AC56,NH!L66,NH!AC66,NH!L76,NH!AC76,NH!L86,NH!AC86) -> 31 | P48: =sum(NH!M4,NH!AD4,NH!M12,NH!AD12,NH!M20,NH!AD20,NH!M28,NH!AD28,NH!M36,NH!AD36,NH!M46,NH!AD46,NH!M56,NH!AD56,NH!M66,NH!AD66,NH!M76,NH!AD76,NH!M86,NH!AD86) -> 7 | Q48: =sum(NH!N4,NH!AE4,NH!N12,NH!AE12,NH!N20,NH!AE20,NH!N28,NH!AE28,NH!N36,NH!AE36,NH!N46,NH!AE46,NH!N56,NH!AE56,NH!N66,NH!AE66,NH!N76,NH!AE76,NH!N86,NH!AE86) -> 25 | R48: =sum(NH!O4,NH!AF4,NH!O12,NH!AF12,NH!O20,NH!AF20,NH!O28,NH!AF28,NH!O36,NH!AF36,NH!O46,NH!AF46,NH!O56,NH!AF56,NH!O66,NH!AF66,NH!O76,NH!AF76,NH!O86,NH!AF86) -> 3 | S48: =sum(NH!P4,NH!AG4,NH!P12,NH!AG12,NH!P20,NH!AG20,NH!P28,NH!AG28,NH!P36,NH!AG36,NH!P46,NH!AG46,NH!P56,NH!AG56,NH!P66,NH!AG66,NH!P76,NH!AG76,NH!P86,NH!AG86) -> 0 | T48: =J48/I48 -> 0.00020424837
A49: No Handlebars | B49: Fanciest Pants | C49: =sum(D49:E49) -> 8 | D49: 3 | E49: 5 | F49: =sum(NH!C5,NH!T5,NH!C13,NH!T13,NH!C21,NH!T21,NH!C29,NH!T29,NH!C37,NH!T37,NH!C47,NH!T47,NH!C57,NH!T57,NH!C67,NH!T67,NH!C77,NH!T77,NH!C87,NH!T87) -> 0 | G49: =sum(NH!D5,NH!U5,NH!D13,NH!U13,NH!D21,NH!U21,NH!D29,NH!U29,NH!D37,NH!U37,NH!D47,NH!U47,NH!D57,NH!U57,NH!D67,NH!U67,NH!D77,NH!U77,NH!D87,NH!U87) -> 619 | H49: =sum(NH!E5,NH!V5,NH!E13,NH!V13,NH!E21,NH!V21,NH!E29,NH!V29,NH!E37,NH!V37,NH!E47,NH!V47,NH!E57,NH!V57,NH!E67,NH!V67,NH!E77,NH!V77,NH!E87,NH!V87) -> 2 | I49: =sum(NH!F5,NH!W5,NH!F13,NH!W13,NH!F21,NH!W21,NH!F29,NH!W29,NH!F37,NH!W37,NH!F47,NH!W47,NH!F57,NH!W57,NH!F67,NH!W67,NH!F77,NH!W77,NH!F87,NH!W87) -> 576 | J49: =sum(NH!G5,NH!X5,NH!G13,NH!X13,NH!G21,NH!X21,NH!G29,NH!X29,NH!G37,NH!X37,NH!G47,NH!X47,NH!G57,NH!X57,NH!G67,NH!X67,NH!G77,NH!X77,NH!G87,NH!X87) -> 0.11458333 | K49: =sum(NH!H5,NH!Y5,NH!H13,NH!Y13,NH!H21,NH!Y21,NH!H29,NH!Y29,NH!H37,NH!Y37,NH!H47,NH!Y47,NH!H57,NH!Y57,NH!H67,NH!Y67,NH!H77,NH!Y77,NH!H87,NH!Y87) -> 43 | L49: =K49/(HOUR(J49)*60+(MINUTE(J49)+((SECOND(J49)/60)))) -> 0.26060606 | M49: =sum(NH!J5,NH!AA5,NH!J13,NH!AA13,NH!J21,NH!AA21,NH!J29,NH!AA29,NH!J37,NH!AA37,NH!J47,NH!AA47,NH!J57,NH!AA57,NH!J67,NH!AA67,NH!J77,NH!AA77,NH!J87,NH!AA87) -> 16 | N49: =sum(NH!K5,NH!AB5,NH!K13,NH!AB13,NH!K21,NH!AB21,NH!K29,NH!AB29,NH!K37,NH!AB37,NH!K47,NH!AB47,NH!K57,NH!AB57,NH!K67,NH!AB67,NH!K77,NH!AB77,NH!K87,NH!AB87) -> 97 | O49: =sum(NH!L5,NH!AC5,NH!L13,NH!AC13,NH!L21,NH!AC21,NH!L29,NH!AC29,NH!L37,NH!AC37,NH!L47,NH!AC47,NH!L57,NH!AC57,NH!L67,NH!AC67,NH!L77,NH!AC77,NH!L87,NH!AC87) -> 22 | P49: =sum(NH!M5,NH!AD5,NH!M13,NH!AD13,NH!M21,NH!AD21,NH!M29,NH!AD29,NH!M37,NH!AD37,NH!M47,NH!AD47,NH!M57,NH!AD57,NH!M67,NH!AD67,NH!M77,NH!AD77,NH!M87,NH!AD87) -> 9 | Q49: =sum(NH!N5,NH!AE5,NH!N13,NH!AE13,NH!N21,NH!AE21,NH!N29,NH!AE29,NH!N37,NH!AE37,NH!N47,NH!AE47,NH!N57,NH!AE57,NH!N67,NH!AE67,NH!N77,NH!AE77,NH!N87,NH!AE87) -> 17 | R49: =sum(NH!O5,NH!AF5,NH!O13,NH!AF13,NH!O21,NH!AF21,NH!O29,NH!AF29,NH!O37,NH!AF37,NH!O47,NH!AF47,NH!O57,NH!AF57,NH!O67,NH!AF67,NH!O77,NH!AF77,NH!O87,NH!AF87) -> 1 | S49: =sum(NH!P5,NH!AG5,NH!P13,NH!AG13,NH!P21,NH!AG21,NH!P29,NH!AG29,NH!P37,NH!AG37,NH!P47,NH!AG47,NH!P57,NH!AG57,NH!P67,NH!AG67,NH!P77,NH!AG77,NH!P87,NH!AG87) -> 0 | T49: =J49/I49 -> 0.0001989294
A50: No Handlebars | B50: MSSR Martin | C50: =sum(D50:E50) -> 13 | D50: 6 | E50: 7 | F50: =sum(NH!C6,NH!T6,NH!C14,NH!T14,NH!C22,NH!T22,NH!C30,NH!T30,NH!C38,NH!T38,NH!C48,NH!T48,NH!C58,NH!T58,NH!C68,NH!T68,NH!C78,NH!T78,NH!C88,NH!T88) -> 25 | G50: =sum(NH!D6,NH!U6,NH!D14,NH!U14,NH!D22,NH!U22,NH!D30,NH!U30,NH!D38,NH!U38,NH!D48,NH!U48,NH!D58,NH!U58,NH!D68,NH!U68,NH!D78,NH!U78,NH!D88,NH!U88) -> 560 | H50: =sum(NH!E6,NH!V6,NH!E14,NH!V14,NH!E22,NH!V22,NH!E30,NH!V30,NH!E38,NH!V38,NH!E48,NH!V48,NH!E58,NH!V58,NH!E68,NH!V68,NH!E78,NH!V78,NH!E88,NH!V88) -> 3 | I50: =sum(NH!F6,NH!W6,NH!F14,NH!W14,NH!F22,NH!W22,NH!F30,NH!W30,NH!F38,NH!W38,NH!F48,NH!W48,NH!F58,NH!W58,NH!F68,NH!W68,NH!F78,NH!W78,NH!F88,NH!W88) -> 649 | J50: =sum(NH!G6,NH!X6,NH!G14,NH!X14,NH!G22,NH!X22,NH!G30,NH!X30,NH!G38,NH!X38,NH!G48,NH!X48,NH!G58,NH!X58,NH!G68,NH!X68,NH!G78,NH!X78,NH!G88,NH!X88) -> 0.15840278 | K50: =sum(NH!H6,NH!Y6,NH!H14,NH!Y14,NH!H22,NH!Y22,NH!H30,NH!Y30,NH!H38,NH!Y38,NH!H48,NH!Y48,NH!H58,NH!Y58,NH!H68,NH!Y68,NH!H78,NH!Y78,NH!H88,NH!Y88) -> -89 | L50: =K50/(HOUR(J50)*60+(MINUTE(J50)+((SECOND(J50)/60)))) -> -0.39017975 | M50: =sum(NH!J6,NH!AA6,NH!J14,NH!AA14,NH!J22,NH!AA22,NH!J30,NH!AA30,NH!J38,NH!AA38,NH!J48,NH!AA48,NH!J58,NH!AA58,NH!J68,NH!AA68,NH!J78,NH!AA78,NH!J88,NH!AA88) -> 23 | N50: =sum(NH!K6,NH!AB6,NH!K14,NH!AB14,NH!K22,NH!AB22,NH!K30,NH!AB30,NH!K38,NH!AB38,NH!K48,NH!AB48,NH!K58,NH!AB58,NH!K68,NH!AB68,NH!K78,NH!AB78,NH!K88,NH!AB88) -> 68 | O50: =sum(NH!L6,NH!AC6,NH!L14,NH!AC14,NH!L22,NH!AC22,NH!L30,NH!AC30,NH!L38,NH!AC38,NH!L48,NH!AC48,NH!L58,NH!AC58,NH!L68,NH!AC68,NH!L78,NH!AC78,NH!L88,NH!AC88) -> 17 | P50: =sum(NH!M6,NH!AD6,NH!M14,NH!AD14,NH!M22,NH!AD22,NH!M30,NH!AD30,NH!M38,NH!AD38,NH!M48,NH!AD48,NH!M58,NH!AD58,NH!M68,NH!AD68,NH!M78,NH!AD78,NH!M88,NH!AD88) -> 6 | Q50: =sum(NH!N6,NH!AE6,NH!N14,NH!AE14,NH!N22,NH!AE22,NH!N30,NH!AE30,NH!N38,NH!AE38,NH!N48,NH!AE48,NH!N58,NH!AE58,NH!N68,NH!AE68,NH!N78,NH!AE78,NH!N88,NH!AE88) -> 11 | R50: =sum(NH!O6,NH!AF6,NH!O14,NH!AF14,NH!O22,NH!AF22,NH!O30,NH!AF30,NH!O38,NH!AF38,NH!O48,NH!AF48,NH!O58,NH!AF58,NH!O68,NH!AF68,NH!O78,NH!AF78,NH!O88,NH!AF88) -> 1 | S50: =sum(NH!P6,NH!AG6,NH!P14,NH!AG14,NH!P22,NH!AG22,NH!P30,NH!AG30,NH!P38,NH!AG38,NH!P48,NH!AG48,NH!P58,NH!AG58,NH!P68,NH!AG68,NH!P78,NH!AG78,NH!P88,NH!AG88) -> 0 | T50: =J50/I50 -> 0.00024407208
A51: No Handlebars | B51: Priest (From PIE) | C51: =sum(D51:E51) -> 3 | D51: 0 | E51: 3 | F51: =sum(NH!C39,NH!T39,NH!C49,NH!T49,NH!C59,NH!T59,NH!C69,NH!T69,NH!C79,NH!T79,NH!C89,NH!T89) -> 3 | G51: =sum(NH!D39,NH!U39,NH!D49,NH!U49,NH!D59,NH!U59,NH!D69,NH!U69,NH!D79,NH!U79,NH!D89,NH!U89) -> 108 | H51: =sum(NH!E39,NH!V39,NH!E49,NH!V49,NH!E59,NH!V59,NH!E69,NH!V69,NH!E79,NH!V79,NH!E89,NH!V89) -> 1 | I51: =sum(NH!F39,NH!W39,NH!F49,NH!W49,NH!F59,NH!W59,NH!F69,NH!W69,NH!F79,NH!W79,NH!F89,NH!W89) -> 166 | J51: =sum(NH!G39,NH!X39,NH!G49,NH!X49,NH!G59,NH!X59,NH!G69,NH!X69,NH!G79,NH!X79,NH!G89,NH!X89) -> 0.049375 | K51: =sum(NH!H39,NH!Y39,NH!H49,NH!Y49,NH!H59,NH!Y59,NH!H69,NH!Y69,NH!H79,NH!Y79,NH!H89,NH!Y89) -> -58 | L51: =K51/(HOUR(J51)*60+(MINUTE(J51)+((SECOND(J51)/60)))) -> -0.81575246 | M51: =sum(NH!J39,NH!AA39,NH!J49,NH!AA49,NH!J59,NH!AA59,NH!J69,NH!AA69,NH!J79,NH!AA79,NH!J89,NH!AA89) -> 6 | N51: =sum(NH!K39,NH!AB39,NH!K49,NH!AB49,NH!K59,NH!AB59,NH!K69,NH!AB69,NH!K79,NH!AB79,NH!K89,NH!AB89) -> 11 | O51: =sum(NH!L39,NH!AC39,NH!L49,NH!AC49,NH!L59,NH!AC59,NH!L69,NH!AC69,NH!L79,NH!AC79,NH!L89,NH!AC89) -> 0 | P51: =sum(NH!M39,NH!AD39,NH!M49,NH!AD49,NH!M59,NH!AD59,NH!M69,NH!AD69,NH!M79,NH!AD79,NH!M89,NH!AD89) -> 0 | Q51: =sum(NH!N39,NH!AE39,NH!N49,NH!AE49,NH!N59,NH!AE59,NH!N69,NH!AE69,NH!N79,NH!AE79,NH!N89,NH!AE89) -> 3 | R51: =sum(NH!O39,NH!AF39,NH!O49,NH!AF49,NH!O59,NH!AF59,NH!O69,NH!AF69,NH!O79,NH!AF79,NH!O89,NH!AF89) -> 0 | S51: =sum(NH!P39,NH!AG39,NH!P49,NH!AG49,NH!P59,NH!AG59,NH!P69,NH!AG69,NH!P79,NH!AG79,NH!P89,NH!AG89) -> 0 | T51: =J51/I51 -> 0.00029743976
A52: No Handlebars | B52: Silva (From PIE) | C52: =sum(D52:E52) -> 8 | D52: 3 | E52: 5 | F52: =sum(NH!C40,NH!T40,NH!C50,NH!T50,NH!C60,NH!T60,NH!C70,NH!T70,NH!C80,NH!T80,NH!C90,NH!T90) -> 14 | G52: =sum(NH!D40,NH!U40,NH!D50,NH!U50,NH!D60,NH!U60,NH!D70,NH!U70,NH!D80,NH!U80,NH!D90,NH!U90) -> 518 | H52: =sum(NH!E40,NH!V40,NH!E50,NH!V50,NH!E60,NH!V60,NH!E70,NH!V70,NH!E80,NH!V80,NH!E90,NH!V90) -> 1 | I52: =sum(NH!F40,NH!W40,NH!F50,NH!W50,NH!F60,NH!W60,NH!F70,NH!W70,NH!F80,NH!W80,NH!F90,NH!W90) -> 513 | J52: =sum(NH!G40,NH!X40,NH!G50,NH!X50,NH!G60,NH!X60,NH!G70,NH!X70,NH!G80,NH!X80,NH!G90,NH!X90) -> 0.093194444 | K52: =sum(NH!H40,NH!Y40,NH!H50,NH!Y50,NH!H60,NH!Y60,NH!H70,NH!Y70,NH!H80,NH!Y80,NH!H90,NH!Y90) -> 5 | L52: =K52/(HOUR(J52)*60+(MINUTE(J52)+((SECOND(J52)/60)))) -> 0.037257824 | M52: =sum(NH!J40,NH!AA40,NH!J50,NH!AA50,NH!J60,NH!AA60,NH!J70,NH!AA70,NH!J80,NH!AA80,NH!J90,NH!AA90) -> 24 | N52: =sum(NH!K40,NH!AB40,NH!K50,NH!AB50,NH!K60,NH!AB60,NH!K70,NH!AB70,NH!K80,NH!AB80,NH!K90,NH!AB90) -> 61 | O52: =sum(NH!L40,NH!AC40,NH!L50,NH!AC50,NH!L60,NH!AC60,NH!L70,NH!AC70,NH!L80,NH!AC80,NH!L90,NH!AC90) -> 16 | P52: =sum(NH!M40,NH!AD40,NH!M50,NH!AD50,NH!M60,NH!AD60,NH!M70,NH!AD70,NH!M80,NH!AD80,NH!M90,NH!AD90) -> 7 | Q52: =sum(NH!N40,NH!AE40,NH!N50,NH!AE50,NH!N60,NH!AE60,NH!N70,NH!AE70,NH!N80,NH!AE80,NH!N90,NH!AE90) -> 17 | R52: =sum(NH!O40,NH!AF40,NH!O50,NH!AF50,NH!O60,NH!AF60,NH!O70,NH!AF70,NH!O80,NH!AF80,NH!O90,NH!AF90) -> 0 | S52: =sum(NH!P40,NH!AG40,NH!P50,NH!AG50,NH!P60,NH!AG60,NH!P70,NH!AG70,NH!P80,NH!AG80,NH!P90,NH!AG90) -> 0 | T52: =J52/I52 -> 0.00018166558
A53: No Handlebars | B53: Tazed (From KT) | C53: =sum(D53:E53) -> 8 | D53: 3 | E53: 5 | F53: =sum(NH!C41,NH!T41,NH!C51,NH!T51,NH!C61,NH!T61,NH!C71,NH!T71,NH!C81,NH!T81,NH!C91,NH!T91) -> 2 | G53: =sum(NH!D41,NH!U41,NH!D51,NH!U51,NH!D61,NH!U61,NH!D71,NH!U71,NH!D81,NH!U81,NH!D91,NH!U91) -> 462 | H53: =sum(NH!E41,NH!V41,NH!E51,NH!V51,NH!E61,NH!V61,NH!E71,NH!V71,NH!E81,NH!V81,NH!E91,NH!V91) -> 1 | I53: =sum(NH!F41,NH!W41,NH!F51,NH!W51,NH!F61,NH!W61,NH!F71,NH!W71,NH!F81,NH!W81,NH!F91,NH!W91) -> 564 | J53: =sum(NH!G41,NH!X41,NH!G51,NH!X51,NH!G61,NH!X61,NH!G71,NH!X71,NH!G81,NH!X81,NH!G91,NH!X91) -> 0.093194444 | K53: =sum(NH!H41,NH!Y41,NH!H51,NH!Y51,NH!H61,NH!Y61,NH!H71,NH!Y71,NH!H81,NH!Y81,NH!H91,NH!Y91) -> -102 | L53: =K53/(HOUR(J53)*60+(MINUTE(J53)+((SECOND(J53)/60)))) -> -0.76005961 | M53: =sum(NH!J41,NH!AA41,NH!J51,NH!AA51,NH!J61,NH!AA61,NH!J71,NH!AA71,NH!J81,NH!AA81,NH!J91,NH!AA91) -> 13 | N53: =sum(NH!K41,NH!AB41,NH!K51,NH!AB51,NH!K61,NH!AB61,NH!K71,NH!AB71,NH!K81,NH!AB81,NH!K91,NH!AB91) -> 68 | O53: =sum(NH!L41,NH!AC41,NH!L51,NH!AC51,NH!L61,NH!AC61,NH!L71,NH!AC71,NH!L81,NH!AC81,NH!L91,NH!AC91) -> 12 | P53: =sum(NH!M41,NH!AD41,NH!M51,NH!AD51,NH!M61,NH!AD61,NH!M71,NH!AD71,NH!M81,NH!AD81,NH!M91,NH!AD91) -> 3 | Q53: =sum(NH!N41,NH!AE41,NH!N51,NH!AE51,NH!N61,NH!AE61,NH!N71,NH!AE71,NH!N81,NH!AE81,NH!N91,NH!AE91) -> 5 | R53: =sum(NH!O41,NH!AF41,NH!O51,NH!AF51,NH!O61,NH!AF61,NH!O71,NH!AF71,NH!O81,NH!AF81,NH!O91,NH!AF91) -> 1 | S53: =sum(NH!P41,NH!AG41,NH!P51,NH!AG51,NH!P61,NH!AG61,NH!P71,NH!AG71,NH!P81,NH!AG81,NH!P91,NH!AG91) -> 0 | T53: =J53/I53 -> 0.00016523838
A55: Fruit Gang | B55: Siyeons Banana (Star) | C55: =sum(D55:E55) -> 18 | D55: 11 | E55: 7 | F55: =sum(FG!C3,FG!T3,FG!C11,FG!T11,FG!C19,FG!T19,FG!C27,FG!T27,FG!C35,FG!T35,FG!C43,FG!T43,FG!C51,FG!T51,FG!C59,FG!T59,FG!C67,FG!T67,FG!C75,FG!T75) -> 6 | G55: =sum(FG!D3,FG!U3,FG!D11,FG!U11,FG!D19,FG!U19,FG!D27,FG!U27,FG!D35,FG!U35,FG!D43,FG!U43,FG!D51,FG!U51,FG!D59,FG!U59,FG!D67,FG!U67,FG!D75,FG!U75) -> 2536 | H55: =sum(FG!E3,FG!V3,FG!E11,FG!V11,FG!E19,FG!V19,FG!E27,FG!V27,FG!E35,FG!V35,FG!E43,FG!V43,FG!E51,FG!V51,FG!E59,FG!V59,FG!E67,FG!V67,FG!E75,FG!V75) -> 9 | I55: =sum(FG!F3,FG!W3,FG!F11,FG!W11,FG!F19,FG!W19,FG!F27,FG!W27,FG!F35,FG!W35,FG!F43,FG!W43,FG!F51,FG!W51,FG!F59,FG!W59,FG!F67,FG!W67,FG!F75,FG!W75) -> 2274 | J55: =sum(FG!G3,FG!X3,FG!G11,FG!X11,FG!G19,FG!X19,FG!G27,FG!X27,FG!G35,FG!X35,FG!G43,FG!X43,FG!G51,FG!X51,FG!G59,FG!X59,FG!G67,FG!X67,FG!G75,FG!X75) -> 0.4525463 | K55: =sum(FG!H3,FG!Y3,FG!H11,FG!Y11,FG!H19,FG!Y19,FG!H27,FG!Y27,FG!H35,FG!Y35,FG!H43,FG!Y43,FG!H51,FG!Y51,FG!H59,FG!Y59,FG!H67,FG!Y67,FG!H75,FG!Y75) -> 262 | L55: =K55/(HOUR(J55)*60+(MINUTE(J55)+((SECOND(J55)/60)))) -> 0.40204604 | M55: =sum(FG!J3,FG!AA3,FG!J11,FG!AA11,FG!J19,FG!AA19,FG!J27,FG!AA27,FG!J35,FG!AA35,FG!J43,FG!AA43,FG!J51,FG!AA51,FG!J59,FG!AA59,FG!J67,FG!AA67,FG!J75,FG!AA75) -> 78 | N55: =sum(FG!K3,FG!AB3,FG!K11,FG!AB11,FG!K19,FG!AB19,FG!K27,FG!AB27,FG!K35,FG!AB35,FG!K43,FG!AB43,FG!K51,FG!AB51,FG!K59,FG!AB59,FG!K67,FG!AB67,FG!K75,FG!AB75) -> 403 | O55: =sum(FG!L3,FG!AC3,FG!L11,FG!AC11,FG!L19,FG!AC19,FG!L27,FG!AC27,FG!L35,FG!AC35,FG!L43,FG!AC43,FG!L51,FG!AC51,FG!L59,FG!AC59,FG!L67,FG!AC67,FG!L75,FG!AC75) -> 68 | P55: =sum(FG!M3,FG!AD3,FG!M11,FG!AD11,FG!M19,FG!AD19,FG!M27,FG!AD27,FG!M35,FG!AD35,FG!M43,FG!AD43,FG!M51,FG!AD51,FG!M59,FG!AD59,FG!M67,FG!AD67,FG!M75,FG!AD75) -> 20 | Q55: =sum(FG!N3,FG!AE3,FG!N11,FG!AE11,FG!N19,FG!AE19,FG!N27,FG!AE27,FG!N35,FG!AE35,FG!N43,FG!AE43,FG!N51,FG!AE51,FG!N59,FG!AE59,FG!N67,FG!AE67,FG!N75,FG!AE75) -> 48 | R55: =sum(FG!O3,FG!AF3,FG!O11,FG!AF11,FG!O19,FG!AF19,FG!O27,FG!AF27,FG!O35,FG!AF35,FG!O43,FG!AF43,FG!O51,FG!AF51,FG!O59,FG!AF59,FG!O67,FG!AF67,FG!O75,FG!AF75) -> 0 | S55: =sum(FG!P3,FG!AG3,FG!P11,FG!AG11,FG!P19,FG!AG19,FG!P27,FG!AG27,FG!P35,FG!AG35,FG!P43,FG!AG43,FG!P51,FG!AG51,FG!P59,FG!AG59,FG!P67,FG!AG67,FG!P75,FG!AG75) -> 0 | T55: =J55/I55 -> 0.00019900893
A56: Fruit Gang | B56: Icey Tanker | C56: =sum(D56:E56) -> 18 | D56: 11 | E56: 7 | F56: =sum(FG!C4,FG!T4,FG!C12,FG!T12,FG!C20,FG!T20,FG!C28,FG!T28,FG!C36,FG!T36,FG!C44,FG!T44,FG!C52,FG!T52,FG!C60,FG!T60,FG!C68,FG!T68,FG!C76,FG!T76) -> 12 | G56: =sum(FG!D4,FG!U4,FG!D12,FG!U12,FG!D20,FG!U20,FG!D28,FG!U28,FG!D36,FG!U36,FG!D44,FG!U44,FG!D52,FG!U52,FG!D60,FG!U60,FG!D68,FG!U68,FG!D76,FG!U76) -> 2272 | H56: =sum(FG!E4,FG!V4,FG!E12,FG!V12,FG!E20,FG!V20,FG!E28,FG!V28,FG!E36,FG!V36,FG!E44,FG!V44,FG!E52,FG!V52,FG!E60,FG!V60,FG!E68,FG!V68,FG!E76,FG!V76) -> 13 | I56: =sum(FG!F4,FG!W4,FG!F12,FG!W12,FG!F20,FG!W20,FG!F28,FG!W28,FG!F36,FG!W36,FG!F44,FG!W44,FG!F52,FG!W52,FG!F60,FG!W60,FG!F68,FG!W68,FG!F76,FG!W76) -> 2010 | J56: =sum(FG!G4,FG!X4,FG!G12,FG!X12,FG!G20,FG!X20,FG!G28,FG!X28,FG!G36,FG!X36,FG!G44,FG!X44,FG!G52,FG!X52,FG!G60,FG!X60,FG!G68,FG!X68,FG!G76,FG!X76) -> 0.4525463 | K56: =sum(FG!H4,FG!Y4,FG!H12,FG!Y12,FG!H20,FG!Y20,FG!H28,FG!Y28,FG!H36,FG!Y36,FG!H44,FG!Y44,FG!H52,FG!Y52,FG!H60,FG!Y60,FG!H68,FG!Y68,FG!H76,FG!Y76) -> 262 | L56: =K56/(HOUR(J56)*60+(MINUTE(J56)+((SECOND(J56)/60)))) -> 0.40204604 | M56: =sum(FG!J4,FG!AA4,FG!J12,FG!AA12,FG!J20,FG!AA20,FG!J28,FG!AA28,FG!J36,FG!AA36,FG!J44,FG!AA44,FG!J52,FG!AA52,FG!J60,FG!AA60,FG!J68,FG!AA68,FG!J76,FG!AA76) -> 85 | N56: =sum(FG!K4,FG!AB4,FG!K12,FG!AB12,FG!K20,FG!AB20,FG!K28,FG!AB28,FG!K36,FG!AB36,FG!K44,FG!AB44,FG!K52,FG!AB52,FG!K60,FG!AB60,FG!K68,FG!AB68,FG!K76,FG!AB76) -> 352 | O56: =sum(FG!L4,FG!AC4,FG!L12,FG!AC12,FG!L20,FG!AC20,FG!L28,FG!AC28,FG!L36,FG!AC36,FG!L44,FG!AC44,FG!L52,FG!AC52,FG!L60,FG!AC60,FG!L68,FG!AC68,FG!L76,FG!AC76) -> 65 | P56: =sum(FG!M4,FG!AD4,FG!M12,FG!AD12,FG!M20,FG!AD20,FG!M28,FG!AD28,FG!M36,FG!AD36,FG!M44,FG!AD44,FG!M52,FG!AD52,FG!M60,FG!AD60,FG!M68,FG!AD68,FG!M76,FG!AD76) -> 19 | Q56: =sum(FG!N4,FG!AE4,FG!N12,FG!AE12,FG!N20,FG!AE20,FG!N28,FG!AE28,FG!N36,FG!AE36,FG!N44,FG!AE44,FG!N52,FG!AE52,FG!N60,FG!AE60,FG!N68,FG!AE68,FG!N76,FG!AE76) -> 61 | R56: =sum(FG!O4,FG!AF4,FG!O12,FG!AF12,FG!O20,FG!AF20,FG!O28,FG!AF28,FG!O36,FG!AF36,FG!O44,FG!AF44,FG!O52,FG!AF52,FG!O60,FG!AF60,FG!O68,FG!AF68,FG!O76,FG!AF76) -> 3 | S56: =sum(FG!P4,FG!AG4,FG!P12,FG!AG12,FG!P20,FG!AG20,FG!P28,FG!AG28,FG!P36,FG!AG36,FG!P44,FG!AG44,FG!P52,FG!AG52,FG!P60,FG!AG60,FG!P68,FG!AG68,FG!P76,FG!AG76) -> 1 | T56: =J56/I56 -> 0.00022514741
A57: Fruit Gang | B57: Aspence501 | C57: =sum(D57:E57) -> 18 | D57: 11 | E57: 7 | F57: =sum(FG!C5,FG!T5,FG!C13,FG!T13,FG!C21,FG!T21,FG!C29,FG!T29,FG!C37,FG!T37,FG!C45,FG!T45,FG!C53,FG!T53,FG!C61,FG!T61,FG!C69,FG!T69,FG!C77,FG!T77) -> 29 | G57: =sum(FG!D5,FG!U5,FG!D13,FG!U13,FG!D21,FG!U21,FG!D29,FG!U29,FG!D37,FG!U37,FG!D45,FG!U45,FG!D53,FG!U53,FG!D61,FG!U61,FG!D69,FG!U69,FG!D77,FG!U77) -> 1866 | H57: =sum(FG!E5,FG!V5,FG!E13,FG!V13,FG!E21,FG!V21,FG!E29,FG!V29,FG!E37,FG!V37,FG!E45,FG!V45,FG!E53,FG!V53,FG!E61,FG!V61,FG!E69,FG!V69,FG!E77,FG!V77) -> 8 | I57: =sum(FG!F5,FG!W5,FG!F13,FG!W13,FG!F21,FG!W21,FG!F29,FG!W29,FG!F37,FG!W37,FG!F45,FG!W45,FG!F53,FG!W53,FG!F61,FG!W61,FG!F69,FG!W69,FG!F77,FG!W77) -> 1908 | J57: =sum(FG!G5,FG!X5,FG!G13,FG!X13,FG!G21,FG!X21,FG!G29,FG!X29,FG!G37,FG!X37,FG!G45,FG!X45,FG!G53,FG!X53,FG!G61,FG!X61,FG!G69,FG!X69,FG!G77,FG!X77) -> 0.4525463 | K57: =sum(FG!H5,FG!Y5,FG!H13,FG!Y13,FG!H21,FG!Y21,FG!H29,FG!Y29,FG!H37,FG!Y37,FG!H45,FG!Y45,FG!H53,FG!Y53,FG!H61,FG!Y61,FG!H69,FG!Y69,FG!H77,FG!Y77) -> -42 | L57: =K57/(HOUR(J57)*60+(MINUTE(J57)+((SECOND(J57)/60)))) -> -0.064450128 | M57: =sum(FG!J5,FG!AA5,FG!J13,FG!AA13,FG!J21,FG!AA21,FG!J29,FG!AA29,FG!J37,FG!AA37,FG!J45,FG!AA45,FG!J53,FG!AA53,FG!J61,FG!AA61,FG!J69,FG!AA69,FG!J77,FG!AA77) -> 59 | N57: =sum(FG!K5,FG!AB5,FG!K13,FG!AB13,FG!K21,FG!AB21,FG!K29,FG!AB29,FG!K37,FG!AB37,FG!K45,FG!AB45,FG!K53,FG!AB53,FG!K61,FG!AB61,FG!K69,FG!AB69,FG!K77,FG!AB77) -> 288 | O57: =sum(FG!L5,FG!AC5,FG!L13,FG!AC13,FG!L21,FG!AC21,FG!L29,FG!AC29,FG!L37,FG!AC37,FG!L45,FG!AC45,FG!L53,FG!AC53,FG!L61,FG!AC61,FG!L69,FG!AC69,FG!L77,FG!AC77) -> 50 | P57: =sum(FG!M5,FG!AD5,FG!M13,FG!AD13,FG!M21,FG!AD21,FG!M29,FG!AD29,FG!M37,FG!AD37,FG!M45,FG!AD45,FG!M53,FG!AD53,FG!M61,FG!AD61,FG!M69,FG!AD69,FG!M77,FG!AD77) -> 14 | Q57: =sum(FG!N5,FG!AE5,FG!N13,FG!AE13,FG!N21,FG!AE21,FG!N29,FG!AE29,FG!N37,FG!AE37,FG!N45,FG!AE45,FG!N53,FG!AE53,FG!N61,FG!AE61,FG!N69,FG!AE69,FG!N77,FG!AE77) -> 38 | R57: =sum(FG!O5,FG!AF5,FG!O13,FG!AF13,FG!O21,FG!AF21,FG!O29,FG!AF29,FG!O37,FG!AF37,FG!O45,FG!AF45,FG!O53,FG!AF53,FG!O61,FG!AF61,FG!O69,FG!AF69,FG!O77,FG!AF77) -> 1 | S57: =sum(FG!P5,FG!AG5,FG!P13,FG!AG13,FG!P21,FG!AG21,FG!P29,FG!AG29,FG!P37,FG!AG37,FG!P45,FG!AG45,FG!P53,FG!AG53,FG!P61,FG!AG61,FG!P69,FG!AG69,FG!P77,FG!AG77) -> 3 | T57: =J57/I57 -> 0.00023718359
A58: Fruit Gang | B58: Wrecking Nerds | C58: =sum(D58:E58) -> 18 | D58: 11 | E58: 7 | F58: =sum(FG!C6,FG!T6,FG!C14,FG!T14,FG!C22,FG!T22,FG!C30,FG!T30,FG!C38,FG!T38,FG!C46,FG!T46,FG!C54,FG!T54,FG!C62,FG!T62,FG!C70,FG!T70,FG!C78,FG!T78) -> 36 | G58: =sum(FG!D6,FG!U6,FG!D14,FG!U14,FG!D22,FG!U22,FG!D30,FG!U30,FG!D38,FG!U38,FG!D46,FG!U46,FG!D54,FG!U54,FG!D62,FG!U62,FG!D70,FG!U70,FG!D78,FG!U78) -> 1332 | H58: =sum(FG!E6,FG!V6,FG!E14,FG!V14,FG!E22,FG!V22,FG!E30,FG!V30,FG!E38,FG!V38,FG!E46,FG!V46,FG!E54,FG!V54,FG!E62,FG!V62,FG!E70,FG!V70,FG!E78,FG!V78) -> 7 | I58: =sum(FG!F6,FG!W6,FG!F14,FG!W14,FG!F22,FG!W22,FG!F30,FG!W30,FG!F38,FG!W38,FG!F46,FG!W46,FG!F54,FG!W54,FG!F62,FG!W62,FG!F70,FG!W70,FG!F78,FG!W78) -> 1571 | J58: =sum(FG!G6,FG!X6,FG!G14,FG!X14,FG!G22,FG!X22,FG!G30,FG!X30,FG!G38,FG!X38,FG!G46,FG!X46,FG!G54,FG!X54,FG!G62,FG!X62,FG!G70,FG!X70,FG!G78,FG!X78) -> 0.4525463 | K58: =sum(FG!H6,FG!Y6,FG!H14,FG!Y14,FG!H22,FG!Y22,FG!H30,FG!Y30,FG!H38,FG!Y38,FG!H46,FG!Y46,FG!H54,FG!Y54,FG!H62,FG!Y62,FG!H70,FG!Y70,FG!H78,FG!Y78) -> -239 | L58: =K58/(HOUR(J58)*60+(MINUTE(J58)+((SECOND(J58)/60)))) -> -0.36675192 | M58: =sum(FG!J6,FG!AA6,FG!J14,FG!AA14,FG!J22,FG!AA22,FG!J30,FG!AA30,FG!J38,FG!AA38,FG!J46,FG!AA46,FG!J54,FG!AA54,FG!J62,FG!AA62,FG!J70,FG!AA70,FG!J78,FG!AA78) -> 60 | N58: =sum(FG!K6,FG!AB6,FG!K14,FG!AB14,FG!K22,FG!AB22,FG!K30,FG!AB30,FG!K38,FG!AB38,FG!K46,FG!AB46,FG!K54,FG!AB54,FG!K62,FG!AB62,FG!K70,FG!AB70,FG!K78,FG!AB78) -> 141 | O58: =sum(FG!L6,FG!AC6,FG!L14,FG!AC14,FG!L22,FG!AC22,FG!L30,FG!AC30,FG!L38,FG!AC38,FG!L46,FG!AC46,FG!L54,FG!AC54,FG!L62,FG!AC62,FG!L70,FG!AC70,FG!L78,FG!AC78) -> 28 | P58: =sum(FG!M6,FG!AD6,FG!M14,FG!AD14,FG!M22,FG!AD22,FG!M30,FG!AD30,FG!M38,FG!AD38,FG!M46,FG!AD46,FG!M54,FG!AD54,FG!M62,FG!AD62,FG!M70,FG!AD70,FG!M78,FG!AD78) -> 7 | Q58: =sum(FG!N6,FG!AE6,FG!N14,FG!AE14,FG!N22,FG!AE22,FG!N30,FG!AE30,FG!N38,FG!AE38,FG!N46,FG!AE46,FG!N54,FG!AE54,FG!N62,FG!AE62,FG!N70,FG!AE70,FG!N78,FG!AE78) -> 21 | R58: =sum(FG!O6,FG!AF6,FG!O14,FG!AF14,FG!O22,FG!AF22,FG!O30,FG!AF30,FG!O38,FG!AF38,FG!O46,FG!AF46,FG!O54,FG!AF54,FG!O62,FG!AF62,FG!O70,FG!AF70,FG!O78,FG!AF78) -> 0 | S58: =sum(FG!P6,FG!AG6,FG!P14,FG!AG14,FG!P22,FG!AG22,FG!P30,FG!AG30,FG!P38,FG!AG38,FG!P46,FG!AG46,FG!P54,FG!AG54,FG!P62,FG!AG62,FG!P70,FG!AG70,FG!P78,FG!AG78) -> 0 | T58: =J58/I58 -> 0.00028806257
A59: Fruit Gang | B59: Mini Oreo Man | C59: =sum(D59:E59) -> 0 | D59: 0 | E59: 0 | F59: =sum(FG!C7,FG!T7,FG!C15,FG!T15,FG!C23,FG!T23,FG!C31,FG!T31,FG!C39,FG!T39,FG!C47,FG!T47,FG!C55,FG!T55,FG!C63,FG!T63,FG!C71,FG!T71,FG!C79,FG!T79) -> 0 | G59: =sum(FG!D7,FG!U7,FG!D15,FG!U15,FG!D23,FG!U23,FG!D31,FG!U31,FG!D39,FG!U39,FG!D47,FG!U47,FG!D55,FG!U55,FG!D63,FG!U63,FG!D71,FG!U71,FG!D79,FG!U79) -> 0 | H59: =sum(FG!E7,FG!V7,FG!E15,FG!V15,FG!E23,FG!V23,FG!E31,FG!V31,FG!E39,FG!V39,FG!E47,FG!V47,FG!E55,FG!V55,FG!E63,FG!V63,FG!E71,FG!V71,FG!E79,FG!V79) -> 0 | I59: =sum(FG!F7,FG!W7,FG!F15,FG!W15,FG!F23,FG!W23,FG!F31,FG!W31,FG!F39,FG!W39,FG!F47,FG!W47,FG!F55,FG!W55,FG!F63,FG!W63,FG!F71,FG!W71,FG!F79,FG!W79) -> 0 | J59: =sum(FG!G7,FG!X7,FG!G15,FG!X15,FG!G23,FG!X23,FG!G31,FG!X31,FG!G39,FG!X39,FG!G47,FG!X47,FG!G55,FG!X55,FG!G63,FG!X63,FG!G71,FG!X71,FG!G79,FG!X79) -> 0 | K59: =sum(FG!H7,FG!Y7,FG!H15,FG!Y15,FG!H23,FG!Y23,FG!H31,FG!Y31,FG!H39,FG!Y39,FG!H47,FG!Y47,FG!H55,FG!Y55,FG!H63,FG!Y63,FG!H71,FG!Y71,FG!H79,FG!Y79) -> 0 | L59: =K59/(HOUR(J59)*60+(MINUTE(J59)+((SECOND(J59)/60)))) -> #DIV/0! | M59: =sum(FG!J7,FG!AA7,FG!J15,FG!AA15,FG!J23,FG!AA23,FG!J31,FG!AA31,FG!J39,FG!AA39,FG!J47,FG!AA47,FG!J55,FG!AA55,FG!J63,FG!AA63,FG!J71,FG!AA71,FG!J79,FG!AA79) -> 0 | N59: =sum(FG!K7,FG!AB7,FG!K15,FG!AB15,FG!K23,FG!AB23,FG!K31,FG!AB31,FG!K39,FG!AB39,FG!K47,FG!AB47,FG!K55,FG!AB55,FG!K63,FG!AB63,FG!K71,FG!AB71,FG!K79,FG!AB79) -> 0 | O59: =sum(FG!L7,FG!AC7,FG!L15,FG!AC15,FG!L23,FG!AC23,FG!L31,FG!AC31,FG!L39,FG!AC39,FG!L47,FG!AC47,FG!L55,FG!AC55,FG!L63,FG!AC63,FG!L71,FG!AC71,FG!L79,FG!AC79) -> 0 | P59: =sum(FG!M7,FG!AD7,FG!M15,FG!AD15,FG!M23,FG!AD23,FG!M31,FG!AD31,FG!M39,FG!AD39,FG!M47,FG!AD47,FG!M55,FG!AD55,FG!M63,FG!AD63,FG!M71,FG!AD71,FG!M79,FG!AD79) -> 0 | Q59: =sum(FG!N7,FG!AE7,FG!N15,FG!AE15,FG!N23,FG!AE23,FG!N31,FG!AE31,FG!N39,FG!AE39,FG!N47,FG!AE47,FG!N55,FG!AE55,FG!N63,FG!AE63,FG!N71,FG!AE71,FG!N79,FG!AE79) -> 0 | R59: =sum(FG!O7,FG!AF7,FG!O15,FG!AF15,FG!O23,FG!AF23,FG!O31,FG!AF31,FG!O39,FG!AF39,FG!O47,FG!AF47,FG!O55,FG!AF55,FG!O63,FG!AF63,FG!O71,FG!AF71,FG!O79,FG!AF79) -> 0 | S59: =sum(FG!P7,FG!AG7,FG!P15,FG!AG15,FG!P23,FG!AG23,FG!P31,FG!AG31,FG!P39,FG!AG39,FG!P47,FG!AG47,FG!P55,FG!AG55,FG!P63,FG!AG63,FG!P71,FG!AG71,FG!P79,FG!AG79) -> 0 | T59: =J59/I59 -> #DIV/0!
A61: Poisonous If Eaten | B61: TheAlphaTurtle | C61: =sum(D61:E61) -> 18 | D61: 3 | E61: 15 | F61: =sum(PIE!C3,PIE!T3,PIE!C11,PIE!T11,PIE!C19,PIE!T19,PIE!C29,PIE!T29,PIE!C39,PIE!T39,PIE!C49,PIE!T49,PIE!C59,PIE!T59,PIE!C69,PIE!T69,PIE!C80,PIE!T80,PIE!C91,PIE!T91) -> 17 | G61: =sum(PIE!D3,PIE!U3,PIE!D11,PIE!U11,PIE!D19,PIE!U19,PIE!D29,PIE!U29,PIE!D39,PIE!U39,PIE!D49,PIE!U49,PIE!D59,PIE!U59,PIE!D69,PIE!U69,PIE!D80,PIE!U80,PIE!D91,PIE!U91) -> 1429 | H61: =sum(PIE!E3,PIE!V3,PIE!E11,PIE!V11,PIE!E19,PIE!V19,PIE!E29,PIE!V29,PIE!E39,PIE!V39,PIE!E49,PIE!V49,PIE!E59,PIE!V59,PIE!E69,PIE!V69,PIE!E80,PIE!V80,PIE!E91,PIE!V91) -> 6 | I61: =sum(PIE!F3,PIE!W3,PIE!F11,PIE!W11,PIE!F19,PIE!W19,PIE!F29,PIE!W29,PIE!F39,PIE!W39,PIE!F49,PIE!W49,PIE!F59,PIE!W59,PIE!F69,PIE!W69,PIE!F80,PIE!W80,PIE!F91,PIE!W91) -> 1511 | J61: =sum(PIE!G3,PIE!X3,PIE!G11,PIE!X11,PIE!G19,PIE!X19,PIE!G29,PIE!X29,PIE!G39,PIE!X39,PIE!G49,PIE!X49,PIE!G59,PIE!X59,PIE!G69,PIE!X69,PIE!G80,PIE!X80,PIE!G91,PIE!X91) -> 0.34611111 | K61: =sum(PIE!H3,PIE!Y3,PIE!H11,PIE!Y11,PIE!H19,PIE!Y19,PIE!H29,PIE!Y29,PIE!H39,PIE!Y39,PIE!H49,PIE!Y49,PIE!H59,PIE!Y59,PIE!H69,PIE!Y69,PIE!H80,PIE!Y80,PIE!H91,PIE!Y91) -> -82 | L61: =K61/(HOUR(J61)*60+(MINUTE(J61)+((SECOND(J61)/60)))) -> -0.16452648 | M61: =sum(PIE!J3,PIE!AA3,PIE!J11,PIE!AA11,PIE!J19,PIE!AA19,PIE!J29,PIE!AA29,PIE!J39,PIE!AA39,PIE!J49,PIE!AA49,PIE!J59,PIE!AA59,PIE!J69,PIE!AA69,PIE!J80,PIE!AA80,PIE!J91,PIE!AA91) -> 86 | N61: =sum(PIE!K3,PIE!AB3,PIE!K11,PIE!AB11,PIE!K19,PIE!AB19,PIE!K29,PIE!AB29,PIE!K39,PIE!AB39,PIE!K49,PIE!AB49,PIE!K59,PIE!AB59,PIE!K69,PIE!AB69,PIE!K80,PIE!AB80,PIE!K91,PIE!AB91) -> 165 | O61: =sum(PIE!L3,PIE!AC3,PIE!L11,PIE!AC11,PIE!L19,PIE!AC19,PIE!L29,PIE!AC29,PIE!L39,PIE!AC39,PIE!L49,PIE!AC49,PIE!L59,PIE!AC59,PIE!L69,PIE!AC69,PIE!L80,PIE!AC80,PIE!L91,PIE!AC91) -> 18 | P61: =sum(PIE!M3,PIE!AD3,PIE!M11,PIE!AD11,PIE!M19,PIE!AD19,PIE!M29,PIE!AD29,PIE!M39,PIE!AD39,PIE!M49,PIE!AD49,PIE!M59,PIE!AD59,PIE!M69,PIE!AD69,PIE!M80,PIE!AD80,PIE!M91,PIE!AD91) -> 5 | Q61: =sum(PIE!N3,PIE!AE3,PIE!N11,PIE!AE11,PIE!N19,PIE!AE19,PIE!N29,PIE!AE29,PIE!N39,PIE!AE39,PIE!N49,PIE!AE49,PIE!N59,PIE!AE59,PIE!N69,PIE!AE69,PIE!N80,PIE!AE80,PIE!N91,PIE!AE91) -> 25 | R61: =sum(PIE!O3,PIE!AF3,PIE!O11,PIE!AF11,PIE!O19,PIE!AF19,PIE!O29,PIE!AF29,PIE!O39,PIE!AF39,PIE!O49,PIE!AF49,PIE!O59,PIE!AF59,PIE!O69,PIE!AF69,PIE!O80,PIE!AF80,PIE!O91,PIE!AF91) -> 0 | S61: =sum(PIE!P3,PIE!AG3,PIE!P11,PIE!AG11,PIE!P19,PIE!AG19,PIE!P29,PIE!AG29,PIE!P39,PIE!AG39,PIE!P49,PIE!AG49,PIE!P59,PIE!AG59,PIE!P69,PIE!AG69,PIE!P80,PIE!AG80,PIE!P91,PIE!AG91) -> 0 | T61: =J61/I61 -> 0.00022906096
A62: Poisonous If Eaten | B62: Silva (to MM) | C62: =sum(D62:E62) -> 4 | D62: 0 | E62: 4 | F62: =sum(PIE!C4,PIE!T4,PIE!C12,PIE!T12,PIE!C20,PIE!T20,PIE!C30,PIE!T30,PIE!C40,PIE!T40,PIE!C50,PIE!T50,PIE!C60,PIE!T60,PIE!C70,PIE!T70,PIE!C81,PIE!T81,PIE!C92,PIE!T92) -> 1 | G62: =sum(PIE!D4,PIE!U4,PIE!D12,PIE!U12,PIE!D20,PIE!U20,PIE!D30,PIE!U30,PIE!D40,PIE!U40,PIE!D50,PIE!U50,PIE!D60,PIE!U60,PIE!D70,PIE!U70,PIE!D81,PIE!U81,PIE!D92,PIE!U92) -> 367 | H62: =sum(PIE!E4,PIE!V4,PIE!E12,PIE!V12,PIE!E20,PIE!V20,PIE!E30,PIE!V30,PIE!E40,PIE!V40,PIE!E50,PIE!V50,PIE!E60,PIE!V60,PIE!E70,PIE!V70,PIE!E81,PIE!V81,PIE!E92,PIE!V92) -> 2 | I62: =sum(PIE!F4,PIE!W4,PIE!F12,PIE!W12,PIE!F20,PIE!W20,PIE!F30,PIE!W30,PIE!F40,PIE!W40,PIE!F50,PIE!W50,PIE!F60,PIE!W60,PIE!F70,PIE!W70,PIE!F81,PIE!W81,PIE!F92,PIE!W92) -> 295 | J62: =sum(PIE!G4,PIE!X4,PIE!G12,PIE!X12,PIE!G20,PIE!X20,PIE!G30,PIE!X30,PIE!G40,PIE!X40,PIE!G50,PIE!X50,PIE!G60,PIE!X60,PIE!G70,PIE!X70,PIE!G81,PIE!X81,PIE!G92,PIE!X92) -> 0.062696759 | K62: =sum(PIE!H4,PIE!Y4,PIE!H12,PIE!Y12,PIE!H20,PIE!Y20,PIE!H30,PIE!Y30,PIE!H40,PIE!Y40,PIE!H50,PIE!Y50,PIE!H60,PIE!Y60,PIE!H70,PIE!Y70,PIE!H81,PIE!Y81,PIE!H92,PIE!Y92) -> 72 | L62: =K62/(HOUR(J62)*60+(MINUTE(J62)+((SECOND(J62)/60)))) -> 0.79748939 | M62: =sum(PIE!J4,PIE!AA4,PIE!J12,PIE!AA12,PIE!J20,PIE!AA20,PIE!J30,PIE!AA30,PIE!J40,PIE!AA40,PIE!J50,PIE!AA50,PIE!J60,PIE!AA60,PIE!J70,PIE!AA70,PIE!J81,PIE!AA81,PIE!J92,PIE!AA92) -> 16 | N62: =sum(PIE!K4,PIE!AB4,PIE!K12,PIE!AB12,PIE!K20,PIE!AB20,PIE!K30,PIE!AB30,PIE!K40,PIE!AB40,PIE!K50,PIE!AB50,PIE!K60,PIE!AB60,PIE!K70,PIE!AB70,PIE!K81,PIE!AB81,PIE!K92,PIE!AB92) -> 53 | O62: =sum(PIE!L4,PIE!AC4,PIE!L12,PIE!AC12,PIE!L20,PIE!AC20,PIE!L30,PIE!AC30,PIE!L40,PIE!AC40,PIE!L50,PIE!AC50,PIE!L60,PIE!AC60,PIE!L70,PIE!AC70,PIE!L81,PIE!AC81,PIE!L92,PIE!AC92) -> 13 | P62: =sum(PIE!M4,PIE!AD4,PIE!M12,PIE!AD12,PIE!M20,PIE!AD20,PIE!M30,PIE!AD30,PIE!M40,PIE!AD40,PIE!M50,PIE!AD50,PIE!M60,PIE!AD60,PIE!M70,PIE!AD70,PIE!M81,PIE!AD81,PIE!M92,PIE!AD92) -> 2 | Q62: =sum(PIE!N4,PIE!AE4,PIE!N12,PIE!AE12,PIE!N20,PIE!AE20,PIE!N30,PIE!AE30,PIE!N40,PIE!AE40,PIE!N50,PIE!AE50,PIE!N60,PIE!AE60,PIE!N70,PIE!AE70,PIE!N81,PIE!AE81,PIE!N92,PIE!AE92) -> 9 | R62: =sum(PIE!O4,PIE!AF4,PIE!O12,PIE!AF12,PIE!O20,PIE!AF20,PIE!O30,PIE!AF30,PIE!O40,PIE!AF40,PIE!O50,PIE!AF50,PIE!O60,PIE!AF60,PIE!O70,PIE!AF70,PIE!O81,PIE!AF81,PIE!O92,PIE!AF92) -> 0 | S62: =sum(PIE!P4,PIE!AG4,PIE!P12,PIE!AG12,PIE!P20,PIE!AG20,PIE!P30,PIE!AG30,PIE!P40,PIE!AG40,PIE!P50,PIE!AG50,PIE!P60,PIE!AG60,PIE!P70,PIE!AG70,PIE!P81,PIE!AG81,PIE!P92,PIE!AG92) -> 0 | T62: =J62/I62 -> 0.00021253139
A63: Poisonous If Eaten | B63: GodSnipezX (to OID) | C63: =sum(D63:E63) -> 4 | D63: 0 | E63: 4 | F63: =sum(PIE!C5,PIE!T5,PIE!C13,PIE!T13,PIE!C21,PIE!T21,PIE!C31,PIE!T31,PIE!C41,PIE!T41,PIE!C51,PIE!T51,PIE!C61,PIE!T61,PIE!C71,PIE!T71,PIE!C82,PIE!T82,PIE!C93,PIE!T93) -> 2 | G63: =sum(PIE!D5,PIE!U5,PIE!D13,PIE!U13,PIE!D21,PIE!U21,PIE!D31,PIE!U31,PIE!D41,PIE!U41,PIE!D51,PIE!U51,PIE!D61,PIE!U61,PIE!D71,PIE!U71,PIE!D82,PIE!U82,PIE!D93,PIE!U93) -> 320 | H63: =sum(PIE!E5,PIE!V5,PIE!E13,PIE!V13,PIE!E21,PIE!V21,PIE!E31,PIE!V31,PIE!E41,PIE!V41,PIE!E51,PIE!V51,PIE!E61,PIE!V61,PIE!E71,PIE!V71,PIE!E82,PIE!V82,PIE!E93,PIE!V93) -> 1 | I63: =sum(PIE!F5,PIE!W5,PIE!F13,PIE!W13,PIE!F21,PIE!W21,PIE!F31,PIE!W31,PIE!F41,PIE!W41,PIE!F51,PIE!W51,PIE!F61,PIE!W61,PIE!F71,PIE!W71,PIE!F82,PIE!W82,PIE!F93,PIE!W93) -> 337 | J63: =sum(PIE!G5,PIE!X5,PIE!G13,PIE!X13,PIE!G21,PIE!X21,PIE!G31,PIE!X31,PIE!G41,PIE!X41,PIE!G51,PIE!X51,PIE!G61,PIE!X61,PIE!G71,PIE!X71,PIE!G82,PIE!X82,PIE!G93,PIE!X93) -> 0.062696759 | K63: =sum(PIE!H5,PIE!Y5,PIE!H13,PIE!Y13,PIE!H21,PIE!Y21,PIE!H31,PIE!Y31,PIE!H41,PIE!Y41,PIE!H51,PIE!Y51,PIE!H61,PIE!Y61,PIE!H71,PIE!Y71,PIE!H82,PIE!Y82,PIE!H93,PIE!Y93) -> -17 | L63: =K63/(HOUR(J63)*60+(MINUTE(J63)+((SECOND(J63)/60)))) -> -0.1882961 | M63: =sum(PIE!J5,PIE!AA5,PIE!J13,PIE!AA13,PIE!J21,PIE!AA21,PIE!J31,PIE!AA31,PIE!J41,PIE!AA41,PIE!J51,PIE!AA51,PIE!J61,PIE!AA61,PIE!J71,PIE!AA71,PIE!J82,PIE!AA82,PIE!J93,PIE!AA93) -> 10 | N63: =sum(PIE!K5,PIE!AB5,PIE!K13,PIE!AB13,PIE!K21,PIE!AB21,PIE!K31,PIE!AB31,PIE!K41,PIE!AB41,PIE!K51,PIE!AB51,PIE!K61,PIE!AB61,PIE!K71,PIE!AB71,PIE!K82,PIE!AB82,PIE!K93,PIE!AB93) -> 54 | O63: =sum(PIE!L5,PIE!AC5,PIE!L13,PIE!AC13,PIE!L21,PIE!AC21,PIE!L31,PIE!AC31,PIE!L41,PIE!AC41,PIE!L51,PIE!AC51,PIE!L61,PIE!AC61,PIE!L71,PIE!AC71,PIE!L82,PIE!AC82,PIE!L93,PIE!AC93) -> 8 | P63: =sum(PIE!M5,PIE!AD5,PIE!M13,PIE!AD13,PIE!M21,PIE!AD21,PIE!M31,PIE!AD31,PIE!M41,PIE!AD41,PIE!M51,PIE!AD51,PIE!M61,PIE!AD61,PIE!M71,PIE!AD71,PIE!M82,PIE!AD82,PIE!M93,PIE!AD93) -> 1 | Q63: =sum(PIE!N5,PIE!AE5,PIE!N13,PIE!AE13,PIE!N21,PIE!AE21,PIE!N31,PIE!AE31,PIE!N41,PIE!AE41,PIE!N51,PIE!AE51,PIE!N61,PIE!AE61,PIE!N71,PIE!AE71,PIE!N82,PIE!AE82,PIE!N93,PIE!AE93) -> 9 | R63: =sum(PIE!O5,PIE!AF5,PIE!O13,PIE!AF13,PIE!O21,PIE!AF21,PIE!O31,PIE!AF31,PIE!O41,PIE!AF41,PIE!O51,PIE!AF51,PIE!O61,PIE!AF61,PIE!O71,PIE!AF71,PIE!O82,PIE!AF82,PIE!O93,PIE!AF93) -> 1 | S63: =sum(PIE!P5,PIE!AG5,PIE!P13,PIE!AG13,PIE!P21,PIE!AG21,PIE!P31,PIE!AG31,PIE!P41,PIE!AG41,PIE!P51,PIE!AG51,PIE!P61,PIE!AG61,PIE!P71,PIE!AG71,PIE!P82,PIE!AG82,PIE!P93,PIE!AG93) -> 0 | T63: =J63/I63 -> 0.0001860438
A64: Poisonous If Eaten | B64: x0 pie x0 | C64: =sum(D64:E64) -> 15 | D64: 3 | E64: 12 | F64: =sum(PIE!C6,PIE!T6,PIE!C14,PIE!T14,PIE!C22,PIE!T22,PIE!C32,PIE!T32,PIE!C42,PIE!T42,PIE!C52,PIE!T52,PIE!C62,PIE!T62,PIE!C72,PIE!T72,PIE!C83,PIE!T83,PIE!C94,PIE!T94) -> 15 | G64: =sum(PIE!D6,PIE!U6,PIE!D14,PIE!U14,PIE!D22,PIE!U22,PIE!D32,PIE!U32,PIE!D42,PIE!U42,PIE!D52,PIE!U52,PIE!D62,PIE!U62,PIE!D72,PIE!U72,PIE!D83,PIE!U83,PIE!D94,PIE!U94) -> 865 | H64: =sum(PIE!E6,PIE!V6,PIE!E14,PIE!V14,PIE!E22,PIE!V22,PIE!E32,PIE!V32,PIE!E42,PIE!V42,PIE!E52,PIE!V52,PIE!E62,PIE!V62,PIE!E72,PIE!V72,PIE!E83,PIE!V83,PIE!E94,PIE!V94) -> 7 | I64: =sum(PIE!F6,PIE!W6,PIE!F14,PIE!W14,PIE!F22,PIE!W22,PIE!F32,PIE!W32,PIE!F42,PIE!W42,PIE!F52,PIE!W52,PIE!F62,PIE!W62,PIE!F72,PIE!W72,PIE!F83,PIE!W83,PIE!F94,PIE!W94) -> 1215 | J64: =sum(PIE!G6,PIE!X6,PIE!G14,PIE!X14,PIE!G22,PIE!X22,PIE!G32,PIE!X32,PIE!G42,PIE!X42,PIE!G52,PIE!X52,PIE!G62,PIE!X62,PIE!G72,PIE!X72,PIE!G83,PIE!X83,PIE!G94,PIE!X94) -> 0.26913194 | K64: =sum(PIE!H6,PIE!Y6,PIE!H14,PIE!Y14,PIE!H22,PIE!Y22,PIE!H32,PIE!Y32,PIE!H42,PIE!Y42,PIE!H52,PIE!Y52,PIE!H62,PIE!Y62,PIE!H72,PIE!Y72,PIE!H83,PIE!Y83,PIE!H94,PIE!Y94) -> -350 | L64: =K64/(HOUR(J64)*60+(MINUTE(J64)+((SECOND(J64)/60)))) -> -0.90310928 | M64: =sum(PIE!J6,PIE!AA6,PIE!J14,PIE!AA14,PIE!J22,PIE!AA22,PIE!J32,PIE!AA32,PIE!J42,PIE!AA42,PIE!J52,PIE!AA52,PIE!J62,PIE!AA62,PIE!J72,PIE!AA72,PIE!J83,PIE!AA83,PIE!J94,PIE!AA94) -> 24 | N64: =sum(PIE!K6,PIE!AB6,PIE!K14,PIE!AB14,PIE!K22,PIE!AB22,PIE!K32,PIE!AB32,PIE!K42,PIE!AB42,PIE!K52,PIE!AB52,PIE!K62,PIE!AB62,PIE!K72,PIE!AB72,PIE!K83,PIE!AB83,PIE!K94,PIE!AB94) -> 85 | O64: =sum(PIE!L6,PIE!AC6,PIE!L14,PIE!AC14,PIE!L22,PIE!AC22,PIE!L32,PIE!AC32,PIE!L42,PIE!AC42,PIE!L52,PIE!AC52,PIE!L62,PIE!AC62,PIE!L72,PIE!AC72,PIE!L83,PIE!AC83,PIE!L94,PIE!AC94) -> 16 | P64: =sum(PIE!M6,PIE!AD6,PIE!M14,PIE!AD14,PIE!M22,PIE!AD22,PIE!M32,PIE!AD32,PIE!M42,PIE!AD42,PIE!M52,PIE!AD52,PIE!M62,PIE!AD62,PIE!M72,PIE!AD72,PIE!M83,PIE!AD83,PIE!M94,PIE!AD94) -> 4 | Q64: =sum(PIE!N6,PIE!AE6,PIE!N14,PIE!AE14,PIE!N22,PIE!AE22,PIE!N32,PIE!AE32,PIE!N42,PIE!AE42,PIE!N52,PIE!AE52,PIE!N62,PIE!AE62,PIE!N72,PIE!AE72,PIE!N83,PIE!AE83,PIE!N94,PIE!AE94) -> 13 | R64: =sum(PIE!O6,PIE!AF6,PIE!O14,PIE!AF14,PIE!O22,PIE!AF22,PIE!O32,PIE!AF32,PIE!O42,PIE!AF42,PIE!O52,PIE!AF52,PIE!O62,PIE!AF62,PIE!O72,PIE!AF72,PIE!O83,PIE!AF83,PIE!O94,PIE!AF94) -> 0 | S64: =sum(PIE!P6,PIE!AG6,PIE!P14,PIE!AG14,PIE!P22,PIE!AG22,PIE!P32,PIE!AG32,PIE!P42,PIE!AG42,PIE!P52,PIE!AG52,PIE!P62,PIE!AG62,PIE!P72,PIE!AG72,PIE!P83,PIE!AG83,PIE!P94,PIE!AG94) -> 0 | T64: =J64/I64 -> 0.00022150777
A65: Poisonous If Eaten | B65: Conra (From MM) | C65: =sum(D65:E65) -> 5 | D65: 0 | E65: 5 | F65: =sum(PIE!C23,PIE!T23,PIE!C33,PIE!T33,PIE!C43,PIE!T43,PIE!C53,PIE!T53,PIE!C63,PIE!T63,PIE!C73,PIE!T73,PIE!C84,PIE!T84,PIE!C95,PIE!T95) -> 0 | G65: =sum(PIE!D23,PIE!U23,PIE!D33,PIE!U33,PIE!D43,PIE!U43,PIE!D53,PIE!U53,PIE!D63,PIE!U63,PIE!D73,PIE!U73,PIE!D84,PIE!U84,PIE!D95,PIE!U95) -> 422 | H65: =sum(PIE!E23,PIE!V23,PIE!E33,PIE!V33,PIE!E43,PIE!V43,PIE!E53,PIE!V53,PIE!E63,PIE!V63,PIE!E73,PIE!V73,PIE!E84,PIE!V84,PIE!E95,PIE!V95) -> 4 | I65: =sum(PIE!F23,PIE!W23,PIE!F33,PIE!W33,PIE!F43,PIE!W43,PIE!F53,PIE!W53,PIE!F63,PIE!W63,PIE!F73,PIE!W73,PIE!F84,PIE!W84,PIE!F95,PIE!W95) -> 635 | J65: =sum(PIE!G23,PIE!X23,PIE!G33,PIE!X33,PIE!G43,PIE!X43,PIE!G53,PIE!X53,PIE!G63,PIE!X63,PIE!G73,PIE!X73,PIE!G84,PIE!X84,PIE!G95,PIE!X95) -> 0.093414352 | K65: =sum(PIE!H23,PIE!Y23,PIE!H33,PIE!Y33,PIE!H43,PIE!Y43,PIE!H53,PIE!Y53,PIE!H63,PIE!Y63,PIE!H73,PIE!Y73,PIE!H84,PIE!Y84,PIE!H95,PIE!Y95) -> -213 | L65: =K65/(HOUR(J65)*60+(MINUTE(J65)+((SECOND(J65)/60)))) -> -1.5834469 | M65: =sum(PIE!J23,PIE!AA23,PIE!J33,PIE!AA33,PIE!J43,PIE!AA43,PIE!J53,PIE!AA53,PIE!J63,PIE!AA63,PIE!J73,PIE!AA73,PIE!J84,PIE!AA84,PIE!J95,PIE!AA95) -> 20 | N65: =sum(PIE!K23,PIE!AB23,PIE!K33,PIE!AB33,PIE!K43,PIE!AB43,PIE!K53,PIE!AB53,PIE!K63,PIE!AB63,PIE!K73,PIE!AB73,PIE!K84,PIE!AB84,PIE!K95,PIE!AB95) -> 41 | O65: =sum(PIE!L23,PIE!AC23,PIE!L33,PIE!AC33,PIE!L43,PIE!AC43,PIE!L53,PIE!AC53,PIE!L63,PIE!AC63,PIE!L73,PIE!AC73,PIE!L84,PIE!AC84,PIE!L95,PIE!AC95) -> 8 | P65: =sum(PIE!M23,PIE!AD23,PIE!M33,PIE!AD33,PIE!M43,PIE!AD43,PIE!M53,PIE!AD53,PIE!M63,PIE!AD63,PIE!M73,PIE!AD73,PIE!M84,PIE!AD84,PIE!M95,PIE!AD95) -> 4 | Q65: =sum(PIE!N23,PIE!AE23,PIE!N33,PIE!AE33,PIE!N43,PIE!AE43,PIE!N53,PIE!AE53,PIE!N63,PIE!AE63,PIE!N73,PIE!AE73,PIE!N84,PIE!AE84,PIE!N95,PIE!AE95) -> 2 | R65: =sum(PIE!O23,PIE!AF23,PIE!O33,PIE!AF33,PIE!O43,PIE!AF43,PIE!O53,PIE!AF53,PIE!O63,PIE!AF63,PIE!O73,PIE!AF73,PIE!O84,PIE!AF84,PIE!O95,PIE!AF95) -> 0 | S65: =sum(PIE!P23,PIE!AG23,PIE!P33,PIE!AG33,PIE!P43,PIE!AG43,PIE!P53,PIE!AG53,PIE!P63,PIE!AG63,PIE!P73,PIE!AG73,PIE!P84,PIE!AG84,PIE!P95,PIE!AG95) -> 0 | T65: =J65/I65 -> 0.00014710922
A66: Poisonous If Eaten | B66: AJDaJuiceMayne (From OD) | C66: =sum(D66:E66) -> 8 | D66: 0 | E66: 8 | F66: =sum(PIE!C24,PIE!T24,PIE!C34,PIE!T34,PIE!C44,PIE!T44,PIE!C54,PIE!T54,PIE!C64,PIE!T64,PIE!C74,PIE!T74,PIE!C85,PIE!T85,PIE!C96,PIE!T96) -> 3 | G66: =sum(PIE!D24,PIE!U24,PIE!D34,PIE!U34,PIE!D44,PIE!U44,PIE!D54,PIE!U54,PIE!D64,PIE!U64,PIE!D74,PIE!U74,PIE!D85,PIE!U85,PIE!D96,PIE!U96) -> 851 | H66: =sum(PIE!E24,PIE!V24,PIE!E34,PIE!V34,PIE!E44,PIE!V44,PIE!E54,PIE!V54,PIE!E64,PIE!V64,PIE!E74,PIE!V74,PIE!E85,PIE!V85,PIE!E96,PIE!V96) -> 3 | I66: =sum(PIE!F24,PIE!W24,PIE!F34,PIE!W34,PIE!F44,PIE!W44,PIE!F54,PIE!W54,PIE!F64,PIE!W64,PIE!F74,PIE!W74,PIE!F85,PIE!W85,PIE!F96,PIE!W96) -> 912 | J66: =sum(PIE!G24,PIE!X24,PIE!G34,PIE!X34,PIE!G44,PIE!X44,PIE!G54,PIE!X54,PIE!G64,PIE!X64,PIE!G74,PIE!X74,PIE!G85,PIE!X85,PIE!G96,PIE!X96) -> 0.16763889 | K66: =sum(PIE!H24,PIE!Y24,PIE!H34,PIE!Y34,PIE!H44,PIE!Y44,PIE!H54,PIE!Y54,PIE!H64,PIE!Y64,PIE!H74,PIE!Y74,PIE!H85,PIE!Y85,PIE!H96,PIE!Y96) -> -61 | L66: =K66/(HOUR(J66)*60+(MINUTE(J66)+((SECOND(J66)/60)))) -> -0.25269263 | M66: =sum(PIE!J24,PIE!AA24,PIE!J34,PIE!AA34,PIE!J44,PIE!AA44,PIE!J54,PIE!AA54,PIE!J64,PIE!AA64,PIE!J74,PIE!AA74,PIE!J85,PIE!AA85,PIE!J96,PIE!AA96) -> 36 | N66: =sum(PIE!K24,PIE!AB24,PIE!K34,PIE!AB34,PIE!K44,PIE!AB44,PIE!K54,PIE!AB54,PIE!K64,PIE!AB64,PIE!K74,PIE!AB74,PIE!K85,PIE!AB85,PIE!K96,PIE!AB96) -> 124 | O66: =sum(PIE!L24,PIE!AC24,PIE!L34,PIE!AC34,PIE!L44,PIE!AC44,PIE!L54,PIE!AC54,PIE!L64,PIE!AC64,PIE!L74,PIE!AC74,PIE!L85,PIE!AC85,PIE!L96,PIE!AC96) -> 22 | P66: =sum(PIE!M24,PIE!AD24,PIE!M34,PIE!AD34,PIE!M44,PIE!AD44,PIE!M54,PIE!AD54,PIE!M64,PIE!AD64,PIE!M74,PIE!AD74,PIE!M85,PIE!AD85,PIE!M96,PIE!AD96) -> 6 | Q66: =sum(PIE!N24,PIE!AE24,PIE!N34,PIE!AE34,PIE!N44,PIE!AE44,PIE!N54,PIE!AE54,PIE!N64,PIE!AE64,PIE!N74,PIE!AE74,PIE!N85,PIE!AE85,PIE!N96,PIE!AE96) -> 28 | R66: =sum(PIE!O24,PIE!AF24,PIE!O34,PIE!AF34,PIE!O44,PIE!AF44,PIE!O54,PIE!AF54,PIE!O64,PIE!AF64,PIE!O74,PIE!AF74,PIE!O85,PIE!AF85,PIE!O96,PIE!AF96) -> 2 | S66: =sum(PIE!P24,PIE!AG24,PIE!P34,PIE!AG34,PIE!P44,PIE!AG44,PIE!P54,PIE!AG54,PIE!P64,PIE!AG64,PIE!P74,PIE!AG74,PIE!P85,PIE!AG85,PIE!P96,PIE!AG96) -> 0 | T66: =J66/I66 -> 0.00018381457
A67: Poisonous If Eaten | B67: Fanciest Pants (From MM) | C67: =sum(D67:E67) -> 14 | D67: 3 | E67: 11 | F67: =sum(PIE!C25,PIE!T25,PIE!C35,PIE!T35,PIE!C45,PIE!T45,PIE!C55,PIE!T55,PIE!C65,PIE!T65,PIE!C75,PIE!T75,PIE!C86,PIE!T86,PIE!C97,PIE!T97) -> 2 | G67: =sum(PIE!D25,PIE!U25,PIE!D35,PIE!U35,PIE!D45,PIE!U45,PIE!D55,PIE!U55,PIE!D65,PIE!U65,PIE!D75,PIE!U75,PIE!D86,PIE!U86,PIE!D97,PIE!U97) -> 1507 | H67: =sum(PIE!E25,PIE!V25,PIE!E35,PIE!V35,PIE!E45,PIE!V45,PIE!E55,PIE!V55,PIE!E65,PIE!V65,PIE!E75,PIE!V75,PIE!E86,PIE!V86,PIE!E97,PIE!V97) -> 5 | I67: =sum(PIE!F25,PIE!W25,PIE!F35,PIE!W35,PIE!F45,PIE!W45,PIE!F55,PIE!W55,PIE!F65,PIE!W65,PIE!F75,PIE!W75,PIE!F86,PIE!W86,PIE!F97,PIE!W97) -> 1509 | J67: =sum(PIE!G25,PIE!X25,PIE!G35,PIE!X35,PIE!G45,PIE!X45,PIE!G55,PIE!X55,PIE!G65,PIE!X65,PIE!G75,PIE!X75,PIE!G86,PIE!X86,PIE!G97,PIE!X97) -> 0.28341435 | K67: =sum(PIE!H25,PIE!Y25,PIE!H35,PIE!Y35,PIE!H45,PIE!Y45,PIE!H55,PIE!Y55,PIE!H65,PIE!Y65,PIE!H75,PIE!Y75,PIE!H86,PIE!Y86,PIE!H97,PIE!Y97) -> -2 | L67: =K67/(HOUR(J67)*60+(MINUTE(J67)+((SECOND(J67)/60)))) -> -0.0049005595 | M67: =sum(PIE!J25,PIE!AA25,PIE!J35,PIE!AA35,PIE!J45,PIE!AA45,PIE!J55,PIE!AA55,PIE!J65,PIE!AA65,PIE!J75,PIE!AA75,PIE!J86,PIE!AA86,PIE!J97,PIE!AA97) -> 34 | N67: =sum(PIE!K25,PIE!AB25,PIE!K35,PIE!AB35,PIE!K45,PIE!AB45,PIE!K55,PIE!AB55,PIE!K65,PIE!AB65,PIE!K75,PIE!AB75,PIE!K86,PIE!AB86,PIE!K97,PIE!AB97) -> 226 | O67: =sum(PIE!L25,PIE!AC25,PIE!L35,PIE!AC35,PIE!L45,PIE!AC45,PIE!L55,PIE!AC55,PIE!L65,PIE!AC65,PIE!L75,PIE!AC75,PIE!L86,PIE!AC86,PIE!L97,PIE!AC97) -> 32 | P67: =sum(PIE!M25,PIE!AD25,PIE!M35,PIE!AD35,PIE!M45,PIE!AD45,PIE!M55,PIE!AD55,PIE!M65,PIE!AD65,PIE!M75,PIE!AD75,PIE!M86,PIE!AD86,PIE!M97,PIE!AD97) -> 7 | Q67: =sum(PIE!N25,PIE!AE25,PIE!N35,PIE!AE35,PIE!N45,PIE!AE45,PIE!N55,PIE!AE55,PIE!N65,PIE!AE65,PIE!N75,PIE!AE75,PIE!N86,PIE!AE86,PIE!N97,PIE!AE97) -> 27 | R67: =sum(PIE!O25,PIE!AF25,PIE!O35,PIE!AF35,PIE!O45,PIE!AF45,PIE!O55,PIE!AF55,PIE!O65,PIE!AF65,PIE!O75,PIE!AF75,PIE!O86,PIE!AF86,PIE!O97,PIE!AF97) -> 0 | S67: =sum(PIE!P25,PIE!AG25,PIE!P35,PIE!AG35,PIE!P45,PIE!AG45,PIE!P55,PIE!AG55,PIE!P65,PIE!AG65,PIE!P75,PIE!AG75,PIE!P86,PIE!AG86,PIE!P97,PIE!AG97) -> 0 | T67: =J67/I67 -> 0.00018781601
A68: Poisonous If Eaten | B68: Dcleak (Sub) | C68: 2 | D68: 1 | E68: 1 | F68: =sum(PIE!C76,PIE!T76) -> 0 | G68: =sum(PIE!D76,PIE!U76) -> 278 | H68: =sum(PIE!E76,PIE!V76) -> 1 | I68: =sum(PIE!F76,PIE!W76) -> 320 | J68: =sum(PIE!G76,PIE!X76) -> 0.060706019 | K68: =sum(PIE!H76,PIE!Y76) -> -42 | L68: =K68/(HOUR(J68)*60+(MINUTE(J68)+((SECOND(J68)/60)))) -> -0.48045758 | M68: =sum(PIE!J76,PIE!AA76) -> 10 | N68: =sum(PIE!K76,PIE!AB76) -> 45 | O68: =sum(PIE!L76,PIE!AC76) -> 11 | P68: =sum(PIE!M76,PIE!AD76) -> 4 | Q68: =sum(PIE!N76,PIE!AE76) -> 7 | R68: =sum(PIE!O76,PIE!AF76) -> 0 | S68: =sum(PIE!P76,PIE!AG76) -> 0 | T68: =J68/I68 -> 0.00018970631
B69: jbar (Sub) | C69: =sum(D69:E69) -> 2 | D69: 2 | E69: 0 | F69: =sum(PIE!C87,PIE!T87) -> 3 | G69: =sum(PIE!D87,PIE!U87) -> 204 | H69: =sum(PIE!E87,PIE!V87) -> 3 | I69: =sum(PIE!F87,PIE!W87) -> 236 | J69: =sum(PIE!G87,PIE!X87) -> 0.038634259 | K69: =sum(PIE!H87,PIE!Y87) -> -32 | L69: =K69/(HOUR(J69)*60+(MINUTE(J69)+((SECOND(J69)/60)))) -> -0.57519473 | M69: =sum(PIE!J87,PIE!AA87) -> 13 | N69: =sum(PIE!K87,PIE!AB87) -> 24 | O69: =sum(PIE!L87,PIE!AC87) -> 6 | P69: =sum(PIE!M87,PIE!AD87) -> 4 | Q69: =sum(PIE!N87,PIE!AE87) -> 5 | R69: =sum(PIE!O87,PIE!AF87) -> 0 | S69: =sum(PIE!P87,PIE!AG87) -> 0 | T69: =J69/I69 -> 0.00016370449

Sheet Playoff Stats
A1: Team | B1: Player | C1: Games | D1: Wins | E1: Losses | F1: Goals | G1: Kills | H1: Assists | I1: Deaths | J1: Time | K1: K-D | L1: (K-D)/minute | M1: Stops | N1: Doubles | O1: Triples | P1: Over+ | Q1: Sprees | R1: Exterm | S1: Sword Spree | T1: AVG Life
A2: Only in Dreams | B2: its bck | C2: =sum(D2:E2) -> 3 | D2: 2 | E2: 1 | F2: =sum(#REF!,#REF!,OID!C3,OID!T3,OID!C11,OID!T11,OID!C19,OID!T19,OID!C27,OID!T27,OID!C35,OID!T35,OID!C43,OID!T43,OID!C51,OID!T51,OID!C59,OID!T59,OID!C67,OID!T67) -> #REF! | G2: =sum(#REF!,#REF!,OID!D3,OID!U3,OID!D11,OID!U11,OID!D19,OID!U19,OID!D27,OID!U27,OID!D35,OID!U35,OID!D43,OID!U43,OID!D51,OID!U51,OID!D59,OID!U59,OID!D67,OID!U67) -> #REF! | H2: =sum(#REF!,#REF!,OID!E3,OID!V3,OID!E11,OID!V11,OID!E19,OID!V19,OID!E27,OID!V27,OID!E35,OID!V35,OID!E43,OID!V43,OID!E51,OID!V51,OID!E59,OID!V59,OID!E67,OID!V67) -> #REF! | I2: =sum(#REF!,#REF!,OID!F3,OID!W3,OID!F11,OID!W11,OID!F19,OID!W19,OID!F27,OID!W27,OID!F35,OID!W35,OID!F43,OID!W43,OID!F51,OID!W51,OID!F59,OID!W59,OID!F67,OID!W67) -> #REF! | J2: =sum(#REF!,#REF!,OID!G3,OID!X3,OID!G11,OID!X11,OID!G19,OID!X19,OID!G27,OID!X27,OID!G35,OID!X35,OID!G43,OID!X43,OID!G51,OID!X51,OID!G59,OID!X59,OID!G67,OID!X67) -> #REF! | K2: =sum(#REF!,#REF!,OID!H3,OID!Y3,OID!H11,OID!Y11,OID!H19,OID!Y19,OID!H27,OID!Y27,OID!H35,OID!Y35,OID!H43,OID!Y43,OID!H51,OID!Y51,OID!H59,OID!Y59,OID!H67,OID!Y67) -> #REF! | L2: =K2/(HOUR(J2)*60+(MINUTE(J2)+((SECOND(J2)/60)))) -> #REF! | M2: =sum(#REF!,#REF!,OID!J3,OID!AA3,OID!J11,OID!AA11,OID!J19,OID!AA19,OID!J27,OID!AA27,OID!J35,OID!AA35,OID!J43,OID!AA43,OID!J51,OID!AA51,OID!J59,OID!AA59,OID!J67,OID!AA67) -> #REF! | N2: =sum(#REF!,#REF!,OID!K3,OID!AB3,OID!K11,OID!AB11,OID!K19,OID!AB19,OID!K27,OID!AB27,OID!K35,OID!AB35,OID!K43,OID!AB43,OID!K51,OID!AB51,OID!K59,OID!AB59,OID!K67,OID!AB67) -> #REF! | O2: =sum(#REF!,#REF!,OID!L3,OID!AC3,OID!L11,OID!AC11,OID!L19,OID!AC19,OID!L27,OID!AC27,OID!L35,OID!AC35,OID!L43,OID!AC43,OID!L51,OID!AC51,OID!L59,OID!AC59,OID!L67,OID!AC67) -> #REF! | P2: =sum(#REF!,#REF!,OID!M3,OID!AD3,OID!M11,OID!AD11,OID!M19,OID!AD19,OID!M27,OID!AD27,OID!M35,OID!AD35,OID!M43,OID!AD43,OID!M51,OID!AD51,OID!M59,OID!AD59,OID!M67,OID!AD67) -> #REF! | Q2: =sum(#REF!,#REF!,OID!N3,OID!AE3,OID!N11,OID!AE11,OID!N19,OID!AE19,OID!N27,OID!AE27,OID!N35,OID!AE35,OID!N43,OID!AE43,OID!N51,OID!AE51,OID!N59,OID!AE59,OID!N67,OID!AE67) -> #REF! | R2: =sum(#REF!,#REF!,OID!O3,OID!AF3,OID!O11,OID!AF11,OID!O19,OID!AF19,OID!O27,OID!AF27,OID!O35,OID!AF35,OID!O43,OID!AF43,OID!O51,OID!AF51,OID!O59,OID!AF59,OID!O67,OID!AF67) -> #REF! | S2: =sum(#REF!,#REF!,OID!P3,OID!AG3,OID!P11,OID!AG11,OID!P19,OID!AG19,OID!P27,OID!AG27,OID!P35,OID!AG35,OID!P43,OID!AG43,OID!P51,OID!AG51,OID!P59,OID!AG59,OID!P67,OID!AG67) -> #REF! | T2: =J2/I2 -> #REF!
A3: Only in Dreams | B3: Dhmon (From MM) | C3: =sum(D3:E3) -> 3 | D3: 2 | E3: 1 | F3: =sum(#REF!,#REF!,OID!C4,OID!T4,OID!C12,OID!T12,OID!C20,OID!T20,OID!C28,OID!T28,OID!C36,OID!T36,OID!C44,OID!T44,OID!C52,OID!T52,OID!C60,OID!T60,OID!C68,OID!T68) -> #REF! | G3: =sum(#REF!,#REF!,OID!D4,OID!U4,OID!D12,OID!U12,OID!D20,OID!U20,OID!D28,OID!U28,OID!D36,OID!U36,OID!D44,OID!U44,OID!D52,OID!U52,OID!D60,OID!U60,OID!D68,OID!U68) -> #REF! | H3: =sum(#REF!,#REF!,OID!E4,OID!V4,OID!E12,OID!V12,OID!E20,OID!V20,OID!E28,OID!V28,OID!E36,OID!V36,OID!E44,OID!V44,OID!E52,OID!V52,OID!E60,OID!V60,OID!E68,OID!V68) -> #REF! | I3: =sum(#REF!,#REF!,OID!F4,OID!W4,OID!F12,OID!W12,OID!F20,OID!W20,OID!F28,OID!W28,OID!F36,OID!W36,OID!F44,OID!W44,OID!F52,OID!W52,OID!F60,OID!W60,OID!F68,OID!W68) -> #REF! | J3: =sum(#REF!,#REF!,OID!G4,OID!X4,OID!G12,OID!X12,OID!G20,OID!X20,OID!G28,OID!X28,OID!G36,OID!X36,OID!G44,OID!X44,OID!G52,OID!X52,OID!G60,OID!X60,OID!G68,OID!X68) -> #REF! | K3: =sum(#REF!,#REF!,OID!H4,OID!Y4,OID!H12,OID!Y12,OID!H20,OID!Y20,OID!H28,OID!Y28,OID!H36,OID!Y36,OID!H44,OID!Y44,OID!H52,OID!Y52,OID!H60,OID!Y60,OID!H68,OID!Y68) -> #REF! | L3: =K3/(HOUR(J3)*60+(MINUTE(J3)+((SECOND(J3)/60)))) -> #REF! | M3: =sum(#REF!,#REF!,OID!J4,OID!AA4,OID!J12,OID!AA12,OID!J20,OID!AA20,OID!J28,OID!AA28,OID!J36,OID!AA36,OID!J44,OID!AA44,OID!J52,OID!AA52,OID!J60,OID!AA60,OID!J68,OID!AA68) -> #REF! | N3: =sum(#REF!,#REF!,OID!K4,OID!AB4,OID!K12,OID!AB12,OID!K20,OID!AB20,OID!K28,OID!AB28,OID!K36,OID!AB36,OID!K44,OID!AB44,OID!K52,OID!AB52,OID!K60,OID!AB60,OID!K68,OID!AB68) -> #REF! | O3: =sum(#REF!,#REF!,OID!L4,OID!AC4,OID!L12,OID!AC12,OID!L20,OID!AC20,OID!L28,OID!AC28,OID!L36,OID!AC36,OID!L44,OID!AC44,OID!L52,OID!AC52,OID!L60,OID!AC60,OID!L68,OID!AC68) -> #REF! | P3: =sum(#REF!,#REF!,OID!M4,OID!AD4,OID!M12,OID!AD12,OID!M20,OID!AD20,OID!M28,OID!AD28,OID!M36,OID!AD36,OID!M44,OID!AD44,OID!M52,OID!AD52,OID!M60,OID!AD60,OID!M68,OID!AD68) -> #REF! | Q3: =sum(#REF!,#REF!,OID!N4,OID!AE4,OID!N12,OID!AE12,OID!N20,OID!AE20,OID!N28,OID!AE28,OID!N36,OID!AE36,OID!N44,OID!AE44,OID!N52,OID!AE52,OID!N60,OID!AE60,OID!N68,OID!AE68) -> #REF! | R3: =sum(#REF!,#REF!,OID!O4,OID!AF4,OID!O12,OID!AF12,OID!O20,OID!AF20,OID!O28,OID!AF28,OID!O36,OID!AF36,OID!O44,OID!AF44,OID!O52,OID!AF52,OID!O60,OID!AF60,OID!O68,OID!AF68) -> #REF! | S3: =sum(#REF!,#REF!,OID!P4,OID!AG4,OID!P12,OID!AG12,OID!P20,OID!AG20,OID!P28,OID!AG28,OID!P36,OID!AG36,OID!P44,OID!AG44,OID!P52,OID!AG52,OID!P60,OID!AG60,OID!P68,OID!AG68) -> #REF! | T3: =J3/I3 -> #REF!
A4: Only in Dreams | B4: GodSnipezX (From PIE) | C4: =sum(D4:E4) -> 3 | D4: 2 | E4: 1 | F4: =sum(#REF!,#REF!,OID!C5,OID!T5,OID!C13,OID!T13,OID!C21,OID!T21,OID!C29,OID!T29,OID!C37,OID!T37,OID!C45,OID!T45,OID!C53,OID!T53,OID!C61,OID!T61,OID!C69,OID!T69) -> #REF! | G4: =sum(#REF!,#REF!,OID!D5,OID!U5,OID!D13,OID!U13,OID!D21,OID!U21,OID!D29,OID!U29,OID!D37,OID!U37,OID!D45,OID!U45,OID!D53,OID!U53,OID!D61,OID!U61,OID!D69,OID!U69) -> #REF! | H4: =sum(#REF!,#REF!,OID!E5,OID!V5,OID!E13,OID!V13,OID!E21,OID!V21,OID!E29,OID!V29,OID!E37,OID!V37,OID!E45,OID!V45,OID!E53,OID!V53,OID!E61,OID!V61,OID!E69,OID!V69) -> #REF! | I4: =sum(#REF!,#REF!,OID!F5,OID!W5,OID!F13,OID!W13,OID!F21,OID!W21,OID!F29,OID!W29,OID!F37,OID!W37,OID!F45,OID!W45,OID!F53,OID!W53,OID!F61,OID!W61,OID!F69,OID!W69) -> #REF! | J4: =sum(#REF!,#REF!,OID!G5,OID!X5,OID!G13,OID!X13,OID!G21,OID!X21,OID!G29,OID!X29,OID!G37,OID!X37,OID!G45,OID!X45,OID!G53,OID!X53,OID!G61,OID!X61,OID!G69,OID!X69) -> #REF! | K4: =sum(#REF!,#REF!,OID!H5,OID!Y5,OID!H13,OID!Y13,OID!H21,OID!Y21,OID!H29,OID!Y29,OID!H37,OID!Y37,OID!H45,OID!Y45,OID!H53,OID!Y53,OID!H61,OID!Y61,OID!H69,OID!Y69) -> #REF! | L4: =K4/(HOUR(J4)*60+(MINUTE(J4)+((SECOND(J4)/60)))) -> #REF! | M4: =sum(#REF!,#REF!,OID!J5,OID!AA5,OID!J13,OID!AA13,OID!J21,OID!AA21,OID!J29,OID!AA29,OID!J37,OID!AA37,OID!J45,OID!AA45,OID!J53,OID!AA53,OID!J61,OID!AA61,OID!J69,OID!AA69) -> #REF! | N4: =sum(#REF!,#REF!,OID!K5,OID!AB5,OID!K13,OID!AB13,OID!K21,OID!AB21,OID!K29,OID!AB29,OID!K37,OID!AB37,OID!K45,OID!AB45,OID!K53,OID!AB53,OID!K61,OID!AB61,OID!K69,OID!AB69) -> #REF! | O4: =sum(#REF!,#REF!,OID!L5,OID!AC5,OID!L13,OID!AC13,OID!L21,OID!AC21,OID!L29,OID!AC29,OID!L37,OID!AC37,OID!L45,OID!AC45,OID!L53,OID!AC53,OID!L61,OID!AC61,OID!L69,OID!AC69) -> #REF! | P4: =sum(#REF!,#REF!,OID!M5,OID!AD5,OID!M13,OID!AD13,OID!M21,OID!AD21,OID!M29,OID!AD29,OID!M37,OID!AD37,OID!M45,OID!AD45,OID!M53,OID!AD53,OID!M61,OID!AD61,OID!M69,OID!AD69) -> #REF! | Q4: =sum(#REF!,#REF!,OID!N5,OID!AE5,OID!N13,OID!AE13,OID!N21,OID!AE21,OID!N29,OID!AE29,OID!N37,OID!AE37,OID!N45,OID!AE45,OID!N53,OID!AE53,OID!N61,OID!AE61,OID!N69,OID!AE69) -> #REF! | R4: =sum(#REF!,#REF!,OID!O5,OID!AF5,OID!O13,OID!AF13,OID!O21,OID!AF21,OID!O29,OID!AF29,OID!O37,OID!AF37,OID!O45,OID!AF45,OID!O53,OID!AF53,OID!O61,OID!AF61,OID!O69,OID!AF69) -> #REF! | S4: =sum(#REF!,#REF!,OID!P5,OID!AG5,OID!P13,OID!AG13,OID!P21,OID!AG21,OID!P29,OID!AG29,OID!P37,OID!AG37,OID!P45,OID!AG45,OID!P53,OID!AG53,OID!P61,OID!AG61,OID!P69,OID!AG69) -> #REF! | T4: =J4/I4 -> #REF!
A5: Only in Dreams | B5: SaltyPeterBread | C5: =sum(D5:E5) -> 3 | D5: 2 | E5: 1 | F5: =sum(#REF!,#REF!,OID!C6,OID!T6,OID!C14,OID!T14,OID!C22,OID!T22,OID!C30,OID!T30,OID!C38,OID!T38,OID!C46,OID!T46,OID!C54,OID!T54,OID!C62,OID!T62,OID!C70,OID!T70) -> #REF! | G5: =sum(#REF!,#REF!,OID!D6,OID!U6,OID!D14,OID!U14,OID!D22,OID!U22,OID!D30,OID!U30,OID!D38,OID!U38,OID!D46,OID!U46,OID!D54,OID!U54,OID!D62,OID!U62,OID!D70,OID!U70) -> #REF! | H5: =sum(#REF!,#REF!,OID!E6,OID!V6,OID!E14,OID!V14,OID!E22,OID!V22,OID!E30,OID!V30,OID!E38,OID!V38,OID!E46,OID!V46,OID!E54,OID!V54,OID!E62,OID!V62,OID!E70,OID!V70) -> #REF! | I5: =sum(#REF!,#REF!,OID!F6,OID!W6,OID!F14,OID!W14,OID!F22,OID!W22,OID!F30,OID!W30,OID!F38,OID!W38,OID!F46,OID!W46,OID!F54,OID!W54,OID!F62,OID!W62,OID!F70,OID!W70) -> #REF! | J5: =sum(#REF!,#REF!,OID!G6,OID!X6,OID!G14,OID!X14,OID!G22,OID!X22,OID!G30,OID!X30,OID!G38,OID!X38,OID!G46,OID!X46,OID!G54,OID!X54,OID!G62,OID!X62,OID!G70,OID!X70) -> #REF! | K5: =sum(#REF!,#REF!,OID!H6,OID!Y6,OID!H14,OID!Y14,OID!H22,OID!Y22,OID!H30,OID!Y30,OID!H38,OID!Y38,OID!H46,OID!Y46,OID!H54,OID!Y54,OID!H62,OID!Y62,OID!H70,OID!Y70) -> #REF! | L5: =K5/(HOUR(J5)*60+(MINUTE(J5)+((SECOND(J5)/60)))) -> #REF! | M5: =sum(#REF!,#REF!,OID!J6,OID!AA6,OID!J14,OID!AA14,OID!J22,OID!AA22,OID!J30,OID!AA30,OID!J38,OID!AA38,OID!J46,OID!AA46,OID!J54,OID!AA54,OID!J62,OID!AA62,OID!J70,OID!AA70) -> #REF! | N5: =sum(#REF!,#REF!,OID!K6,OID!AB6,OID!K14,OID!AB14,OID!K22,OID!AB22,OID!K30,OID!AB30,OID!K38,OID!AB38,OID!K46,OID!AB46,OID!K54,OID!AB54,OID!K62,OID!AB62,OID!K70,OID!AB70) -> #REF! | O5: =sum(#REF!,#REF!,OID!L6,OID!AC6,OID!L14,OID!AC14,OID!L22,OID!AC22,OID!L30,OID!AC30,OID!L38,OID!AC38,OID!L46,OID!AC46,OID!L54,OID!AC54,OID!L62,OID!AC62,OID!L70,OID!AC70) -> #REF! | P5: =sum(#REF!,#REF!,OID!M6,OID!AD6,OID!M14,OID!AD14,OID!M22,OID!AD22,OID!M30,OID!AD30,OID!M38,OID!AD38,OID!M46,OID!AD46,OID!M54,OID!AD54,OID!M62,OID!AD62,OID!M70,OID!AD70) -> #REF! | Q5: =sum(#REF!,#REF!,OID!N6,OID!AE6,OID!N14,OID!AE14,OID!N22,OID!AE22,OID!N30,OID!AE30,OID!N38,OID!AE38,OID!N46,OID!AE46,OID!N54,OID!AE54,OID!N62,OID!AE62,OID!N70,OID!AE70) -> #REF! | R5: =sum(#REF!,#REF!,OID!O6,OID!AF6,OID!O14,OID!AF14,OID!O22,OID!AF22,OID!O30,OID!AF30,OID!O38,OID!AF38,OID!O46,OID!AF46,OID!O54,OID!AF54,OID!O62,OID!AF62,OID!O70,OID!AF70) -> #REF! | S5: =sum(#REF!,#REF!,OID!P6,OID!AG6,OID!P14,OID!AG14,OID!P22,OID!AG22,OID!P30,OID!AG30,OID!P38,OID!AG38,OID!P46,OID!AG46,OID!P54,OID!AG54,OID!P62,OID!AG62,OID!P70,OID!AG70) -> #REF! | T5: =J5/I5 -> #REF!
A6: Only in Dreams | B6: cxrnchip | C6: =sum(D6:E6) -> 3 | D6: 2 | E6: 1 | F6: =sum(#REF!,#REF!,OID!C7,OID!T7,OID!C15,OID!T15,OID!C23,OID!T23,OID!C31,OID!T31,OID!C39,OID!T39,OID!C47,OID!T47,OID!C55,OID!T55,OID!C63,OID!T63,OID!C71,OID!T71) -> #REF! | G6: =sum(#REF!,#REF!,OID!D7,OID!U7,OID!D15,OID!U15,OID!D23,OID!U23,OID!D31,OID!U31,OID!D39,OID!U39,OID!D47,OID!U47,OID!D55,OID!U55,OID!D63,OID!U63,OID!D71,OID!U71) -> #REF! | H6: =sum(#REF!,#REF!,OID!E7,OID!V7,OID!E15,OID!V15,OID!E23,OID!V23,OID!E31,OID!V31,OID!E39,OID!V39,OID!E47,OID!V47,OID!E55,OID!V55,OID!E63,OID!V63,OID!E71,OID!V71) -> #REF! | I6: =sum(#REF!,#REF!,OID!F7,OID!W7,OID!F15,OID!W15,OID!F23,OID!W23,OID!F31,OID!W31,OID!F39,OID!W39,OID!F47,OID!W47,OID!F55,OID!W55,OID!F63,OID!W63,OID!F71,OID!W71) -> #REF! | J6: =sum(#REF!,#REF!,OID!G7,OID!X7,OID!G15,OID!X15,OID!G23,OID!X23,OID!G31,OID!X31,OID!G39,OID!X39,OID!G47,OID!X47,OID!G55,OID!X55,OID!G63,OID!X63,OID!G71,OID!X71) -> #REF! | K6: =sum(#REF!,#REF!,OID!H7,OID!Y7,OID!H15,OID!Y15,OID!H23,OID!Y23,OID!H31,OID!Y31,OID!H39,OID!Y39,OID!H47,OID!Y47,OID!H55,OID!Y55,OID!H63,OID!Y63,OID!H71,OID!Y71) -> #REF! | L6: =K6/(HOUR(J6)*60+(MINUTE(J6)+((SECOND(J6)/60)))) -> #REF! | M6: =sum(#REF!,#REF!,OID!J7,OID!AA7,OID!J15,OID!AA15,OID!J23,OID!AA23,OID!J31,OID!AA31,OID!J39,OID!AA39,OID!J47,OID!AA47,OID!J55,OID!AA55,OID!J63,OID!AA63,OID!J71,OID!AA71) -> #REF! | N6: =sum(#REF!,#REF!,OID!K7,OID!AB7,OID!K15,OID!AB15,OID!K23,OID!AB23,OID!K31,OID!AB31,OID!K39,OID!AB39,OID!K47,OID!AB47,OID!K55,OID!AB55,OID!K63,OID!AB63,OID!K71,OID!AB71) -> #REF! | O6: =sum(#REF!,#REF!,OID!L7,OID!AC7,OID!L15,OID!AC15,OID!L23,OID!AC23,OID!L31,OID!AC31,OID!L39,OID!AC39,OID!L47,OID!AC47,OID!L55,OID!AC55,OID!L63,OID!AC63,OID!L71,OID!AC71) -> #REF! | P6: =sum(#REF!,#REF!,OID!M7,OID!AD7,OID!M15,OID!AD15,OID!M23,OID!AD23,OID!M31,OID!AD31,OID!M39,OID!AD39,OID!M47,OID!AD47,OID!M55,OID!AD55,OID!M63,OID!AD63,OID!M71,OID!AD71) -> #REF! | Q6: =sum(#REF!,#REF!,OID!N7,OID!AE7,OID!N15,OID!AE15,OID!N23,OID!AE23,OID!N31,OID!AE31,OID!N39,OID!AE39,OID!N47,OID!AE47,OID!N55,OID!AE55,OID!N63,OID!AE63,OID!N71,OID!AE71) -> #REF! | R6: =sum(#REF!,#REF!,OID!O7,OID!AF7,OID!O15,OID!AF15,OID!O23,OID!AF23,OID!O31,OID!AF31,OID!O39,OID!AF39,OID!O47,OID!AF47,OID!O55,OID!AF55,OID!O63,OID!AF63,OID!O71,OID!AF71) -> #REF! | S6: =sum(#REF!,#REF!,OID!P7,OID!AG7,OID!P15,OID!AG15,OID!P23,OID!AG23,OID!P31,OID!AG31,OID!P39,OID!AG39,OID!P47,OID!AG47,OID!P55,OID!AG55,OID!P63,OID!AG63,OID!P71,OID!AG71) -> #REF! | T6: =J6/I6 -> #REF!
A8: Rock Bottom | B8: Regresser | C8: =sum(D8:E8) -> 2 | D8: 0 | E8: 2 | F8: =sum(#REF!,#REF!,#REF!,#REF!,#REF!,#REF!,#REF!,#REF!,RB!C8,RB!T8,RB!C16,RB!T16,RB!C24,RB!T24,RB!C32,RB!T32,RB!C40,RB!T40,RB!C48,RB!T48) -> #REF! | G8: =sum(#REF!,#REF!,#REF!,#REF!,#REF!,#REF!,#REF!,#REF!,RB!D8,RB!U8,RB!D16,RB!U16,RB!D24,RB!U24,RB!D32,RB!U32,RB!D40,RB!U40,RB!D48,RB!U48) -> #REF! | H8: =sum(#REF!,#REF!,#REF!,#REF!,#REF!,#REF!,#REF!,#REF!,RB!E8,RB!V8,RB!E16,RB!V16,RB!E24,RB!V24,RB!E32,RB!V32,RB!E40,RB!V40,RB!E48,RB!V48) -> #REF! | I8: =sum(#REF!,#REF!,#REF!,#REF!,#REF!,#REF!,#REF!,#REF!,RB!F8,RB!W8,RB!F16,RB!W16,RB!F24,RB!W24,RB!F32,RB!W32,RB!F40,RB!W40,RB!F48,RB!W48) -> #REF! | J8: =sum(#REF!,#REF!,#REF!,#REF!,#REF!,#REF!,#REF!,#REF!,RB!G8,RB!X8,RB!G16,RB!X16,RB!G24,RB!X24,RB!G32,RB!X32,RB!G40,RB!X40,RB!G48,RB!X48) -> #REF! | K8: =sum(#REF!,#REF!,#REF!,#REF!,#REF!,#REF!,#REF!,#REF!,RB!H8,RB!Y8,RB!H16,RB!Y16,RB!H24,RB!Y24,RB!H32,RB!Y32,RB!H40,RB!Y40,RB!H48,RB!Y48) -> #REF! | L8: =K8/(HOUR(J8)*60+(MINUTE(J8)+((SECOND(J8)/60)))) -> #REF! | M8: =sum(#REF!,#REF!,#REF!,#REF!,#REF!,#REF!,#REF!,#REF!,RB!J8,RB!AA8,RB!J16,RB!AA16,RB!J24,RB!AA24,RB!J32,RB!AA32,RB!J40,RB!AA40,RB!J48,RB!AA48) -> #REF! | N8: =sum(#REF!,#REF!,#REF!,#REF!,#REF!,#REF!,#REF!,#REF!,RB!K8,RB!AB8,RB!K16,RB!AB16,RB!K24,RB!AB24,RB!K32,RB!AB32,RB!K40,RB!AB40,RB!K48,RB!AB48) -> #REF! | O8: =sum(#REF!,#REF!,#REF!,#REF!,#REF!,#REF!,#REF!,#REF!,RB!L8,RB!AC8,RB!L16,RB!AC16,RB!L24,RB!AC24,RB!L32,RB!AC32,RB!L40,RB!AC40,RB!L48,RB!AC48) -> #REF! | P8: =sum(#REF!,#REF!,#REF!,#REF!,#REF!,#REF!,#REF!,#REF!,RB!M8,RB!AD8,RB!M16,RB!AD16,RB!M24,RB!AD24,RB!M32,RB!AD32,RB!M40,RB!AD40,RB!M48,RB!AD48) -> #REF! | Q8: =sum(#REF!,#REF!,#REF!,#REF!,#REF!,#REF!,#REF!,#REF!,RB!N8,RB!AE8,RB!N16,RB!AE16,RB!N24,RB!AE24,RB!N32,RB!AE32,RB!N40,RB!AE40,RB!N48,RB!AE48) -> #REF! | R8: =sum(#REF!,#REF!,#REF!,#REF!,#REF!,#REF!,#REF!,#REF!,RB!O8,RB!AF8,RB!O16,RB!AF16,RB!O24,RB!AF24,RB!O32,RB!AF32,RB!O40,RB!AF40,RB!O48,RB!AF48) -> #REF! | S8: =sum(#REF!,#REF!,#REF!,#REF!,#REF!,#REF!,#REF!,#REF!,RB!P8,RB!AG8,RB!P16,RB!AG16,RB!P24,RB!AG24,RB!P32,RB!AG32,RB!P40,RB!AG40,RB!P48,RB!AG48) -> #REF! | T8: =J8/I8 -> #REF!
A9: Rock Bottom | B9: OverweightGOAT | C9: =sum(D9:E9) -> 2 | D9: 0 | E9: 2 | F9: =sum(#REF!,#REF!,#REF!,#REF!,#REF!,#REF!,RB!C1,RB!T1,RB!C9,RB!T9,RB!C17,RB!T17,RB!C25,RB!T25,RB!C33,RB!T33,RB!C41,RB!T41,RB!C49,RB!T49) -> #REF! | G9: =sum(#REF!,#REF!,#REF!,#REF!,#REF!,#REF!,RB!D1,RB!U1,RB!D9,RB!U9,RB!D17,RB!U17,RB!D25,RB!U25,RB!D33,RB!U33,RB!D41,RB!U41,RB!D49,RB!U49) -> #REF! | H9: =sum(#REF!,#REF!,#REF!,#REF!,#REF!,#REF!,RB!E1,RB!V1,RB!E9,RB!V9,RB!E17,RB!V17,RB!E25,RB!V25,RB!E33,RB!V33,RB!E41,RB!V41,RB!E49,RB!V49) -> #REF! | I9: =sum(#REF!,#REF!,#REF!,#REF!,#REF!,#REF!,RB!F1,RB!W1,RB!F9,RB!W9,RB!F17,RB!W17,RB!F25,RB!W25,RB!F33,RB!W33,RB!F41,RB!W41,RB!F49,RB!W49) -> #REF! | J9: =sum(#REF!,#REF!,#REF!,#REF!,#REF!,#REF!,RB!G1,RB!X1,RB!G9,RB!X9,RB!G17,RB!X17,RB!G25,RB!X25,RB!G33,RB!X33,RB!G41,RB!X41,RB!G49,RB!X49) -> #REF! | K9: =sum(#REF!,#REF!,#REF!,#REF!,#REF!,#REF!,RB!H1,RB!Y1,RB!H9,RB!Y9,RB!H17,RB!Y17,RB!H25,RB!Y25,RB!H33,RB!Y33,RB!H41,RB!Y41,RB!H49,RB!Y49) -> #REF! | L9: =K9/(HOUR(J9)*60+(MINUTE(J9)+((SECOND(J9)/60)))) -> #REF! | M9: =sum(#REF!,#REF!,#REF!,#REF!,#REF!,#REF!,RB!J1,RB!AA1,RB!J9,RB!AA9,RB!J17,RB!AA17,RB!J25,RB!AA25,RB!J33,RB!AA33,RB!J41,RB!AA41,RB!J49,RB!AA49) -> #REF! | N9: =sum(#REF!,#REF!,#REF!,#REF!,#REF!,#REF!,RB!K1,RB!AB1,RB!K9,RB!AB9,RB!K17,RB!AB17,RB!K25,RB!AB25,RB!K33,RB!AB33,RB!K41,RB!AB41,RB!K49,RB!AB49) -> #REF! | O9: =sum(#REF!,#REF!,#REF!,#REF!,#REF!,#REF!,RB!L1,RB!AC1,RB!L9,RB!AC9,RB!L17,RB!AC17,RB!L25,RB!AC25,RB!L33,RB!AC33,RB!L41,RB!AC41,RB!L49,RB!AC49) -> #REF! | P9: =sum(#REF!,#REF!,#REF!,#REF!,#REF!,#REF!,RB!M1,RB!AD1,RB!M9,RB!AD9,RB!M17,RB!AD17,RB!M25,RB!AD25,RB!M33,RB!AD33,RB!M41,RB!AD41,RB!M49,RB!AD49) -> #REF! | Q9: =sum(#REF!,#REF!,#REF!,#REF!,#REF!,#REF!,RB!N1,RB!AE1,RB!N9,RB!AE9,RB!N17,RB!AE17,RB!N25,RB!AE25,RB!N33,RB!AE33,RB!N41,RB!AE41,RB!N49,RB!AE49) -> #REF! | R9: =sum(#REF!,#REF!,#REF!,#REF!,#REF!,#REF!,RB!O1,RB!AF1,RB!O9,RB!AF9,RB!O17,RB!AF17,RB!O25,RB!AF25,RB!O33,RB!AF33,RB!O41,RB!AF41,RB!O49,RB!AF49) -> #REF! | S9: =sum(#REF!,#REF!,#REF!,#REF!,#REF!,#REF!,RB!P1,RB!AG1,RB!P9,RB!AG9,RB!P17,RB!AG17,RB!P25,RB!AG25,RB!P33,RB!AG33,RB!P41,RB!AG41,RB!P49,RB!AG49) -> #REF! | T9: =J9/I9 -> #REF!
A10: Rock Bottom | B10: El Diablo x230x | C10: =sum(D10:E10) -> 2 | D10: 0 | E10: 2 | F10: =sum(#REF!,#REF!,#REF!,#REF!,#REF!,#REF!,RB!C2,RB!T2,RB!C10,RB!T10,RB!C18,RB!T18,RB!C26,RB!T26,RB!C34,RB!T34,RB!C42,RB!T42,RB!C50,RB!T50) -> #REF! | G10: =sum(#REF!,#REF!,#REF!,#REF!,#REF!,#REF!,RB!D2,RB!U2,RB!D10,RB!U10,RB!D18,RB!U18,RB!D26,RB!U26,RB!D34,RB!U34,RB!D42,RB!U42,RB!D50,RB!U50) -> #REF! | H10: =sum(#REF!,#REF!,#REF!,#REF!,#REF!,#REF!,RB!E2,RB!V2,RB!E10,RB!V10,RB!E18,RB!V18,RB!E26,RB!V26,RB!E34,RB!V34,RB!E42,RB!V42,RB!E50,RB!V50) -> #REF! | I10: =sum(#REF!,#REF!,#REF!,#REF!,#REF!,#REF!,RB!F2,RB!W2,RB!F10,RB!W10,RB!F18,RB!W18,RB!F26,RB!W26,RB!F34,RB!W34,RB!F42,RB!W42,RB!F50,RB!W50) -> #REF! | J10: =sum(#REF!,#REF!,#REF!,#REF!,#REF!,#REF!,RB!G2,RB!X2,RB!G10,RB!X10,RB!G18,RB!X18,RB!G26,RB!X26,RB!G34,RB!X34,RB!G42,RB!X42,RB!G50,RB!X50) -> #REF! | K10: =sum(#REF!,#REF!,#REF!,#REF!,#REF!,#REF!,RB!H2,RB!Y2,RB!H10,RB!Y10,RB!H18,RB!Y18,RB!H26,RB!Y26,RB!H34,RB!Y34,RB!H42,RB!Y42,RB!H50,RB!Y50) -> #REF! | L10: =K10/(HOUR(J10)*60+(MINUTE(J10)+((SECOND(J10)/60)))) -> #REF! | M10: =sum(#REF!,#REF!,#REF!,#REF!,#REF!,#REF!,RB!J2,RB!AA2,RB!J10,RB!AA10,RB!J18,RB!AA18,RB!J26,RB!AA26,RB!J34,RB!AA34,RB!J42,RB!AA42,RB!J50,RB!AA50) -> #REF! | N10: =sum(#REF!,#REF!,#REF!,#REF!,#REF!,#REF!,RB!K2,RB!AB2,RB!K10,RB!AB10,RB!K18,RB!AB18,RB!K26,RB!AB26,RB!K34,RB!AB34,RB!K42,RB!AB42,RB!K50,RB!AB50) -> #REF! | O10: =sum(#REF!,#REF!,#REF!,#REF!,#REF!,#REF!,RB!L2,RB!AC2,RB!L10,RB!AC10,RB!L18,RB!AC18,RB!L26,RB!AC26,RB!L34,RB!AC34,RB!L42,RB!AC42,RB!L50,RB!AC50) -> #REF! | P10: =sum(#REF!,#REF!,#REF!,#REF!,#REF!,#REF!,RB!M2,RB!AD2,RB!M10,RB!AD10,RB!M18,RB!AD18,RB!M26,RB!AD26,RB!M34,RB!AD34,RB!M42,RB!AD42,RB!M50,RB!AD50) -> #REF! | Q10: =sum(#REF!,#REF!,#REF!,#REF!,#REF!,#REF!,RB!N2,RB!AE2,RB!N10,RB!AE10,RB!N18,RB!AE18,RB!N26,RB!AE26,RB!N34,RB!AE34,RB!N42,RB!AE42,RB!N50,RB!AE50) -> #REF! | R10: =sum(#REF!,#REF!,#REF!,#REF!,#REF!,#REF!,RB!O2,RB!AF2,RB!O10,RB!AF10,RB!O18,RB!AF18,RB!O26,RB!AF26,RB!O34,RB!AF34,RB!O42,RB!AF42,RB!O50,RB!AF50) -> #REF! | S10: =sum(#REF!,#REF!,#REF!,#REF!,#REF!,#REF!,RB!P2,RB!AG2,RB!P10,RB!AG10,RB!P18,RB!AG18,RB!P26,RB!AG26,RB!P34,RB!AG34,RB!P42,RB!AG42,RB!P50,RB!AG50) -> #REF! | T10: =J10/I10 -> #REF!
A11: Rock Bottom | B11: Atone Militant | C11: =sum(D11:E11) -> 2 | D11: 0 | E11: 2 | F11: =sum(#REF!,#REF!,#REF!,#REF!,#REF!,#REF!,RB!C3,RB!T3,RB!C11,RB!T11,RB!C19,RB!T19,RB!C27,RB!T27,RB!C35,RB!T35,RB!C43,RB!T43,RB!C51,RB!T51) -> #REF! | G11: =sum(#REF!,#REF!,#REF!,#REF!,#REF!,#REF!,RB!D3,RB!U3,RB!D11,RB!U11,RB!D19,RB!U19,RB!D27,RB!U27,RB!D35,RB!U35,RB!D43,RB!U43,RB!D51,RB!U51) -> #REF! | H11: =sum(#REF!,#REF!,#REF!,#REF!,#REF!,#REF!,RB!E3,RB!V3,RB!E11,RB!V11,RB!E19,RB!V19,RB!E27,RB!V27,RB!E35,RB!V35,RB!E43,RB!V43,RB!E51,RB!V51) -> #REF! | I11: =sum(#REF!,#REF!,#REF!,#REF!,#REF!,#REF!,RB!F3,RB!W3,RB!F11,RB!W11,RB!F19,RB!W19,RB!F27,RB!W27,RB!F35,RB!W35,RB!F43,RB!W43,RB!F51,RB!W51) -> #REF! | J11: =sum(#REF!,#REF!,#REF!,#REF!,#REF!,#REF!,RB!G3,RB!X3,RB!G11,RB!X11,RB!G19,RB!X19,RB!G27,RB!X27,RB!G35,RB!X35,RB!G43,RB!X43,RB!G51,RB!X51) -> #REF! | K11: =sum(#REF!,#REF!,#REF!,#REF!,#REF!,#REF!,RB!H3,RB!Y3,RB!H11,RB!Y11,RB!H19,RB!Y19,RB!H27,RB!Y27,RB!H35,RB!Y35,RB!H43,RB!Y43,RB!H51,RB!Y51) -> #REF! | L11: =K11/(HOUR(J11)*60+(MINUTE(J11)+((SECOND(J11)/60)))) -> #REF! | M11: =sum(#REF!,#REF!,#REF!,#REF!,#REF!,#REF!,RB!J3,RB!AA3,RB!J11,RB!AA11,RB!J19,RB!AA19,RB!J27,RB!AA27,RB!J35,RB!AA35,RB!J43,RB!AA43,RB!J51,RB!AA51) -> #REF! | N11: =sum(#REF!,#REF!,#REF!,#REF!,#REF!,#REF!,RB!K3,RB!AB3,RB!K11,RB!AB11,RB!K19,RB!AB19,RB!K27,RB!AB27,RB!K35,RB!AB35,RB!K43,RB!AB43,RB!K51,RB!AB51) -> #REF! | O11: =sum(#REF!,#REF!,#REF!,#REF!,#REF!,#REF!,RB!L3,RB!AC3,RB!L11,RB!AC11,RB!L19,RB!AC19,RB!L27,RB!AC27,RB!L35,RB!AC35,RB!L43,RB!AC43,RB!L51,RB!AC51) -> #REF! | P11: =sum(#REF!,#REF!,#REF!,#REF!,#REF!,#REF!,RB!M3,RB!AD3,RB!M11,RB!AD11,RB!M19,RB!AD19,RB!M27,RB!AD27,RB!M35,RB!AD35,RB!M43,RB!AD43,RB!M51,RB!AD51) -> #REF! | Q11: =sum(#REF!,#REF!,#REF!,#REF!,#REF!,#REF!,RB!N3,RB!AE3,RB!N11,RB!AE11,RB!N19,RB!AE19,RB!N27,RB!AE27,RB!N35,RB!AE35,RB!N43,RB!AE43,RB!N51,RB!AE51) -> #REF! | R11: =sum(#REF!,#REF!,#REF!,#REF!,#REF!,#REF!,RB!O3,RB!AF3,RB!O11,RB!AF11,RB!O19,RB!AF19,RB!O27,RB!AF27,RB!O35,RB!AF35,RB!O43,RB!AF43,RB!O51,RB!AF51) -> #REF! | S11: =sum(#REF!,#REF!,#REF!,#REF!,#REF!,#REF!,RB!P3,RB!AG3,RB!P11,RB!AG11,RB!P19,RB!AG19,RB!P27,RB!AG27,RB!P35,RB!AG35,RB!P43,RB!AG43,RB!P51,RB!AG51) -> #REF! | T11: =J11/I11 -> #REF!
A12: Rock Bottom | B12: LiquidNitrogen | C12: =sum(D12:E12) -> 2 | D12: 0 | E12: 2 | F12: =sum(#REF!,#REF!,#REF!,#REF!,#REF!,#REF!,RB!C4,RB!T4,RB!C12,RB!T12,RB!C20,RB!T20,RB!C28,RB!T28,RB!C36,RB!T36,RB!C44,RB!T44,RB!C52,RB!T52) -> #REF! | G12: =sum(#REF!,#REF!,#REF!,#REF!,#REF!,#REF!,RB!D4,RB!U4,RB!D12,RB!U12,RB!D20,RB!U20,RB!D28,RB!U28,RB!D36,RB!U36,RB!D44,RB!U44,RB!D52,RB!U52) -> #REF! | H12: =sum(#REF!,#REF!,#REF!,#REF!,#REF!,#REF!,RB!E4,RB!V4,RB!E12,RB!V12,RB!E20,RB!V20,RB!E28,RB!V28,RB!E36,RB!V36,RB!E44,RB!V44,RB!E52,RB!V52) -> #REF! | I12: =sum(#REF!,#REF!,#REF!,#REF!,#REF!,#REF!,RB!F4,RB!W4,RB!F12,RB!W12,RB!F20,RB!W20,RB!F28,RB!W28,RB!F36,RB!W36,RB!F44,RB!W44,RB!F52,RB!W52) -> #REF! | J12: =sum(#REF!,#REF!,#REF!,#REF!,#REF!,#REF!,RB!G4,RB!X4,RB!G12,RB!X12,RB!G20,RB!X20,RB!G28,RB!X28,RB!G36,RB!X36,RB!G44,RB!X44,RB!G52,RB!X52) -> #REF! | K12: =sum(#REF!,#REF!,#REF!,#REF!,#REF!,#REF!,RB!H4,RB!Y4,RB!H12,RB!Y12,RB!H20,RB!Y20,RB!H28,RB!Y28,RB!H36,RB!Y36,RB!H44,RB!Y44,RB!H52,RB!Y52) -> #REF! | L12: =K12/(HOUR(J12)*60+(MINUTE(J12)+((SECOND(J12)/60)))) -> #REF! | M12: =sum(#REF!,#REF!,#REF!,#REF!,#REF!,#REF!,RB!J4,RB!AA4,RB!J12,RB!AA12,RB!J20,RB!AA20,RB!J28,RB!AA28,RB!J36,RB!AA36,RB!J44,RB!AA44,RB!J52,RB!AA52) -> #REF! | N12: =sum(#REF!,#REF!,#REF!,#REF!,#REF!,#REF!,RB!K4,RB!AB4,RB!K12,RB!AB12,RB!K20,RB!AB20,RB!K28,RB!AB28,RB!K36,RB!AB36,RB!K44,RB!AB44,RB!K52,RB!AB52) -> #REF! | O12: =sum(#REF!,#REF!,#REF!,#REF!,#REF!,#REF!,RB!L4,RB!AC4,RB!L12,RB!AC12,RB!L20,RB!AC20,RB!L28,RB!AC28,RB!L36,RB!AC36,RB!L44,RB!AC44,RB!L52,RB!AC52) -> #REF! | P12: =sum(#REF!,#REF!,#REF!,#REF!,#REF!,#REF!,RB!M4,RB!AD4,RB!M12,RB!AD12,RB!M20,RB!AD20,RB!M28,RB!AD28,RB!M36,RB!AD36,RB!M44,RB!AD44,RB!M52,RB!AD52) -> #REF! | Q12: =sum(#REF!,#REF!,#REF!,#REF!,#REF!,#REF!,RB!N4,RB!AE4,RB!N12,RB!AE12,RB!N20,RB!AE20,RB!N28,RB!AE28,RB!N36,RB!AE36,RB!N44,RB!AE44,RB!N52,RB!AE52) -> #REF! | R12: =sum(#REF!,#REF!,#REF!,#REF!,#REF!,#REF!,RB!O4,RB!AF4,RB!O12,RB!AF12,RB!O20,RB!AF20,RB!O28,RB!AF28,RB!O36,RB!AF36,RB!O44,RB!AF44,RB!O52,RB!AF52) -> #REF! | S12: =sum(#REF!,#REF!,#REF!,#REF!,#REF!,#REF!,RB!P4,RB!AG4,RB!P12,RB!AG12,RB!P20,RB!AG20,RB!P28,RB!AG28,RB!P36,RB!AG36,RB!P44,RB!AG44,RB!P52,RB!AG52) -> #REF! | T12: =J12/I12 -> #REF!
A14: Limitless | B14: irobot9000 | C14: =sum(D14:E14) -> 3 | D14: 1 | E14: 2 | F14: =sum(#REF!,#REF!,#REF!,#REF!,LMT!C4,LMT!T4,LMT!C12,LMT!T12,LMT!C20,LMT!T20,LMT!C28,LMT!T28,LMT!C36,LMT!T36,LMT!C44,LMT!T44,LMT!C52,LMT!T52,LMT!C60,LMT!T60) -> #REF! | G14: =sum(#REF!,#REF!,#REF!,#REF!,LMT!D4,LMT!U4,LMT!D12,LMT!U12,LMT!D20,LMT!U20,LMT!D28,LMT!U28,LMT!D36,LMT!U36,LMT!D44,LMT!U44,LMT!D52,LMT!U52,LMT!D60,LMT!U60) -> #REF! | H14: =sum(#REF!,#REF!,#REF!,#REF!,LMT!E4,LMT!V4,LMT!E12,LMT!V12,LMT!E20,LMT!V20,LMT!E28,LMT!V28,LMT!E36,LMT!V36,LMT!E44,LMT!V44,LMT!E52,LMT!V52,LMT!E60,LMT!V60) -> #REF! | I14: =sum(#REF!,#REF!,#REF!,#REF!,LMT!F4,LMT!W4,LMT!F12,LMT!W12,LMT!F20,LMT!W20,LMT!F28,LMT!W28,LMT!F36,LMT!W36,LMT!F44,LMT!W44,LMT!F52,LMT!W52,LMT!F60,LMT!W60) -> #REF! | J14: =sum(#REF!,#REF!,#REF!,#REF!,LMT!G4,LMT!X4,LMT!G12,LMT!X12,LMT!G20,LMT!X20,LMT!G28,LMT!X28,LMT!G36,LMT!X36,LMT!G44,LMT!X44,LMT!G52,LMT!X52,LMT!G60,LMT!X60) -> #REF! | K14: =sum(#REF!,#REF!,#REF!,#REF!,LMT!H4,LMT!Y4,LMT!H12,LMT!Y12,LMT!H20,LMT!Y20,LMT!H28,LMT!Y28,LMT!H36,LMT!Y36,LMT!H44,LMT!Y44,LMT!H52,LMT!Y52,LMT!H60,LMT!Y60) -> #REF! | L14: =K14/(HOUR(J14)*60+(MINUTE(J14)+((SECOND(J14)/60)))) -> #REF! | M14: =sum(#REF!,#REF!,#REF!,#REF!,LMT!J4,LMT!AA4,LMT!J12,LMT!AA12,LMT!J20,LMT!AA20,LMT!J28,LMT!AA28,LMT!J36,LMT!AA36,LMT!J44,LMT!AA44,LMT!J52,LMT!AA52,LMT!J60,LMT!AA60) -> #REF! | N14: =sum(#REF!,#REF!,#REF!,#REF!,LMT!K4,LMT!AB4,LMT!K12,LMT!AB12,LMT!K20,LMT!AB20,LMT!K28,LMT!AB28,LMT!K36,LMT!AB36,LMT!K44,LMT!AB44,LMT!K52,LMT!AB52,LMT!K60,LMT!AB60) -> #REF! | O14: =sum(#REF!,#REF!,#REF!,#REF!,LMT!L4,LMT!AC4,LMT!L12,LMT!AC12,LMT!L20,LMT!AC20,LMT!L28,LMT!AC28,LMT!L36,LMT!AC36,LMT!L44,LMT!AC44,LMT!L52,LMT!AC52,LMT!L60,LMT!AC60) -> #REF! | P14: =sum(#REF!,#REF!,#REF!,#REF!,LMT!M4,LMT!AD4,LMT!M12,LMT!AD12,LMT!M20,LMT!AD20,LMT!M28,LMT!AD28,LMT!M36,LMT!AD36,LMT!M44,LMT!AD44,LMT!M52,LMT!AD52,LMT!M60,LMT!AD60) -> #REF! | Q14: =sum(#REF!,#REF!,#REF!,#REF!,LMT!N4,LMT!AE4,LMT!N12,LMT!AE12,LMT!N20,LMT!AE20,LMT!N28,LMT!AE28,LMT!N36,LMT!AE36,LMT!N44,LMT!AE44,LMT!N52,LMT!AE52,LMT!N60,LMT!AE60) -> #REF! | R14: =sum(#REF!,#REF!,#REF!,#REF!,LMT!O4,LMT!AF4,LMT!O12,LMT!AF12,LMT!O20,LMT!AF20,LMT!O28,LMT!AF28,LMT!O36,LMT!AF36,LMT!O44,LMT!AF44,LMT!O52,LMT!AF52,LMT!O60,LMT!AF60) -> #REF! | S14: =sum(#REF!,#REF!,#REF!,#REF!,LMT!P4,LMT!AG4,LMT!P12,LMT!AG12,LMT!P20,LMT!AG20,LMT!P28,LMT!AG28,LMT!P36,LMT!AG36,LMT!P44,LMT!AG44,LMT!P52,LMT!AG52,LMT!P60,LMT!AG60) -> #REF! | T14: =J14/I14 -> #REF!
A15: Limitless | B15: Sabasauros Rex | C15: =sum(D15:E15) -> 3 | D15: 1 | E15: 2 | F15: =sum(#REF!,#REF!,#REF!,#REF!,LMT!C5,LMT!T5,LMT!C13,LMT!T13,LMT!C21,LMT!T21,LMT!C29,LMT!T29,LMT!C37,LMT!T37,LMT!C45,LMT!T45,LMT!C53,LMT!T53,LMT!C61,LMT!T61) -> #REF! | G15: =sum(#REF!,#REF!,#REF!,#REF!,LMT!D5,LMT!U5,LMT!D13,LMT!U13,LMT!D21,LMT!U21,LMT!D29,LMT!U29,LMT!D37,LMT!U37,LMT!D45,LMT!U45,LMT!D53,LMT!U53,LMT!D61,LMT!U61) -> #REF! | H15: =sum(#REF!,#REF!,#REF!,#REF!,LMT!E5,LMT!V5,LMT!E13,LMT!V13,LMT!E21,LMT!V21,LMT!E29,LMT!V29,LMT!E37,LMT!V37,LMT!E45,LMT!V45,LMT!E53,LMT!V53,LMT!E61,LMT!V61) -> #REF! | I15: =sum(#REF!,#REF!,#REF!,#REF!,LMT!F5,LMT!W5,LMT!F13,LMT!W13,LMT!F21,LMT!W21,LMT!F29,LMT!W29,LMT!F37,LMT!W37,LMT!F45,LMT!W45,LMT!F53,LMT!W53,LMT!F61,LMT!W61) -> #REF! | J15: =sum(#REF!,#REF!,#REF!,#REF!,LMT!G5,LMT!X5,LMT!G13,LMT!X13,LMT!G21,LMT!X21,LMT!G29,LMT!X29,LMT!G37,LMT!X37,LMT!G45,LMT!X45,LMT!G53,LMT!X53,LMT!G61,LMT!X61) -> #REF! | K15: =sum(#REF!,#REF!,#REF!,#REF!,LMT!H5,LMT!Y5,LMT!H13,LMT!Y13,LMT!H21,LMT!Y21,LMT!H29,LMT!Y29,LMT!H37,LMT!Y37,LMT!H45,LMT!Y45,LMT!H53,LMT!Y53,LMT!H61,LMT!Y61) -> #REF! | L15: =K15/(HOUR(J15)*60+(MINUTE(J15)+((SECOND(J15)/60)))) -> #REF! | M15: =sum(#REF!,#REF!,#REF!,#REF!,LMT!J5,LMT!AA5,LMT!J13,LMT!AA13,LMT!J21,LMT!AA23,LMT!J29,LMT!AA29,LMT!J37,LMT!AA37,LMT!J45,LMT!AA45,LMT!J53,LMT!AA53,LMT!J61,LMT!AA61) -> #REF! | N15: =sum(#REF!,#REF!,#REF!,#REF!,LMT!K5,LMT!AB5,LMT!K13,LMT!AB13,LMT!K21,LMT!AB23,LMT!K29,LMT!AB29,LMT!K37,LMT!AB37,LMT!K45,LMT!AB45,LMT!K53,LMT!AB53,LMT!K61,LMT!AB61) -> #REF! | O15: =sum(#REF!,#REF!,#REF!,#REF!,LMT!L5,LMT!AC5,LMT!L13,LMT!AC13,LMT!L21,LMT!AC23,LMT!L29,LMT!AC29,LMT!L37,LMT!AC37,LMT!L45,LMT!AC45,LMT!L53,LMT!AC53,LMT!L61,LMT!AC61) -> #REF! | P15: =sum(#REF!,#REF!,#REF!,#REF!,LMT!M5,LMT!AD5,LMT!M13,LMT!AD13,LMT!M21,LMT!AD23,LMT!M29,LMT!AD29,LMT!M37,LMT!AD37,LMT!M45,LMT!AD45,LMT!M53,LMT!AD53,LMT!M61,LMT!AD61) -> #REF! | Q15: =sum(#REF!,#REF!,#REF!,#REF!,LMT!N5,LMT!AE5,LMT!N13,LMT!AE13,LMT!N21,LMT!AE23,LMT!N29,LMT!AE29,LMT!N37,LMT!AE37,LMT!N45,LMT!AE45,LMT!N53,LMT!AE53,LMT!N61,LMT!AE61) -> #REF! | R15: =sum(#REF!,#REF!,#REF!,#REF!,LMT!O5,LMT!AF5,LMT!O13,LMT!AF13,LMT!O21,LMT!AF21,LMT!O29,LMT!AF29,LMT!O37,LMT!AF37,LMT!O45,LMT!AF45,LMT!O53,LMT!AF53,LMT!O61,LMT!AF61) -> #REF! | S15: =sum(#REF!,#REF!,#REF!,#REF!,LMT!P5,LMT!AG5,LMT!P13,LMT!AG13,LMT!P21,LMT!AG21,LMT!P29,LMT!AG29,LMT!P37,LMT!AG37,LMT!P45,LMT!AG45,LMT!P53,LMT!AG53,LMT!P61,LMT!AG61) -> #REF! | T15: =J15/I15 -> #REF!
A16: Limitless | B16: ManCanonPls | C16: =sum(D16:E16) -> 3 | D16: 1 | E16: 2 | F16: =sum(#REF!,#REF!,#REF!,#REF!,LMT!C6,LMT!T6,LMT!C14,LMT!T14,LMT!C22,LMT!T22,LMT!C30,LMT!T30,LMT!C38,LMT!T38,LMT!C46,LMT!T46,LMT!C54,LMT!T54,LMT!C62,LMT!T62) -> #REF! | G16: =sum(#REF!,#REF!,#REF!,#REF!,LMT!D6,LMT!U6,LMT!D14,LMT!U14,LMT!D22,LMT!U22,LMT!D30,LMT!U30,LMT!D38,LMT!U38,LMT!D46,LMT!U46,LMT!D54,LMT!U54,LMT!D62,LMT!U62) -> #REF! | H16: =sum(#REF!,#REF!,#REF!,#REF!,LMT!E6,LMT!V6,LMT!E14,LMT!V14,LMT!E22,LMT!V22,LMT!E30,LMT!V30,LMT!E38,LMT!V38,LMT!E46,LMT!V46,LMT!E54,LMT!V54,LMT!E62,LMT!V62) -> #REF! | I16: =sum(#REF!,#REF!,#REF!,#REF!,LMT!F6,LMT!W6,LMT!F14,LMT!W14,LMT!F22,LMT!W22,LMT!F30,LMT!W30,LMT!F38,LMT!W38,LMT!F46,LMT!W46,LMT!F54,LMT!W54,LMT!F62,LMT!W62) -> #REF! | J16: =sum(#REF!,#REF!,#REF!,#REF!,LMT!G6,LMT!X6,LMT!G14,LMT!X14,LMT!G22,LMT!X22,LMT!G30,LMT!X30,LMT!G38,LMT!X38,LMT!G46,LMT!X46,LMT!G54,LMT!X54,LMT!G62,LMT!X62) -> #REF! | K16: =sum(#REF!,#REF!,#REF!,#REF!,LMT!H6,LMT!Y6,LMT!H14,LMT!Y14,LMT!H22,LMT!Y22,LMT!H30,LMT!Y30,LMT!H38,LMT!Y38,LMT!H46,LMT!Y46,LMT!H54,LMT!Y54,LMT!H62,LMT!Y62) -> #REF! | L16: =K16/(HOUR(J16)*60+(MINUTE(J16)+((SECOND(J16)/60)))) -> #REF! | M16: =sum(#REF!,#REF!,#REF!,#REF!,LMT!J6,LMT!AA6,LMT!J14,LMT!AA14,LMT!J22,LMT!AA22,LMT!J30,LMT!AA30,LMT!J38,LMT!AA38,LMT!J46,LMT!AA46,LMT!J54,LMT!AA54,LMT!J62,LMT!AA62) -> #REF! | N16: =sum(#REF!,#REF!,#REF!,#REF!,LMT!K6,LMT!AB6,LMT!K14,LMT!AB14,LMT!K22,LMT!AB22,LMT!K30,LMT!AB30,LMT!K38,LMT!AB38,LMT!K46,LMT!AB46,LMT!K54,LMT!AB54,LMT!K62,LMT!AB62) -> #REF! | O16: =sum(#REF!,#REF!,#REF!,#REF!,LMT!L6,LMT!AC6,LMT!L14,LMT!AC14,LMT!L22,LMT!AC22,LMT!L30,LMT!AC30,LMT!L38,LMT!AC38,LMT!L46,LMT!AC46,LMT!L54,LMT!AC54,LMT!L62,LMT!AC62) -> #REF! | P16: =sum(#REF!,#REF!,#REF!,#REF!,LMT!M6,LMT!AD6,LMT!M14,LMT!AD14,LMT!M22,LMT!AD22,LMT!M30,LMT!AD30,LMT!M38,LMT!AD38,LMT!M46,LMT!AD46,LMT!M54,LMT!AD54,LMT!M62,LMT!AD62) -> #REF! | Q16: =sum(#REF!,#REF!,#REF!,#REF!,LMT!N6,LMT!AE6,LMT!N14,LMT!AE14,LMT!N22,LMT!AE22,LMT!N30,LMT!AE30,LMT!N38,LMT!AE38,LMT!N46,LMT!AE46,LMT!N54,LMT!AE54,LMT!N62,LMT!AE62) -> #REF! | R16: =sum(#REF!,#REF!,#REF!,#REF!,LMT!O6,LMT!AF6,LMT!O14,LMT!AF14,LMT!O22,LMT!AF22,LMT!O30,LMT!AF30,LMT!O38,LMT!AF38,LMT!O46,LMT!AF46,LMT!O54,LMT!AF54,LMT!O62,LMT!AF62) -> #REF! | S16: =sum(#REF!,#REF!,#REF!,#REF!,LMT!P6,LMT!AG6,LMT!P14,LMT!AG14,LMT!P22,LMT!AG22,LMT!P30,LMT!AG30,LMT!P38,LMT!AG38,LMT!P46,LMT!AG46,LMT!P54,LMT!AG54,LMT!P62,LMT!AG62) -> #REF! | T16: =J16/I16 -> #REF!
A17: Limitless | B17: Gilded Grams | C17: =sum(D17:E17) -> 3 | D17: 1 | E17: 2 | F17: =sum(#REF!,#REF!,#REF!,#REF!,LMT!C7,LMT!T7,LMT!C15,LMT!T15,LMT!C23,LMT!T23,LMT!C31,LMT!T31,LMT!C39,LMT!T39,LMT!C47,LMT!T47,LMT!C55,LMT!T55,LMT!C63,LMT!T63) -> #REF! | G17: =sum(#REF!,#REF!,#REF!,#REF!,LMT!D7,LMT!U7,LMT!D15,LMT!U15,LMT!D23,LMT!U23,LMT!D31,LMT!U31,LMT!D39,LMT!U39,LMT!D47,LMT!U47,LMT!D55,LMT!U55,LMT!D63,LMT!U63) -> #REF! | H17: =sum(#REF!,#REF!,#REF!,#REF!,LMT!E7,LMT!V7,LMT!E15,LMT!V15,LMT!E23,LMT!V23,LMT!E31,LMT!V31,LMT!E39,LMT!V39,LMT!E47,LMT!V47,LMT!E55,LMT!V55,LMT!E63,LMT!V63) -> #REF! | I17: =sum(#REF!,#REF!,#REF!,#REF!,LMT!F7,LMT!W7,LMT!F15,LMT!W15,LMT!F23,LMT!W23,LMT!F31,LMT!W31,LMT!F39,LMT!W39,LMT!F47,LMT!W47,LMT!F55,LMT!W55,LMT!F63,LMT!W63) -> #REF! | J17: =sum(#REF!,#REF!,#REF!,#REF!,LMT!G7,LMT!X7,LMT!G15,LMT!X15,LMT!G23,LMT!X23,LMT!G31,LMT!X31,LMT!G39,LMT!X39,LMT!G47,LMT!X47,LMT!G55,LMT!X55,LMT!G63,LMT!X63) -> #REF! | K17: =sum(#REF!,#REF!,#REF!,#REF!,LMT!H7,LMT!Y7,LMT!H15,LMT!Y15,LMT!H23,LMT!Y23,LMT!H31,LMT!Y31,LMT!H39,LMT!Y39,LMT!H47,LMT!Y47,LMT!H55,LMT!Y55,LMT!H63,LMT!Y63) -> #REF! | L17: =K17/(HOUR(J17)*60+(MINUTE(J17)+((SECOND(J17)/60)))) -> #REF! | M17: =sum(#REF!,#REF!,#REF!,#REF!,LMT!J7,LMT!AA7,LMT!J15,LMT!AA15,LMT!J23,LMT!AA23,LMT!J31,LMT!AA31,LMT!J39,LMT!AA39,LMT!J47,LMT!AA47,LMT!J55,LMT!AA55,LMT!J63,LMT!AA63) -> #REF! | N17: =sum(#REF!,#REF!,#REF!,#REF!,LMT!K7,LMT!AB7,LMT!K15,LMT!AB15,LMT!K23,LMT!AB23,LMT!K31,LMT!AB31,LMT!K39,LMT!AB39,LMT!K47,LMT!AB47,LMT!K55,LMT!AB55,LMT!K63,LMT!AB63) -> #REF! | O17: =sum(#REF!,#REF!,#REF!,#REF!,LMT!L7,LMT!AC7,LMT!L15,LMT!AC15,LMT!L23,LMT!AC23,LMT!L31,LMT!AC31,LMT!L39,LMT!AC39,LMT!L47,LMT!AC47,LMT!L55,LMT!AC55,LMT!L63,LMT!AC63) -> #REF! | P17: =sum(#REF!,#REF!,#REF!,#REF!,LMT!M7,LMT!AD7,LMT!M15,LMT!AD15,LMT!M23,LMT!AD23,LMT!M31,LMT!AD31,LMT!M39,LMT!AD39,LMT!M47,LMT!AD47,LMT!M55,LMT!AD55,LMT!M63,LMT!AD63) -> #REF! | Q17: =sum(#REF!,#REF!,#REF!,#REF!,LMT!N7,LMT!AE7,LMT!N15,LMT!AE15,LMT!N23,LMT!AE23,LMT!N31,LMT!AE31,LMT!N39,LMT!AE39,LMT!N47,LMT!AE47,LMT!N55,LMT!AE55,LMT!N63,LMT!AE63) -> #REF! | R17: =sum(#REF!,#REF!,#REF!,#REF!,LMT!O7,LMT!AF7,LMT!O15,LMT!AF15,LMT!O23,LMT!AF23,LMT!O31,LMT!AF31,LMT!O39,LMT!AF39,LMT!O47,LMT!AF47,LMT!O55,LMT!AF55,LMT!O63,LMT!AF63) -> #REF! | S17: =sum(#REF!,#REF!,#REF!,#REF!,LMT!P7,LMT!AG7,LMT!P15,LMT!AG15,LMT!P23,LMT!AG23,LMT!P31,LMT!AG31,LMT!P39,LMT!AG39,LMT!P47,LMT!AG47,LMT!P55,LMT!AG55,LMT!P63,LMT!AG63) -> #REF! | T17: =J17/I17 -> #REF!
A18: Limitless | B18: Perturbingly | C18: =sum(D18:E18) -> 3 | D18: 1 | E18: 2 | F18: =sum(#REF!,#REF!,#REF!,#REF!,LMT!C8,LMT!T8,LMT!C16,LMT!T16,LMT!C24,LMT!T24,LMT!C32,LMT!T32,LMT!C40,LMT!T40,LMT!C48,LMT!T48,LMT!C56,LMT!T56,LMT!C64,LMT!T64) -> #REF! | G18: =sum(#REF!,#REF!,#REF!,#REF!,LMT!D8,LMT!U8,LMT!D16,LMT!U16,LMT!D24,LMT!U24,LMT!D32,LMT!U32,LMT!D40,LMT!U40,LMT!D48,LMT!U48,LMT!D56,LMT!U56,LMT!D64,LMT!U64) -> #REF! | H18: =sum(#REF!,#REF!,#REF!,#REF!,LMT!E8,LMT!V8,LMT!E16,LMT!V16,LMT!E24,LMT!V24,LMT!E32,LMT!V32,LMT!E40,LMT!V40,LMT!E48,LMT!V48,LMT!E56,LMT!V56,LMT!E64,LMT!V64) -> #REF! | I18: =sum(#REF!,#REF!,#REF!,#REF!,LMT!F8,LMT!W8,LMT!F16,LMT!W16,LMT!F24,LMT!W24,LMT!F32,LMT!W32,LMT!F40,LMT!W40,LMT!F48,LMT!W48,LMT!F56,LMT!W56,LMT!F64,LMT!W64) -> #REF! | J18: =sum(#REF!,#REF!,#REF!,#REF!,LMT!G8,LMT!X8,LMT!G16,LMT!X16,LMT!G24,LMT!X24,LMT!G32,LMT!X32,LMT!G40,LMT!X40,LMT!G48,LMT!X48,LMT!G56,LMT!X56,LMT!G64,LMT!X64) -> #REF! | K18: =sum(#REF!,#REF!,#REF!,#REF!,LMT!H8,LMT!Y8,LMT!H16,LMT!Y16,LMT!H24,LMT!Y24,LMT!H32,LMT!Y32,LMT!H40,LMT!Y40,LMT!H48,LMT!Y48,LMT!H56,LMT!Y56,LMT!H64,LMT!Y64) -> #REF! | L18: =K18/(HOUR(J18)*60+(MINUTE(J18)+((SECOND(J18)/60)))) -> #REF! | M18: =sum(#REF!,#REF!,#REF!,#REF!,LMT!J8,LMT!AA8,LMT!J16,LMT!AA16,LMT!J24,LMT!AA24,LMT!J32,LMT!AA32,LMT!J40,LMT!AA40,LMT!J48,LMT!AA48,LMT!J56,LMT!AA56,LMT!J64,LMT!AA64) -> #REF! | N18: =sum(#REF!,#REF!,#REF!,#REF!,LMT!K8,LMT!AB8,LMT!K16,LMT!AB16,LMT!K24,LMT!AB24,LMT!K32,LMT!AB32,LMT!K40,LMT!AB40,LMT!K48,LMT!AB48,LMT!K56,LMT!AB56,LMT!K64,LMT!AB64) -> #REF! | O18: =sum(#REF!,#REF!,#REF!,#REF!,LMT!L8,LMT!AC8,LMT!L16,LMT!AC16,LMT!L24,LMT!AC24,LMT!L32,LMT!AC32,LMT!L40,LMT!AC40,LMT!L48,LMT!AC48,LMT!L56,LMT!AC56,LMT!L64,LMT!AC64) -> #REF! | P18: =sum(#REF!,#REF!,#REF!,#REF!,LMT!M8,LMT!AD8,LMT!M16,LMT!AD16,LMT!M24,LMT!AD24,LMT!M32,LMT!AD32,LMT!M40,LMT!AD40,LMT!M48,LMT!AD48,LMT!M56,LMT!AD56,LMT!M64,LMT!AD64) -> #REF! | Q18: =sum(#REF!,#REF!,#REF!,#REF!,LMT!N8,LMT!AE8,LMT!N16,LMT!AE16,LMT!N24,LMT!AE24,LMT!N32,LMT!AE32,LMT!N40,LMT!AE40,LMT!N48,LMT!AE48,LMT!N56,LMT!AE56,LMT!N64,LMT!AE64) -> #REF! | R18: =sum(#REF!,#REF!,#REF!,#REF!,LMT!O8,LMT!AF8,LMT!O16,LMT!AF16,LMT!O24,LMT!AF24,LMT!O32,LMT!AF32,LMT!O40,LMT!AF40,LMT!O48,LMT!AF48,LMT!O56,LMT!AF56,LMT!O64,LMT!AF64) -> #REF! | S18: =sum(#REF!,#REF!,#REF!,#REF!,LMT!P8,LMT!AG8,LMT!P16,LMT!AG16,LMT!P24,LMT!AG24,LMT!P32,LMT!AG32,LMT!P40,LMT!AG40,LMT!P48,LMT!AG48,LMT!P56,LMT!AG56,LMT!P64,LMT!AG64) -> #REF! | T18: =J18/I18 -> #REF!
A20: Yung Humma | B20: ixGingy | C20: =sum(D20:E20) -> 3 | D20: 2 | E20: 1 | F20: =sum(#REF!,#REF!,#REF!,#REF!,#REF!,#REF!,YH!C6,YH!T6,YH!C14,YH!T14,YH!C22,YH!T22,YH!C30,YH!T30,YH!C38,YH!T38,YH!C46,YH!T46,YH!C54,YH!T54) -> #REF! | G20: =sum(#REF!,#REF!,#REF!,#REF!,#REF!,#REF!,YH!D6,YH!U6,YH!D14,YH!U14,YH!D22,YH!U22,YH!D30,YH!U30,YH!D38,YH!U38,YH!D46,YH!U46,YH!D54,YH!U54) -> #REF! | H20: =sum(#REF!,#REF!,#REF!,#REF!,#REF!,#REF!,YH!E6,YH!V6,YH!E14,YH!V14,YH!E22,YH!V22,YH!E30,YH!V30,YH!E38,YH!V38,YH!E46,YH!V46,YH!E54,YH!V54) -> #REF! | I20: =sum(#REF!,#REF!,#REF!,#REF!,#REF!,#REF!,YH!F6,YH!W6,YH!F14,YH!W14,YH!F22,YH!W22,YH!F30,YH!W30,YH!F38,YH!W38,YH!F46,YH!W46,YH!F54,YH!W54) -> #REF! | J20: =sum(#REF!,#REF!,#REF!,#REF!,#REF!,#REF!,YH!G6,YH!X6,YH!G14,YH!X14,YH!G22,YH!X22,YH!G30,YH!X30,YH!G38,YH!X38,YH!G46,YH!X46,YH!G54,YH!X54) -> #REF! | K20: =sum(#REF!,#REF!,#REF!,#REF!,#REF!,#REF!,YH!H6,YH!Y6,YH!H14,YH!Y14,YH!H22,YH!Y22,YH!H30,YH!Y30,YH!H38,YH!Y38,YH!H46,YH!Y46,YH!H54,YH!Y54) -> #REF! | L20: =K20/(HOUR(J20)*60+(MINUTE(J20)+((SECOND(J20)/60)))) -> #REF! | M20: =sum(#REF!,#REF!,#REF!,#REF!,#REF!,#REF!,YH!J6,YH!AA6,YH!J14,YH!AA14,YH!J22,YH!AA22,YH!J30,YH!AA30,YH!J38,YH!AA38,YH!J46,YH!AA46,YH!J54,YH!AA54) -> #REF! | N20: =sum(#REF!,#REF!,#REF!,#REF!,#REF!,#REF!,YH!K6,YH!AB6,YH!K14,YH!AB14,YH!K22,YH!AB22,YH!K30,YH!AB30,YH!K38,YH!AB38,YH!K46,YH!AB46,YH!K54,YH!AB54) -> #REF! | O20: =sum(#REF!,#REF!,#REF!,#REF!,#REF!,#REF!,YH!L6,YH!AC6,YH!L14,YH!AC14,YH!L22,YH!AC22,YH!L30,YH!AC30,YH!L38,YH!AC38,YH!L46,YH!AC46,YH!L54,YH!AC54) -> #REF! | P20: =sum(#REF!,#REF!,#REF!,#REF!,#REF!,#REF!,YH!M6,YH!AD6,YH!M14,YH!AD14,YH!M22,YH!AD22,YH!M30,YH!AD30,YH!M38,YH!AD38,YH!M46,YH!AD46,YH!M54,YH!AD54) -> #REF! | Q20: =sum(#REF!,#REF!,#REF!,#REF!,#REF!,#REF!,YH!N6,YH!AE6,YH!N14,YH!AE14,YH!N22,YH!AE22,YH!N30,YH!AE30,YH!N38,YH!AE38,YH!N46,YH!AE46,YH!N54,YH!AE54) -> #REF! | R20: =sum(#REF!,#REF!,#REF!,#REF!,#REF!,#REF!,YH!O6,YH!AF6,YH!O14,YH!AF14,YH!O22,YH!AF22,YH!O30,YH!AF30,YH!O38,YH!AF38,YH!O46,YH!AF46,YH!O54,YH!AF54) -> #REF! | S20: =sum(#REF!,#REF!,#REF!,#REF!,#REF!,#REF!,YH!P6,YH!AG6,YH!P14,YH!AG14,YH!P22,YH!AG22,YH!P30,YH!AG30,YH!P38,YH!AG38,YH!P46,YH!AG46,YH!P54,YH!AG54) -> #REF! | T20: =J20/I20 -> #REF!
A21: Yung Humma | B21: halfbreed105 | C21: =sum(D21:E21) -> 3 | D21: 2 | E21: 1 | F21: =sum(#REF!,#REF!,#REF!,#REF!,#REF!,#REF!,YH!C7,YH!T7,YH!C15,YH!T15,YH!C23,YH!T23,YH!C31,YH!T31,YH!C39,YH!T39,YH!C47,YH!T47,YH!C55,YH!T55) -> #REF! | G21: =sum(#REF!,#REF!,#REF!,#REF!,#REF!,#REF!,YH!D7,YH!U7,YH!D15,YH!U15,YH!D23,YH!U23,YH!D31,YH!U31,YH!D39,YH!U39,YH!D47,YH!U47,YH!D55,YH!U55) -> #REF! | H21: =sum(#REF!,#REF!,#REF!,#REF!,#REF!,#REF!,YH!E7,YH!V7,YH!E15,YH!V15,YH!E23,YH!V23,YH!E31,YH!V31,YH!E39,YH!V39,YH!E47,YH!V47,YH!E55,YH!V55) -> #REF! | I21: =sum(#REF!,#REF!,#REF!,#REF!,#REF!,#REF!,YH!F7,YH!W7,YH!F15,YH!W15,YH!F23,YH!W23,YH!F31,YH!W31,YH!F39,YH!W39,YH!F47,YH!W47,YH!F55,YH!W55) -> #REF! | J21: =sum(#REF!,#REF!,#REF!,#REF!,#REF!,#REF!,YH!G7,YH!X7,YH!G15,YH!X15,YH!G23,YH!X23,YH!G31,YH!X31,YH!G39,YH!X39,YH!G47,YH!X47,YH!G55,YH!X55) -> #REF! | K21: =sum(#REF!,#REF!,#REF!,#REF!,#REF!,#REF!,YH!H7,YH!Y7,YH!H15,YH!Y15,YH!H23,YH!Y23,YH!H31,YH!Y31,YH!H39,YH!Y39,YH!H47,YH!Y47,YH!H55,YH!Y55) -> #REF! | L21: =K21/(HOUR(J21)*60+(MINUTE(J21)+((SECOND(J21)/60)))) -> #REF! | M21: =sum(#REF!,#REF!,#REF!,#REF!,#REF!,#REF!,YH!J7,YH!AA7,YH!J15,YH!AA15,YH!J23,YH!AA23,YH!J31,YH!AA31,YH!J39,YH!AA39,YH!J47,YH!AA47,YH!J55,YH!AA55) -> #REF! | N21: =sum(#REF!,#REF!,#REF!,#REF!,#REF!,#REF!,YH!K7,YH!AB7,YH!K15,YH!AB15,YH!K23,YH!AB23,YH!K31,YH!AB31,YH!K39,YH!AB39,YH!K47,YH!AB47,YH!K55,YH!AB55) -> #REF! | O21: =sum(#REF!,#REF!,#REF!,#REF!,#REF!,#REF!,YH!L7,YH!AC7,YH!L15,YH!AC15,YH!L23,YH!AC23,YH!L31,YH!AC31,YH!L39,YH!AC39,YH!L47,YH!AC47,YH!L55,YH!AC55) -> #REF! | P21: =sum(#REF!,#REF!,#REF!,#REF!,#REF!,#REF!,YH!M7,YH!AD7,YH!M15,YH!AD15,YH!M23,YH!AD23,YH!M31,YH!AD31,YH!M39,YH!AD39,YH!M47,YH!AD47,YH!M55,YH!AD55) -> #REF! | Q21: =sum(#REF!,#REF!,#REF!,#REF!,#REF!,#REF!,YH!N7,YH!AE7,YH!N15,YH!AE15,YH!N23,YH!AE23,YH!N31,YH!AE31,YH!N39,YH!AE39,YH!N47,YH!AE47,YH!N55,YH!AE55) -> #REF! | R21: =sum(#REF!,#REF!,#REF!,#REF!,#REF!,#REF!,YH!O7,YH!AF7,YH!O15,YH!AF15,YH!O23,YH!AF23,YH!O31,YH!AF31,YH!O39,YH!AF39,YH!O47,YH!AF47,YH!O55,YH!AF55) -> #REF! | S21: =sum(#REF!,#REF!,#REF!,#REF!,#REF!,#REF!,YH!P7,YH!AG7,YH!P15,YH!AG15,YH!P23,YH!AG23,YH!P31,YH!AG31,YH!P39,YH!AG39,YH!P47,YH!AG47,YH!P55,YH!AG55) -> #REF! | T21: =J21/I21 -> #REF!
A22: Yung Humma | B22: Doerstopper | C22: =sum(D22:E22) -> 3 | D22: 2 | E22: 1 | F22: =sum(#REF!,#REF!,#REF!,#REF!,#REF!,#REF!,YH!C8,YH!T8,YH!C16,YH!T16,YH!C24,YH!T24,YH!C32,YH!T32,YH!C40,YH!T40,YH!C48,YH!T48,YH!C56,YH!T56) -> #REF! | G22: =sum(#REF!,#REF!,#REF!,#REF!,#REF!,#REF!,YH!D8,YH!U8,YH!D16,YH!U16,YH!D24,YH!U24,YH!D32,YH!U32,YH!D40,YH!U40,YH!D48,YH!U48,YH!D56,YH!U56) -> #REF! | H22: =sum(#REF!,#REF!,#REF!,#REF!,#REF!,#REF!,YH!E8,YH!V8,YH!E16,YH!V16,YH!E24,YH!V24,YH!E32,YH!V32,YH!E40,YH!V40,YH!E48,YH!V48,YH!E56,YH!V56) -> #REF! | I22: =sum(#REF!,#REF!,#REF!,#REF!,#REF!,#REF!,YH!F8,YH!W8,YH!F16,YH!W16,YH!F24,YH!W24,YH!F32,YH!W32,YH!F40,YH!W40,YH!F48,YH!W48,YH!F56,YH!W56) -> #REF! | J22: =sum(#REF!,#REF!,#REF!,#REF!,#REF!,#REF!,YH!G8,YH!X8,YH!G16,YH!X16,YH!G24,YH!X24,YH!G32,YH!X32,YH!G40,YH!X40,YH!G48,YH!X48,YH!G56,YH!X56) -> #REF! | K22: =sum(#REF!,#REF!,#REF!,#REF!,#REF!,#REF!,YH!H8,YH!Y8,YH!H16,YH!Y16,YH!H24,YH!Y24,YH!H32,YH!Y32,YH!H40,YH!Y40,YH!H48,YH!Y48,YH!H56,YH!Y56) -> #REF! | L22: =K22/(HOUR(J22)*60+(MINUTE(J22)+((SECOND(J22)/60)))) -> #REF! | M22: =sum(#REF!,#REF!,#REF!,#REF!,#REF!,#REF!,YH!J8,YH!AA8,YH!J16,YH!AA16,YH!J24,YH!AA24,YH!J32,YH!AA32,YH!J40,YH!AA40,YH!J48,YH!AA48,YH!J56,YH!AA56) -> #REF! | N22: =sum(#REF!,#REF!,#REF!,#REF!,#REF!,#REF!,YH!K8,YH!AB8,YH!K16,YH!AB16,YH!K24,YH!AB24,YH!K32,YH!AB32,YH!K40,YH!AB40,YH!K48,YH!AB48,YH!K56,YH!AB56) -> #REF! | O22: =sum(#REF!,#REF!,#REF!,#REF!,#REF!,#REF!,YH!L8,YH!AC8,YH!L16,YH!AC16,YH!L24,YH!AC24,YH!L32,YH!AC32,YH!L40,YH!AC40,YH!L48,YH!AC48,YH!L56,YH!AC56) -> #REF! | P22: =sum(#REF!,#REF!,#REF!,#REF!,#REF!,#REF!,YH!M8,YH!AD8,YH!M16,YH!AD16,YH!M24,YH!AD24,YH!M32,YH!AD32,YH!M40,YH!AD40,YH!M48,YH!AD48,YH!M56,YH!AD56) -> #REF! | Q22: =sum(#REF!,#REF!,#REF!,#REF!,#REF!,#REF!,YH!N8,YH!AE8,YH!N16,YH!AE16,YH!N24,YH!AE24,YH!N32,YH!AE32,YH!N40,YH!AE40,YH!N48,YH!AE48,YH!N56,YH!AE56) -> #REF! | R22: =sum(#REF!,#REF!,#REF!,#REF!,#REF!,#REF!,YH!O8,YH!AF8,YH!O16,YH!AF16,YH!O24,YH!AF24,YH!O32,YH!AF32,YH!O40,YH!AF40,YH!O48,YH!AF48,YH!O56,YH!AF56) -> #REF! | S22: =sum(#REF!,#REF!,#REF!,#REF!,#REF!,#REF!,YH!P8,YH!AG8,YH!P16,YH!AG16,YH!P24,YH!AG24,YH!P32,YH!AG32,YH!P40,YH!AG40,YH!P48,YH!AG48,YH!P56,YH!AG56) -> #REF! | T22: =J22/I22 -> #REF!
A23: Yung Humma | B23: Killerz Legit | C23: =sum(D23:E23) -> 3 | D23: 2 | E23: 1 | F23: =sum(#REF!,#REF!,#REF!,#REF!,YH!C1,YH!T1,YH!C9,YH!T9,YH!C17,YH!T17,YH!C25,YH!T25,YH!C33,YH!T33,YH!C41,YH!T41,YH!C49,YH!T49,YH!C57,YH!T57) -> #REF! | G23: =sum(#REF!,#REF!,#REF!,#REF!,YH!D1,YH!U1,YH!D9,YH!U9,YH!D17,YH!U17,YH!D25,YH!U25,YH!D33,YH!U33,YH!D41,YH!U41,YH!D49,YH!U49,YH!D57,YH!U57) -> #REF! | H23: =sum(#REF!,#REF!,#REF!,#REF!,YH!E1,YH!V1,YH!E9,YH!V9,YH!E17,YH!V17,YH!E25,YH!V25,YH!E33,YH!V33,YH!E41,YH!V41,YH!E49,YH!V49,YH!E57,YH!V57) -> #REF! | I23: =sum(#REF!,#REF!,#REF!,#REF!,YH!F1,YH!W1,YH!F9,YH!W9,YH!F17,YH!W17,YH!F25,YH!W25,YH!F33,YH!W33,YH!F41,YH!W41,YH!F49,YH!W49,YH!F57,YH!W57) -> #REF! | J23: =sum(#REF!,#REF!,#REF!,#REF!,YH!G1,YH!X1,YH!G9,YH!X9,YH!G17,YH!X17,YH!G25,YH!X25,YH!G33,YH!X33,YH!G41,YH!X41,YH!G49,YH!X49,YH!G57,YH!X57) -> #REF! | K23: =sum(#REF!,#REF!,#REF!,#REF!,YH!H1,YH!Y1,YH!H9,YH!Y9,YH!H17,YH!Y17,YH!H25,YH!Y25,YH!H33,YH!Y33,YH!H41,YH!Y41,YH!H49,YH!Y49,YH!H57,YH!Y57) -> #REF! | L23: =K23/(HOUR(J23)*60+(MINUTE(J23)+((SECOND(J23)/60)))) -> #REF! | M23: =sum(#REF!,#REF!,#REF!,#REF!,YH!J1,YH!AA1,YH!J9,YH!AA9,YH!J17,YH!AA17,YH!J25,YH!AA25,YH!J33,YH!AA33,YH!J41,YH!AA41,YH!J49,YH!AA49,YH!J57,YH!AA57) -> #REF! | N23: =sum(#REF!,#REF!,#REF!,#REF!,YH!K1,YH!AB1,YH!K9,YH!AB9,YH!K17,YH!AB17,YH!K25,YH!AB25,YH!K33,YH!AB33,YH!K41,YH!AB41,YH!K49,YH!AB49,YH!K57,YH!AB57) -> #REF! | O23: =sum(#REF!,#REF!,#REF!,#REF!,YH!L1,YH!AC1,YH!L9,YH!AC9,YH!L17,YH!AC17,YH!L25,YH!AC25,YH!L33,YH!AC33,YH!L41,YH!AC41,YH!L49,YH!AC49,YH!L57,YH!AC57) -> #REF! | P23: =sum(#REF!,#REF!,#REF!,#REF!,YH!M1,YH!AD1,YH!M9,YH!AD9,YH!M17,YH!AD17,YH!M25,YH!AD25,YH!M33,YH!AD33,YH!M41,YH!AD41,YH!M49,YH!AD49,YH!M57,YH!AD57) -> #REF! | Q23: =sum(#REF!,#REF!,#REF!,#REF!,YH!N1,YH!AE1,YH!N9,YH!AE9,YH!N17,YH!AE17,YH!N25,YH!AE25,YH!N33,YH!AE33,YH!N41,YH!AE41,YH!N49,YH!AE49,YH!N57,YH!AE57) -> #REF! | R23: =sum(#REF!,#REF!,#REF!,#REF!,YH!O1,YH!AF1,YH!O9,YH!AF9,YH!O17,YH!AF17,YH!O25,YH!AF25,YH!O33,YH!AF33,YH!O41,YH!AF41,YH!O49,YH!AF49,YH!O57,YH!AF57) -> #REF! | S23: =sum(#REF!,#REF!,#REF!,#REF!,YH!P1,YH!AG1,YH!P9,YH!AG9,YH!P17,YH!AG17,YH!P25,YH!AG25,YH!P33,YH!AG33,YH!P41,YH!AG41,YH!P49,YH!AG49,YH!P57,YH!AG57) -> #REF! | T23: =J23/I23 -> #REF!
A24: Yung Humma | B24: TommyWstSide793 | C24: =sum(D24:E24) -> 3 | D24: 2 | E24: 1 | F24: =sum(#REF!,#REF!,#REF!,#REF!,YH!C2,YH!T2,YH!C10,YH!T10,YH!C18,YH!T18,YH!C26,YH!T26,YH!C34,YH!T34,YH!C42,YH!T42,YH!C50,YH!T50,YH!C58,YH!T58) -> #REF! | G24: =sum(#REF!,#REF!,#REF!,#REF!,YH!D2,YH!U2,YH!D10,YH!U10,YH!D18,YH!U18,YH!D26,YH!U26,YH!D34,YH!U34,YH!D42,YH!U42,YH!D50,YH!U50,YH!D58,YH!U58) -> #REF! | H24: =sum(#REF!,#REF!,#REF!,#REF!,YH!E2,YH!V2,YH!E10,YH!V10,YH!E18,YH!V18,YH!E26,YH!V26,YH!E34,YH!V34,YH!E42,YH!V42,YH!E50,YH!V50,YH!E58,YH!V58) -> #REF! | I24: =sum(#REF!,#REF!,#REF!,#REF!,YH!F2,YH!W2,YH!F10,YH!W10,YH!F18,YH!W18,YH!F26,YH!W26,YH!F34,YH!W34,YH!F42,YH!W42,YH!F50,YH!W50,YH!F58,YH!W58) -> #REF! | J24: =sum(#REF!,#REF!,#REF!,#REF!,YH!G2,YH!X2,YH!G10,YH!X10,YH!G18,YH!X18,YH!G26,YH!X26,YH!G34,YH!X34,YH!G42,YH!X42,YH!G50,YH!X50,YH!G58,YH!X58) -> #REF! | K24: =sum(#REF!,#REF!,#REF!,#REF!,YH!H2,YH!Y2,YH!H10,YH!Y10,YH!H18,YH!Y18,YH!H26,YH!Y26,YH!H34,YH!Y34,YH!H42,YH!Y42,YH!H50,YH!Y50,YH!H58,YH!Y58) -> #REF! | L24: =K24/(HOUR(J24)*60+(MINUTE(J24)+((SECOND(J24)/60)))) -> #REF! | M24: =sum(#REF!,#REF!,#REF!,#REF!,YH!J2,YH!AA2,YH!J10,YH!AA10,YH!J18,YH!AA18,YH!J26,YH!AA26,YH!J34,YH!AA34,YH!J42,YH!AA42,YH!J50,YH!AA50,YH!J58,YH!AA58) -> #REF! | N24: =sum(#REF!,#REF!,#REF!,#REF!,YH!K2,YH!AB2,YH!K10,YH!AB10,YH!K18,YH!AB18,YH!K26,YH!AB26,YH!K34,YH!AB34,YH!K42,YH!AB42,YH!K50,YH!AB50,YH!K58,YH!AB58) -> #REF! | O24: =sum(#REF!,#REF!,#REF!,#REF!,YH!L2,YH!AC2,YH!L10,YH!AC10,YH!L18,YH!AC18,YH!L26,YH!AC26,YH!L34,YH!AC34,YH!L42,YH!AC42,YH!L50,YH!AC50,YH!L58,YH!AC58) -> #REF! | P24: =sum(#REF!,#REF!,#REF!,#REF!,YH!M2,YH!AD2,YH!M10,YH!AD10,YH!M18,YH!AD18,YH!M26,YH!AD26,YH!M34,YH!AD34,YH!M42,YH!AD42,YH!M50,YH!AD50,YH!M58,YH!AD58) -> #REF! | Q24: =sum(#REF!,#REF!,#REF!,#REF!,YH!N2,YH!AE2,YH!N10,YH!AE10,YH!N18,YH!AE18,YH!N26,YH!AE26,YH!N34,YH!AE34,YH!N42,YH!AE42,YH!N50,YH!AE50,YH!N58,YH!AE58) -> #REF! | R24: =sum(#REF!,#REF!,#REF!,#REF!,YH!O2,YH!AF2,YH!O10,YH!AF10,YH!O18,YH!AF18,YH!O26,YH!AF26,YH!O34,YH!AF34,YH!O42,YH!AF42,YH!O50,YH!AF50,YH!O58,YH!AF58) -> #REF! | S24: =sum(#REF!,#REF!,#REF!,#REF!,YH!P2,YH!AG2,YH!P10,YH!AG10,YH!P18,YH!AG18,YH!P26,YH!AG26,YH!P34,YH!AG34,YH!P42,YH!AG42,YH!P50,YH!AG50,YH!P58,YH!AG58) -> #REF! | T24: =J24/I24 -> #REF!
A26: Fruit Gang | B26: Siyeons Banana (Star) | C26: =sum(D26:E26) -> 5 | D26: 3 | E26: 2 | F26: =sum(#REF!,#REF!,#REF!,#REF!,#REF!,#REF!,#REF!,#REF!,FG!C6,FG!T6,FG!C14,FG!T14,FG!C22,FG!T22,FG!C30,FG!T30,FG!C38,FG!T38,FG!C46,FG!T46) -> #REF! | G26: =sum(#REF!,#REF!,#REF!,#REF!,#REF!,#REF!,#REF!,#REF!,FG!D6,FG!U6,FG!D14,FG!U14,FG!D22,FG!U22,FG!D30,FG!U30,FG!D38,FG!U38,FG!D46,FG!U46) -> #REF! | H26: =sum(#REF!,#REF!,#REF!,#REF!,#REF!,#REF!,#REF!,#REF!,FG!E6,FG!V6,FG!E14,FG!V14,FG!E22,FG!V22,FG!E30,FG!V30,FG!E38,FG!V38,FG!E46,FG!V46) -> #REF! | I26: =sum(#REF!,#REF!,#REF!,#REF!,#REF!,#REF!,#REF!,#REF!,FG!F6,FG!W6,FG!F14,FG!W14,FG!F22,FG!W22,FG!F30,FG!W30,FG!F38,FG!W38,FG!F46,FG!W46) -> #REF! | J26: =sum(#REF!,#REF!,#REF!,#REF!,#REF!,#REF!,#REF!,#REF!,FG!G6,FG!X6,FG!G14,FG!X14,FG!G22,FG!X22,FG!G30,FG!X30,FG!G38,FG!X38,FG!G46,FG!X46) -> #REF! | K26: =sum(#REF!,#REF!,#REF!,#REF!,#REF!,#REF!,#REF!,#REF!,FG!H6,FG!Y6,FG!H14,FG!Y14,FG!H22,FG!Y22,FG!H30,FG!Y30,FG!H38,FG!Y38,FG!H46,FG!Y46) -> #REF! | L26: =K26/(HOUR(J26)*60+(MINUTE(J26)+((SECOND(J26)/60)))) -> #REF! | M26: =sum(#REF!,#REF!,#REF!,#REF!,#REF!,#REF!,#REF!,#REF!,FG!J6,FG!AA6,FG!J14,FG!AA14,FG!J22,FG!AA22,FG!J30,FG!AA30,FG!J38,FG!AA38,FG!J46,FG!AA46) -> #REF! | N26: =sum(#REF!,#REF!,#REF!,#REF!,#REF!,#REF!,#REF!,#REF!,FG!K6,FG!AB6,FG!K14,FG!AB14,FG!K22,FG!AB22,FG!K30,FG!AB30,FG!K38,FG!AB38,FG!K46,FG!AB46) -> #REF! | O26: =sum(#REF!,#REF!,#REF!,#REF!,#REF!,#REF!,#REF!,#REF!,FG!L6,FG!AC6,FG!L14,FG!AC14,FG!L22,FG!AC22,FG!L30,FG!AC30,FG!L38,FG!AC38,FG!L46,FG!AC46) -> #REF! | P26: =sum(#REF!,#REF!,#REF!,#REF!,#REF!,#REF!,#REF!,#REF!,FG!M6,FG!AD6,FG!M14,FG!AD14,FG!M22,FG!AD22,FG!M30,FG!AD30,FG!M38,FG!AD38,FG!M46,FG!AD46) -> #REF! | Q26: =sum(#REF!,#REF!,#REF!,#REF!,#REF!,#REF!,#REF!,#REF!,FG!N6,FG!AE6,FG!N14,FG!AE14,FG!N22,FG!AE22,FG!N30,FG!AE30,FG!N38,FG!AE38,FG!N46,FG!AE46) -> #REF! | R26: =sum(#REF!,#REF!,#REF!,#REF!,#REF!,#REF!,#REF!,#REF!,FG!O6,FG!AF6,FG!O14,FG!AF14,FG!O22,FG!AF22,FG!O30,FG!AF30,FG!O38,FG!AF38,FG!O46,FG!AF46) -> #REF! | S26: =sum(#REF!,#REF!,#REF!,#REF!,#REF!,#REF!,#REF!,#REF!,FG!P6,FG!AG6,FG!P14,FG!AG14,FG!P22,FG!AG22,FG!P30,FG!AG30,FG!P38,FG!AG38,FG!P46,FG!AG46) -> #REF! | T26: =J26/I26 -> #REF!
A27: Fruit Gang | B27: Icey Tanker | C27: =sum(D27:E27) -> 5 | D27: 3 | E27: 2 | F27: =sum(#REF!,#REF!,#REF!,#REF!,#REF!,#REF!,#REF!,#REF!,FG!C7,FG!T7,FG!C15,FG!T15,FG!C23,FG!T23,FG!C31,FG!T31,FG!C39,FG!T39,FG!C47,FG!T47) -> #REF! | G27: =sum(#REF!,#REF!,#REF!,#REF!,#REF!,#REF!,#REF!,#REF!,FG!D7,FG!U7,FG!D15,FG!U15,FG!D23,FG!U23,FG!D31,FG!U31,FG!D39,FG!U39,FG!D47,FG!U47) -> #REF! | H27: =sum(#REF!,#REF!,#REF!,#REF!,#REF!,#REF!,#REF!,#REF!,FG!E7,FG!V7,FG!E15,FG!V15,FG!E23,FG!V23,FG!E31,FG!V31,FG!E39,FG!V39,FG!E47,FG!V47) -> #REF! | I27: =sum(#REF!,#REF!,#REF!,#REF!,#REF!,#REF!,#REF!,#REF!,FG!F7,FG!W7,FG!F15,FG!W15,FG!F23,FG!W23,FG!F31,FG!W31,FG!F39,FG!W39,FG!F47,FG!W47) -> #REF! | J27: =sum(#REF!,#REF!,#REF!,#REF!,#REF!,#REF!,#REF!,#REF!,FG!G7,FG!X7,FG!G15,FG!X15,FG!G23,FG!X23,FG!G31,FG!X31,FG!G39,FG!X39,FG!G47,FG!X47) -> #REF! | K27: =sum(#REF!,#REF!,#REF!,#REF!,#REF!,#REF!,#REF!,#REF!,FG!H7,FG!Y7,FG!H15,FG!Y15,FG!H23,FG!Y23,FG!H31,FG!Y31,FG!H39,FG!Y39,FG!H47,FG!Y47) -> #REF! | L27: =K27/(HOUR(J27)*60+(MINUTE(J27)+((SECOND(J27)/60)))) -> #REF! | M27: =sum(#REF!,#REF!,#REF!,#REF!,#REF!,#REF!,#REF!,#REF!,FG!J7,FG!AA7,FG!J15,FG!AA15,FG!J23,FG!AA23,FG!J31,FG!AA31,FG!J39,FG!AA39,FG!J47,FG!AA47) -> #REF! | N27: =sum(#REF!,#REF!,#REF!,#REF!,#REF!,#REF!,#REF!,#REF!,FG!K7,FG!AB7,FG!K15,FG!AB15,FG!K23,FG!AB23,FG!K31,FG!AB31,FG!K39,FG!AB39,FG!K47,FG!AB47) -> #REF! | O27: =sum(#REF!,#REF!,#REF!,#REF!,#REF!,#REF!,#REF!,#REF!,FG!L7,FG!AC7,FG!L15,FG!AC15,FG!L23,FG!AC23,FG!L31,FG!AC31,FG!L39,FG!AC39,FG!L47,FG!AC47) -> #REF! | P27: =sum(#REF!,#REF!,#REF!,#REF!,#REF!,#REF!,#REF!,#REF!,FG!M7,FG!AD7,FG!M15,FG!AD15,FG!M23,FG!AD23,FG!M31,FG!AD31,FG!M39,FG!AD39,FG!M47,FG!AD47) -> #REF! | Q27: =sum(#REF!,#REF!,#REF!,#REF!,#REF!,#REF!,#REF!,#REF!,FG!N7,FG!AE7,FG!N15,FG!AE15,FG!N23,FG!AE23,FG!N31,FG!AE31,FG!N39,FG!AE39,FG!N47,FG!AE47) -> #REF! | R27: =sum(#REF!,#REF!,#REF!,#REF!,#REF!,#REF!,#REF!,#REF!,FG!O7,FG!AF7,FG!O15,FG!AF15,FG!O23,FG!AF23,FG!O31,FG!AF31,FG!O39,FG!AF39,FG!O47,FG!AF47) -> #REF! | S27: =sum(#REF!,#REF!,#REF!,#REF!,#REF!,#REF!,#REF!,#REF!,FG!P7,FG!AG7,FG!P15,FG!AG15,FG!P23,FG!AG23,FG!P31,FG!AG31,FG!P39,FG!AG39,FG!P47,FG!AG47) -> #REF! | T27: =J27/I27 -> #REF!
A28: Fruit Gang | B28: Aspence501 | C28: =sum(D28:E28) -> 5 | D28: 3 | E28: 2 | F28: =sum(#REF!,#REF!,#REF!,#REF!,#REF!,#REF!,#REF!,#REF!,FG!C8,FG!T8,FG!C16,FG!T16,FG!C24,FG!T24,FG!C32,FG!T32,FG!C40,FG!T40,FG!C48,FG!T48) -> #REF! | G28: =sum(#REF!,#REF!,#REF!,#REF!,#REF!,#REF!,#REF!,#REF!,FG!D8,FG!U8,FG!D16,FG!U16,FG!D24,FG!U24,FG!D32,FG!U32,FG!D40,FG!U40,FG!D48,FG!U48) -> #REF! | H28: =sum(#REF!,#REF!,#REF!,#REF!,#REF!,#REF!,#REF!,#REF!,FG!E8,FG!V8,FG!E16,FG!V16,FG!E24,FG!V24,FG!E32,FG!V32,FG!E40,FG!V40,FG!E48,FG!V48) -> #REF! | I28: =sum(#REF!,#REF!,#REF!,#REF!,#REF!,#REF!,#REF!,#REF!,FG!F8,FG!W8,FG!F16,FG!W16,FG!F24,FG!W24,FG!F32,FG!W32,FG!F40,FG!W40,FG!F48,FG!W48) -> #REF! | J28: =sum(#REF!,#REF!,#REF!,#REF!,#REF!,#REF!,#REF!,#REF!,FG!G8,FG!X8,FG!G16,FG!X16,FG!G24,FG!X24,FG!G32,FG!X32,FG!G40,FG!X40,FG!G48,FG!X48) -> #REF! | K28: =sum(#REF!,#REF!,#REF!,#REF!,#REF!,#REF!,#REF!,#REF!,FG!H8,FG!Y8,FG!H16,FG!Y16,FG!H24,FG!Y24,FG!H32,FG!Y32,FG!H40,FG!Y40,FG!H48,FG!Y48) -> #REF! | L28: =K28/(HOUR(J28)*60+(MINUTE(J28)+((SECOND(J28)/60)))) -> #REF! | M28: =sum(#REF!,#REF!,#REF!,#REF!,#REF!,#REF!,#REF!,#REF!,FG!J8,FG!AA8,FG!J16,FG!AA16,FG!J24,FG!AA24,FG!J32,FG!AA32,FG!J40,FG!AA40,FG!J48,FG!AA48) -> #REF! | N28: =sum(#REF!,#REF!,#REF!,#REF!,#REF!,#REF!,#REF!,#REF!,FG!K8,FG!AB8,FG!K16,FG!AB16,FG!K24,FG!AB24,FG!K32,FG!AB32,FG!K40,FG!AB40,FG!K48,FG!AB48) -> #REF! | O28: =sum(#REF!,#REF!,#REF!,#REF!,#REF!,#REF!,#REF!,#REF!,FG!L8,FG!AC8,FG!L16,FG!AC16,FG!L24,FG!AC24,FG!L32,FG!AC32,FG!L40,FG!AC40,FG!L48,FG!AC48) -> #REF! | P28: =sum(#REF!,#REF!,#REF!,#REF!,#REF!,#REF!,#REF!,#REF!,FG!M8,FG!AD8,FG!M16,FG!AD16,FG!M24,FG!AD24,FG!M32,FG!AD32,FG!M40,FG!AD40,FG!M48,FG!AD48) -> #REF! | Q28: =sum(#REF!,#REF!,#REF!,#REF!,#REF!,#REF!,#REF!,#REF!,FG!N8,FG!AE8,FG!N16,FG!AE16,FG!N24,FG!AE24,FG!N32,FG!AE32,FG!N40,FG!AE40,FG!N48,FG!AE48) -> #REF! | R28: =sum(#REF!,#REF!,#REF!,#REF!,#REF!,#REF!,#REF!,#REF!,FG!O8,FG!AF8,FG!O16,FG!AF16,FG!O24,FG!AF24,FG!O32,FG!AF32,FG!O40,FG!AF40,FG!O48,FG!AF48) -> #REF! | S28: =sum(#REF!,#REF!,#REF!,#REF!,#REF!,#REF!,#REF!,#REF!,FG!P8,FG!AG8,FG!P16,FG!AG16,FG!P24,FG!AG24,FG!P32,FG!AG32,FG!P40,FG!AG40,FG!P48,FG!AG48) -> #REF! | T28: =J28/I28 -> #REF!
A29: Fruit Gang | B29: Wrecking Nerds | C29: =sum(D29:E29) -> 5 | D29: 3 | E29: 2 | F29: =sum(#REF!,#REF!,#REF!,#REF!,#REF!,#REF!,FG!C1,FG!T1,FG!C9,FG!T9,FG!C17,FG!T17,FG!C25,FG!T25,FG!C33,FG!T33,FG!C41,FG!T41,FG!C49,FG!T49) -> #REF! | G29: =sum(#REF!,#REF!,#REF!,#REF!,#REF!,#REF!,FG!D1,FG!U1,FG!D9,FG!U9,FG!D17,FG!U17,FG!D25,FG!U25,FG!D33,FG!U33,FG!D41,FG!U41,FG!D49,FG!U49) -> #REF! | H29: =sum(#REF!,#REF!,#REF!,#REF!,#REF!,#REF!,FG!E1,FG!V1,FG!E9,FG!V9,FG!E17,FG!V17,FG!E25,FG!V25,FG!E33,FG!V33,FG!E41,FG!V41,FG!E49,FG!V49) -> #REF! | I29: =sum(#REF!,#REF!,#REF!,#REF!,#REF!,#REF!,FG!F1,FG!W1,FG!F9,FG!W9,FG!F17,FG!W17,FG!F25,FG!W25,FG!F33,FG!W33,FG!F41,FG!W41,FG!F49,FG!W49) -> #REF! | J29: =sum(#REF!,#REF!,#REF!,#REF!,#REF!,#REF!,FG!G1,FG!X1,FG!G9,FG!X9,FG!G17,FG!X17,FG!G25,FG!X25,FG!G33,FG!X33,FG!G41,FG!X41,FG!G49,FG!X49) -> #REF! | K29: =sum(#REF!,#REF!,#REF!,#REF!,#REF!,#REF!,FG!H1,FG!Y1,FG!H9,FG!Y9,FG!H17,FG!Y17,FG!H25,FG!Y25,FG!H33,FG!Y33,FG!H41,FG!Y41,FG!H49,FG!Y49) -> #REF! | L29: =K29/(HOUR(J29)*60+(MINUTE(J29)+((SECOND(J29)/60)))) -> #REF! | M29: =sum(#REF!,#REF!,#REF!,#REF!,#REF!,#REF!,FG!J1,FG!AA1,FG!J9,FG!AA9,FG!J17,FG!AA17,FG!J25,FG!AA25,FG!J33,FG!AA33,FG!J41,FG!AA41,FG!J49,FG!AA49) -> #REF! | N29: =sum(#REF!,#REF!,#REF!,#REF!,#REF!,#REF!,FG!K1,FG!AB1,FG!K9,FG!AB9,FG!K17,FG!AB17,FG!K25,FG!AB25,FG!K33,FG!AB33,FG!K41,FG!AB41,FG!K49,FG!AB49) -> #REF! | O29: =sum(#REF!,#REF!,#REF!,#REF!,#REF!,#REF!,FG!L1,FG!AC1,FG!L9,FG!AC9,FG!L17,FG!AC17,FG!L25,FG!AC25,FG!L33,FG!AC33,FG!L41,FG!AC41,FG!L49,FG!AC49) -> #REF! | P29: =sum(#REF!,#REF!,#REF!,#REF!,#REF!,#REF!,FG!M1,FG!AD1,FG!M9,FG!AD9,FG!M17,FG!AD17,FG!M25,FG!AD25,FG!M33,FG!AD33,FG!M41,FG!AD41,FG!M49,FG!AD49) -> #REF! | Q29: =sum(#REF!,#REF!,#REF!,#REF!,#REF!,#REF!,FG!N1,FG!AE1,FG!N9,FG!AE9,FG!N17,FG!AE17,FG!N25,FG!AE25,FG!N33,FG!AE33,FG!N41,FG!AE41,FG!N49,FG!AE49) -> #REF! | R29: =sum(#REF!,#REF!,#REF!,#REF!,#REF!,#REF!,FG!O1,FG!AF1,FG!O9,FG!AF9,FG!O17,FG!AF17,FG!O25,FG!AF25,FG!O33,FG!AF33,FG!O41,FG!AF41,FG!O49,FG!AF49) -> #REF! | S29: =sum(#REF!,#REF!,#REF!,#REF!,#REF!,#REF!,FG!P1,FG!AG1,FG!P9,FG!AG9,FG!P17,FG!AG17,FG!P25,FG!AG25,FG!P33,FG!AG33,FG!P41,FG!AG41,FG!P49,FG!AG49) -> #REF! | T29: =J29/I29 -> #REF!
A30: Fruit Gang | B30: Mini Oreo Man | C30: =sum(D30:E30) -> 5 | D30: 3 | E30: 2 | F30: =sum(#REF!,#REF!,#REF!,#REF!,#REF!,#REF!,FG!C2,FG!T2,FG!C10,FG!T10,FG!C18,FG!T18,FG!C26,FG!T26,FG!C34,FG!T34,FG!C42,FG!T42,FG!C50,FG!T50) -> #REF! | G30: =sum(#REF!,#REF!,#REF!,#REF!,#REF!,#REF!,FG!D2,FG!U2,FG!D10,FG!U10,FG!D18,FG!U18,FG!D26,FG!U26,FG!D34,FG!U34,FG!D42,FG!U42,FG!D50,FG!U50) -> #REF! | H30: =sum(#REF!,#REF!,#REF!,#REF!,#REF!,#REF!,FG!E2,FG!V2,FG!E10,FG!V10,FG!E18,FG!V18,FG!E26,FG!V26,FG!E34,FG!V34,FG!E42,FG!V42,FG!E50,FG!V50) -> #REF! | I30: =sum(#REF!,#REF!,#REF!,#REF!,#REF!,#REF!,FG!F2,FG!W2,FG!F10,FG!W10,FG!F18,FG!W18,FG!F26,FG!W26,FG!F34,FG!W34,FG!F42,FG!W42,FG!F50,FG!W50) -> #REF! | J30: =sum(#REF!,#REF!,#REF!,#REF!,#REF!,#REF!,FG!G2,FG!X2,FG!G10,FG!X10,FG!G18,FG!X18,FG!G26,FG!X26,FG!G34,FG!X34,FG!G42,FG!X42,FG!G50,FG!X50) -> #REF! | K30: =sum(#REF!,#REF!,#REF!,#REF!,#REF!,#REF!,FG!H2,FG!Y2,FG!H10,FG!Y10,FG!H18,FG!Y18,FG!H26,FG!Y26,FG!H34,FG!Y34,FG!H42,FG!Y42,FG!H50,FG!Y50) -> #REF! | L30: =K30/(HOUR(J30)*60+(MINUTE(J30)+((SECOND(J30)/60)))) -> #REF! | M30: =sum(#REF!,#REF!,#REF!,#REF!,#REF!,#REF!,FG!J2,FG!AA2,FG!J10,FG!AA10,FG!J18,FG!AA18,FG!J26,FG!AA26,FG!J34,FG!AA34,FG!J42,FG!AA42,FG!J50,FG!AA50) -> #REF! | N30: =sum(#REF!,#REF!,#REF!,#REF!,#REF!,#REF!,FG!K2,FG!AB2,FG!K10,FG!AB10,FG!K18,FG!AB18,FG!K26,FG!AB26,FG!K34,FG!AB34,FG!K42,FG!AB42,FG!K50,FG!AB50) -> #REF! | O30: =sum(#REF!,#REF!,#REF!,#REF!,#REF!,#REF!,FG!L2,FG!AC2,FG!L10,FG!AC10,FG!L18,FG!AC18,FG!L26,FG!AC26,FG!L34,FG!AC34,FG!L42,FG!AC42,FG!L50,FG!AC50) -> #REF! | P30: =sum(#REF!,#REF!,#REF!,#REF!,#REF!,#REF!,FG!M2,FG!AD2,FG!M10,FG!AD10,FG!M18,FG!AD18,FG!M26,FG!AD26,FG!M34,FG!AD34,FG!M42,FG!AD42,FG!M50,FG!AD50) -> #REF! | Q30: =sum(#REF!,#REF!,#REF!,#REF!,#REF!,#REF!,FG!N2,FG!AE2,FG!N10,FG!AE10,FG!N18,FG!AE18,FG!N26,FG!AE26,FG!N34,FG!AE34,FG!N42,FG!AE42,FG!N50,FG!AE50) -> #REF! | R30: =sum(#REF!,#REF!,#REF!,#REF!,#REF!,#REF!,FG!O2,FG!AF2,FG!O10,FG!AF10,FG!O18,FG!AF18,FG!O26,FG!AF26,FG!O34,FG!AF34,FG!O42,FG!AF42,FG!O50,FG!AF50) -> #REF! | S30: =sum(#REF!,#REF!,#REF!,#REF!,#REF!,#REF!,FG!P2,FG!AG2,FG!P10,FG!AG10,FG!P18,FG!AG18,FG!P26,FG!AG26,FG!P34,FG!AG34,FG!P42,FG!AG42,FG!P50,FG!AG50) -> #REF! | T30: =J30/I30 -> #REF!

Sheet Game Results
A1: Week 1 | G1: Total Games Played
G2: =COUNTA(B:B) -> 98
A3: Winner | C3: Loser | D3: Host | E3: VOD | F3: Streamer
J4: Yung Humma
B5: 5-1 | C5: Limitless | D5: D.H. East | E5: https://www.twitch.tv/videos/877940002 | F5: Canon
A6: Limitless | B6: 5-1 | D6: D.H. North Central | K6: Yung Humma
I7: Fruit Gang
A8: Yung Humma | B8: 5-1 | D8: jbar | E8: https://www.twitch.tv/videos/878027140 | F8: Doerstopper | J8: Fruit Gang
A9: Yung Humma | B9: 5-4 | D9: Menz | I9: Rock Bottom
A11: Fruit Gang | B11: 5-0 | C11: Chaos of the Missing Pens | D11: BCK | E11: https://www.twitch.tv/videos/879271821 | F11: IcyTanker
A12: Fruit Gang | B12: 5-2 | C12: Chaos of the Missing Pens | D12: Doer
J13: Only in Dreams
A14: Bridge For Host | B14: 5-4 | C14: Fruit Gang | D14: BCK | E14: https://www.twitch.tv/videos/881819066 | F14: Ace B Silent
A15: Fruit Gang | B15: 5-4 | C15: Bridge For Host | D15: D.H. South Central | K15: Only in Dreams
A17: Rock Bottom | B17: 5-4 | C17: Limitless | D17: D.H. SC | E17: https://www.twitch.tv/videos/881686888 | F17: Regresser | J17: Limitless
A18: Limitless | B18: 5-4 | C18: Rock Bottom | D18: Snipez | F18: IcyTanker
A20: DBAGS | B20: 5-2 | D20: Robot | E20: https://www.twitch.tv/videos/882979555 | F20: Scet
A21: DBAGS | B21: 5-2 | D21: BCK
A23: Limitless | B23: 5-1 | C23: DBAGS | D23: Halfbreed | E23: https://www.twitch.tv/videos/884351834 | F23: Scet
A26: Week 2 | G26: Hosts
A28: Winner | C28: Loser | D28: Host | E28: VOD
B30: 5-3 | C30: Rock Bottom | D30: D.H. NC | E30: https://www.twitch.tv/videos/888226100 | F30: Regresser
B31: 5-4 | C31: Rock Bottom | D31: Menz
A33: Rock Bottom | B33: 5-4 | C33: Poisonous If Eaten | D33: Conra | E33: https://www.twitch.tv/videos/888358610 | F33: Silva
A34: Rock Bottom | B34: 5-3 | C34: Poisonous If Eaten | D34: BCK | F34: Regresser
A36: Limitless | B36: 5-3 | C36: Poisonous If Eaten | D36: Nihilus | E36: https://www.twitch.tv/videos/892063477 | F36: Silva
A37: Limitless | B37: 5-1 | C37: Poisonous If Eaten | D37: Nkot | I37: https://clips.twitch.tv/WimpyRudePresidentItsBoshyTime
A39: DBAGS | B39: 5-4 | C39: Limitless | D39: D.H. SC | E39: https://clips.twitch.tv/WimpyRudePresidentItsBoshyTime | F39: Scet
A40: Limitless | B40: 5-3 | C40: Bridge For Host | D40: Halfbreed | E40: https://www.twitch.tv/videos/893451094 (1:07:55) | F40: Rage More Nerd
A42: Chaos of the Missing Pens | B42: 5-3 | C42: DBAGS | D42: D.H. NC | E42: https://clips.twitch.tv/PlausibleSlipperyTigerOhMyDog | F42: Scet
A43: DBAGS | B43: 5-2 | C43: Chaos of the Missing Pens | D43: Ace | E43: https://clips.twitch.tv/DeterminedCourageousGnatKreygasm | F43: Scet
A45: Limitless | B45: 5-4 | C45: Yung Humma | D45: jbar | E45: https://www.twitch.tv/videos/896217372 | F45: Doer
A46: Limitless | B46: 5-4 | C46: Yung Humma | D46: Snipez
A49: Week 3
A51: Winner | C51: Loser | D51: Host | E51: VOD
A53: Yung Humma | B53: 5-2 | C53: Rock Bottom | D53: Sab | E53: https://www.twitch.tv/videos/897458603 | F53: Doer
A54: Rock Bottom | B54: 5-1 | C54: Yung Humma | D54: Ace | F54: Regresser
A56: Yung Humma | B56: 5-0 | C56: Bridge For Host | D56: jbar | E56: https://www.twitch.tv/videos/897458603 | F56: Doer
A57: Bridge For Host | B57: 5-4 | C57: Yung Humma | D57: BCK | F57: Ace/Rage
